timestamp,drone_1_x,drone_1_y,drone_1_z,drone_1_vx,drone_1_vy,drone_1_vz,drone_1_battery,drone_1_state,drone_1_health,drone_2_x,drone_2_y,drone_2_z,drone_2_vx,drone_2_vy,drone_2_vz,drone_2_battery,drone_2_state,drone_2_health,drone_3_x,drone_3_y,drone_3_z,drone_3_vx,drone_3_vy,drone_3_vz,drone_3_battery,drone_3_state,drone_3_health,drone_4_x,drone_4_y,drone_4_z,drone_4_vx,drone_4_vy,drone_4_vz,drone_4_battery,drone_4_state,drone_4_health,drone_5_x,drone_5_y,drone_5_z,drone_5_vx,drone_5_vy,drone_5_vz,drone_5_battery,drone_5_state,drone_5_health,formation_error,mission_state,mission_progress
1779448207.4495902,0.0,0.0,1.0,0.0,0.0,0.0,100.0,DISARMED,1,0.0,0.0,0.0,0.0,0.0,0.0,100.0,UNKNOWN,1,0.0,0.0,0.0,0.0,0.0,0.0,100.0,UNKNOWN,1,0.0,0.0,0.0,0.0,0.0,0.0,100.0,UNKNOWN,1,0.0,0.0,0.0,0.0,0.0,0.0,100.0,UNKNOWN,1,9.685040473937988,IDLE,0.0
1779448207.514648,0.0,0.0,1.0,0.0,0.0,0.0,100.0,DISARMED,1,0.0,0.0,0.0,0.0,0.0,0.0,100.0,UNKNOWN,1,0.0,0.0,0.0,0.0,0.0,0.0,100.0,UNKNOWN,1,0.0,0.0,0.0,0.0,0.0,0.0,100.0,UNKNOWN,1,0.0,0.0,0.0,0.0,0.0,0.0,100.0,UNKNOWN,1,9.685040473937988,IDLE,0.0
1779448207.6372008,0.0,0.0,1.0,0.0,0.0,0.0,100.0,DISARMED,1,0.0,0.0,0.0,0.0,0.0,0.0,100.0,UNKNOWN,1,0.0,0.0,0.0,0.0,0.0,0.0,100.0,UNKNOWN,1,0.0,0.0,0.0,0.0,0.0,0.0,100.0,UNKNOWN,1,0.0,0.0,0.0,0.0,0.0,0.0,100.0,UNKNOWN,1,9.685040473937988,IDLE,0.0
1779448207.8390436,0.0,0.0,1.0,0.0,0.0,0.0,100.0,DISARMED,1,0.0,0.0,0.0,0.0,0.0,0.0,100.0,UNKNOWN,1,0.0,0.0,0.0,0.0,0.0,0.0,100.0,UNKNOWN,1,0.0,0.0,0.0,0.0,0.0,0.0,100.0,UNKNOWN,1,0.0,0.0,0.0,0.0,0.0,0.0,100.0,UNKNOWN,1,9.685040473937988,IDLE,0.0
1779448208.0336583,0.0,0.0,1.0,0.0,0.0,0.0,100.0,DISARMED,1,0.0,0.0,0.0,0.0,0.0,0.0,100.0,UNKNOWN,1,0.0,0.0,0.0,0.0,0.0,0.0,100.0,UNKNOWN,1,0.0,0.0,0.0,0.0,0.0,0.0,100.0,UNKNOWN,1,0.0,0.0,0.0,0.0,0.0,0.0,100.0,UNKNOWN,1,9.685040473937988,IDLE,0.0
1779448208.1902905,0.0,0.0,1.0,0.0,0.0,0.0,100.0,DISARMED,1,0.0,0.0,0.0,0.0,0.0,0.0,100.0,UNKNOWN,1,0.0,0.0,0.0,0.0,0.0,0.0,100.0,UNKNOWN,1,0.0,0.0,0.0,0.0,0.0,0.0,100.0,UNKNOWN,1,0.0,0.0,0.0,0.0,0.0,0.0,100.0,UNKNOWN,1,9.685040473937988,IDLE,0.0
1779448208.6944218,0.0,0.0,1.0,0.0,0.0,0.0,100.0,DISARMED,1,0.0,0.0,0.0,0.0,0.0,0.0,100.0,UNKNOWN,1,0.0,0.0,0.0,0.0,0.0,0.0,100.0,UNKNOWN,1,0.0,0.0,0.0,0.0,0.0,0.0,100.0,UNKNOWN,1,0.0,0.0,0.0,0.0,0.0,0.0,100.0,UNKNOWN,1,9.685040473937988,IDLE,0.0
1779448208.8641565,0.0,0.0,1.0,0.0,0.0,0.0,100.0,DISARMED,1,0.0,0.0,0.0,0.0,0.0,0.0,100.0,UNKNOWN,1,0.0,0.0,0.0,0.0,0.0,0.0,100.0,UNKNOWN,1,0.0,0.0,0.0,0.0,0.0,0.0,100.0,UNKNOWN,1,0.0,0.0,0.0,0.0,0.0,0.0,100.0,UNKNOWN,1,9.685040473937988,IDLE,0.0
1779448209.0071743,0.0,0.0,1.0,0.0,0.0,0.0,100.0,DISARMED,1,0.0,0.0,0.0,0.0,0.0,0.0,100.0,UNKNOWN,1,0.0,0.0,0.0,0.0,0.0,0.0,100.0,UNKNOWN,1,0.0,0.0,0.0,0.0,0.0,0.0,100.0,UNKNOWN,1,0.0,0.0,0.0,0.0,0.0,0.0,100.0,UNKNOWN,1,9.685040473937988,IDLE,0.0
1779448209.092419,0.0,0.0,1.0,0.0,0.0,0.0,100.0,DISARMED,1,0.0,0.0,0.0,0.0,0.0,0.0,100.0,UNKNOWN,1,0.0,0.0,0.0,0.0,0.0,0.0,100.0,UNKNOWN,1,0.0,0.0,0.0,0.0,0.0,0.0,100.0,UNKNOWN,1,0.0,0.0,0.0,0.0,0.0,0.0,100.0,UNKNOWN,1,9.685040473937988,IDLE,0.0
1779448209.2691584,0.0,0.0,1.0,0.0,0.0,0.0,100.0,DISARMED,1,0.0,0.0,0.0,0.0,0.0,0.0,100.0,UNKNOWN,1,0.0,0.0,0.0,0.0,0.0,0.0,100.0,UNKNOWN,1,0.0,0.0,0.0,0.0,0.0,0.0,100.0,UNKNOWN,1,0.0,0.0,0.0,0.0,0.0,0.0,100.0,UNKNOWN,1,9.685040473937988,IDLE,0.0
1779448209.7095954,0.0,0.0,1.0,0.0,0.0,0.0,100.0,DISARMED,1,0.0,0.0,0.0,0.0,0.0,0.0,100.0,UNKNOWN,1,0.0,0.0,0.0,0.0,0.0,0.0,100.0,UNKNOWN,1,0.0,0.0,0.0,0.0,0.0,0.0,100.0,UNKNOWN,1,0.0,0.0,0.0,0.0,0.0,0.0,100.0,UNKNOWN,1,9.685040473937988,IDLE,0.0
1779448209.8494613,0.0,0.0,1.0,0.0,0.0,0.0,100.0,DISARMED,1,0.0,0.0,0.0,0.0,0.0,0.0,100.0,UNKNOWN,1,0.0,0.0,0.0,0.0,0.0,0.0,100.0,UNKNOWN,1,0.0,0.0,0.0,0.0,0.0,0.0,100.0,UNKNOWN,1,0.0,0.0,0.0,0.0,0.0,0.0,100.0,UNKNOWN,1,9.685040473937988,IDLE,0.0
1779448210.0084283,0.0,0.0,1.0,0.0,0.0,0.0,100.0,DISARMED,1,0.0,0.0,0.0,0.0,0.0,0.0,100.0,UNKNOWN,1,0.0,0.0,0.0,0.0,0.0,0.0,100.0,UNKNOWN,1,0.0,0.0,0.0,0.0,0.0,0.0,100.0,UNKNOWN,1,0.0,0.0,0.0,0.0,0.0,0.0,100.0,UNKNOWN,1,9.685040473937988,IDLE,0.0
1779448210.184559,0.0,0.0,1.0,0.0,0.0,0.0,100.0,DISARMED,1,0.0,0.0,0.0,0.0,0.0,0.0,100.0,UNKNOWN,1,0.0,0.0,0.0,0.0,0.0,0.0,100.0,UNKNOWN,1,0.0,0.0,0.0,0.0,0.0,0.0,100.0,UNKNOWN,1,0.0,0.0,0.0,0.0,0.0,0.0,100.0,UNKNOWN,1,9.685040473937988,IDLE,0.0
1779448210.2771237,0.0,0.0,1.0,0.0,0.0,0.0,100.0,DISARMED,1,0.0,0.0,0.0,0.0,0.0,0.0,100.0,UNKNOWN,1,0.0,0.0,0.0,0.0,0.0,0.0,100.0,UNKNOWN,1,0.0,0.0,0.0,0.0,0.0,0.0,100.0,UNKNOWN,1,0.0,0.0,0.0,0.0,0.0,0.0,100.0,UNKNOWN,1,9.685040473937988,IDLE,0.0
1779448210.84221,0.0,0.0,1.0,0.0,0.0,0.0,100.0,DISARMED,1,0.0,0.0,0.0,0.0,0.0,0.0,100.0,UNKNOWN,1,0.0,0.0,0.0,0.0,0.0,0.0,100.0,UNKNOWN,1,0.0,0.0,0.0,0.0,0.0,0.0,100.0,UNKNOWN,1,0.0,0.0,0.0,0.0,0.0,0.0,100.0,UNKNOWN,1,9.685040473937988,IDLE,0.0
1779448210.9170785,0.0,0.0,1.0,0.0,0.0,0.0,100.0,DISARMED,1,0.0,0.0,0.0,0.0,0.0,0.0,100.0,UNKNOWN,1,0.0,0.0,0.0,0.0,0.0,0.0,100.0,UNKNOWN,1,0.0,0.0,0.0,0.0,0.0,0.0,100.0,UNKNOWN,1,0.0,0.0,0.0,0.0,0.0,0.0,100.0,UNKNOWN,1,9.685040473937988,IDLE,0.0
1779448211.004875,0.0,0.0,1.0,0.0,0.0,0.0,100.0,DISARMED,1,0.0,0.0,0.0,0.0,0.0,0.0,100.0,UNKNOWN,1,0.0,0.0,0.0,0.0,0.0,0.0,100.0,UNKNOWN,1,0.0,0.0,0.0,0.0,0.0,0.0,100.0,UNKNOWN,1,0.0,0.0,0.0,0.0,0.0,0.0,100.0,UNKNOWN,1,9.685040473937988,IDLE,0.0
1779448211.2096174,0.0,0.0,1.0,0.0,0.0,0.0,100.0,DISARMED,1,0.0,0.0,0.0,0.0,0.0,0.0,100.0,UNKNOWN,1,0.0,0.0,0.0,0.0,0.0,0.0,100.0,UNKNOWN,1,0.0,0.0,0.0,0.0,0.0,0.0,100.0,UNKNOWN,1,0.0,0.0,0.0,0.0,0.0,0.0,100.0,UNKNOWN,1,9.685040473937988,IDLE,0.0
1779448211.5196695,0.0,0.0,1.0,0.0,0.0,0.0,100.0,DISARMED,1,0.0,0.0,0.0,0.0,0.0,0.0,100.0,UNKNOWN,1,0.0,0.0,0.0,0.0,0.0,0.0,100.0,UNKNOWN,1,0.0,0.0,0.0,0.0,0.0,0.0,100.0,UNKNOWN,1,0.0,0.0,0.0,0.0,0.0,0.0,100.0,UNKNOWN,1,9.685040473937988,IDLE,0.0
1779448211.6977577,0.0,0.0,1.0,0.0,0.0,0.0,100.0,DISARMED,1,0.0,0.0,0.0,0.0,0.0,0.0,100.0,UNKNOWN,1,0.0,0.0,0.0,0.0,0.0,0.0,100.0,UNKNOWN,1,0.0,0.0,0.0,0.0,0.0,0.0,100.0,UNKNOWN,1,0.0,0.0,0.0,0.0,0.0,0.0,100.0,UNKNOWN,1,9.685040473937988,IDLE,0.0
1779448211.9974895,0.0,0.0,1.0,0.0,0.0,0.0,100.0,DISARMED,1,0.0,0.0,0.0,0.0,0.0,0.0,100.0,UNKNOWN,1,0.0,0.0,0.0,0.0,0.0,0.0,100.0,UNKNOWN,1,0.0,0.0,0.0,0.0,0.0,0.0,100.0,UNKNOWN,1,0.0,0.0,0.0,0.0,0.0,0.0,100.0,UNKNOWN,1,9.685040473937988,IDLE,0.0
1779448212.1212175,0.0,0.0,1.0,0.0,0.0,0.0,100.0,DISARMED,1,0.0,0.0,0.0,0.0,0.0,0.0,100.0,UNKNOWN,1,0.0,0.0,0.0,0.0,0.0,0.0,100.0,UNKNOWN,1,0.0,0.0,0.0,0.0,0.0,0.0,100.0,UNKNOWN,1,0.0,0.0,0.0,0.0,0.0,0.0,100.0,UNKNOWN,1,9.685040473937988,IDLE,0.0
1779448212.247864,0.0,0.0,1.0,0.0,0.0,0.0,100.0,DISARMED,1,0.0,0.0,0.0,0.0,0.0,0.0,100.0,UNKNOWN,1,0.0,0.0,0.0,0.0,0.0,0.0,100.0,UNKNOWN,1,0.0,0.0,0.0,0.0,0.0,0.0,100.0,UNKNOWN,1,0.0,0.0,0.0,0.0,0.0,0.0,100.0,UNKNOWN,1,9.685040473937988,IDLE,0.0
1779448212.4503114,0.0,0.0,1.0,0.0,0.0,0.0,100.0,DISARMED,1,0.0,0.0,0.0,0.0,0.0,0.0,100.0,UNKNOWN,1,0.0,0.0,0.0,0.0,0.0,0.0,100.0,UNKNOWN,1,0.0,0.0,0.0,0.0,0.0,0.0,100.0,UNKNOWN,1,0.0,0.0,0.0,0.0,0.0,0.0,100.0,UNKNOWN,1,9.685040473937988,IDLE,0.0
1779448212.5347118,0.0,0.0,1.0,0.0,0.0,0.0,100.0,DISARMED,1,0.0,0.0,0.0,0.0,0.0,0.0,100.0,UNKNOWN,1,0.0,0.0,0.0,0.0,0.0,0.0,100.0,UNKNOWN,1,0.0,0.0,0.0,0.0,0.0,0.0,100.0,UNKNOWN,1,0.0,0.0,0.0,0.0,0.0,0.0,100.0,UNKNOWN,1,9.685040473937988,IDLE,0.0
1779448212.6043613,0.0,0.0,1.0,0.0,0.0,0.0,100.0,DISARMED,1,0.0,0.0,0.0,0.0,0.0,0.0,100.0,UNKNOWN,1,0.0,0.0,0.0,0.0,0.0,0.0,100.0,UNKNOWN,1,0.0,0.0,0.0,0.0,0.0,0.0,100.0,UNKNOWN,1,0.0,0.0,0.0,0.0,0.0,0.0,100.0,UNKNOWN,1,9.685040473937988,IDLE,0.0
1779448212.715184,0.0,0.0,1.0,0.0,0.0,0.0,100.0,DISARMED,1,0.0,0.0,0.0,0.0,0.0,0.0,100.0,UNKNOWN,1,0.0,0.0,0.0,0.0,0.0,0.0,100.0,UNKNOWN,1,0.0,0.0,0.0,0.0,0.0,0.0,100.0,UNKNOWN,1,0.0,0.0,0.0,0.0,0.0,0.0,100.0,UNKNOWN,1,9.685040473937988,IDLE,0.0
1779448212.838677,0.0,0.0,1.0,0.0,0.0,0.0,100.0,DISARMED,1,0.0,0.0,0.0,0.0,0.0,0.0,100.0,UNKNOWN,1,0.0,0.0,0.0,0.0,0.0,0.0,100.0,UNKNOWN,1,0.0,0.0,0.0,0.0,0.0,0.0,100.0,UNKNOWN,1,0.0,0.0,0.0,0.0,0.0,0.0,100.0,UNKNOWN,1,9.685040473937988,IDLE,0.0
1779448212.919291,0.0,0.0,1.0,0.0,0.0,0.0,100.0,DISARMED,1,0.0,0.0,0.0,0.0,0.0,0.0,100.0,UNKNOWN,1,0.0,0.0,0.0,0.0,0.0,0.0,100.0,UNKNOWN,1,0.0,0.0,0.0,0.0,0.0,0.0,100.0,UNKNOWN,1,0.0,0.0,0.0,0.0,0.0,0.0,100.0,UNKNOWN,1,9.685040473937988,IDLE,0.0
1779448213.061345,0.0,0.0,1.0,0.0,0.0,0.0,100.0,DISARMED,1,0.0,0.0,0.0,0.0,0.0,0.0,100.0,UNKNOWN,1,0.0,0.0,0.0,0.0,0.0,0.0,100.0,UNKNOWN,1,0.0,0.0,0.0,0.0,0.0,0.0,100.0,UNKNOWN,1,0.0,0.0,0.0,0.0,0.0,0.0,100.0,UNKNOWN,1,9.685040473937988,IDLE,0.0
1779448213.241305,0.0,0.0,1.0,0.0,0.0,0.0,100.0,DISARMED,1,0.0,0.0,0.0,0.0,0.0,0.0,100.0,UNKNOWN,1,0.0,0.0,0.0,0.0,0.0,0.0,100.0,UNKNOWN,1,0.0,0.0,0.0,0.0,0.0,0.0,100.0,UNKNOWN,1,0.0,0.0,0.0,0.0,0.0,0.0,100.0,UNKNOWN,1,9.685040473937988,IDLE,0.0
1779448213.6282396,0.0,0.0,1.0,0.0,0.0,0.0,100.0,DISARMED,1,0.0,0.0,0.0,0.0,0.0,0.0,100.0,UNKNOWN,1,0.0,0.0,0.0,0.0,0.0,0.0,100.0,UNKNOWN,1,0.0,0.0,0.0,0.0,0.0,0.0,100.0,UNKNOWN,1,0.0,0.0,0.0,0.0,0.0,0.0,100.0,UNKNOWN,1,9.685040473937988,IDLE,0.0
1779448213.6965272,0.0,0.0,1.0,0.0,0.0,0.0,100.0,DISARMED,1,0.0,0.0,0.0,0.0,0.0,0.0,100.0,UNKNOWN,1,0.0,0.0,0.0,0.0,0.0,0.0,100.0,UNKNOWN,1,0.0,0.0,0.0,0.0,0.0,0.0,100.0,UNKNOWN,1,0.0,0.0,0.0,0.0,0.0,0.0,100.0,UNKNOWN,1,9.685040473937988,IDLE,0.0
1779448213.8631086,0.0,0.0,1.0,0.0,0.0,0.0,100.0,DISARMED,1,0.0,0.0,0.0,0.0,0.0,0.0,100.0,UNKNOWN,1,0.0,0.0,0.0,0.0,0.0,0.0,100.0,UNKNOWN,1,0.0,0.0,0.0,0.0,0.0,0.0,100.0,UNKNOWN,1,0.0,0.0,0.0,0.0,0.0,0.0,100.0,UNKNOWN,1,9.685040473937988,IDLE,0.0
1779448213.88828,0.0,0.0,1.0,0.0,0.0,0.0,100.0,DISARMED,1,0.0,0.0,0.0,0.0,0.0,0.0,100.0,UNKNOWN,1,0.0,0.0,0.0,0.0,0.0,0.0,100.0,UNKNOWN,1,0.0,0.0,0.0,0.0,0.0,0.0,100.0,UNKNOWN,1,0.0,0.0,0.0,0.0,0.0,0.0,100.0,UNKNOWN,1,9.685040473937988,IDLE,0.0
1779448214.0328953,0.0,0.0,1.0,0.0,0.0,0.0,100.0,DISARMED,1,0.0,0.0,0.0,0.0,0.0,0.0,100.0,UNKNOWN,1,0.0,0.0,0.0,0.0,0.0,0.0,100.0,UNKNOWN,1,0.0,0.0,0.0,0.0,0.0,0.0,100.0,UNKNOWN,1,0.0,0.0,0.0,0.0,0.0,0.0,100.0,UNKNOWN,1,9.685040473937988,IDLE,0.0
1779448214.1095152,0.0,0.0,1.0,0.0,0.0,0.0,100.0,DISARMED,1,0.0,0.0,0.0,0.0,0.0,0.0,100.0,UNKNOWN,1,0.0,0.0,0.0,0.0,0.0,0.0,100.0,UNKNOWN,1,0.0,0.0,0.0,0.0,0.0,0.0,100.0,UNKNOWN,1,0.0,0.0,0.0,0.0,0.0,0.0,100.0,UNKNOWN,1,9.685040473937988,IDLE,0.0
1779448214.228023,0.0,0.0,1.0,0.0,0.0,0.0,100.0,DISARMED,1,0.0,0.0,0.0,0.0,0.0,0.0,100.0,UNKNOWN,1,0.0,0.0,0.0,0.0,0.0,0.0,100.0,UNKNOWN,1,0.0,0.0,0.0,0.0,0.0,0.0,100.0,UNKNOWN,1,0.0,0.0,0.0,0.0,0.0,0.0,100.0,UNKNOWN,1,9.685040473937988,IDLE,0.0
1779448214.507525,0.0,0.0,1.0,0.0,0.0,0.0,100.0,DISARMED,1,0.0,0.0,0.0,0.0,0.0,0.0,100.0,UNKNOWN,1,0.0,0.0,0.0,0.0,0.0,0.0,100.0,UNKNOWN,1,0.0,0.0,0.0,0.0,0.0,0.0,100.0,UNKNOWN,1,0.0,0.0,0.0,0.0,0.0,0.0,100.0,UNKNOWN,1,9.685040473937988,IDLE,0.0
1779448214.6220832,0.0,0.0,1.0,0.0,0.0,0.0,100.0,DISARMED,1,0.0,0.0,0.0,0.0,0.0,0.0,100.0,UNKNOWN,1,0.0,0.0,0.0,0.0,0.0,0.0,100.0,UNKNOWN,1,0.0,0.0,0.0,0.0,0.0,0.0,100.0,UNKNOWN,1,0.0,0.0,0.0,0.0,0.0,0.0,100.0,UNKNOWN,1,9.685040473937988,IDLE,0.0
1779448214.7316182,0.0,0.0,1.0,0.0,0.0,0.0,100.0,DISARMED,1,0.0,0.0,0.0,0.0,0.0,0.0,100.0,UNKNOWN,1,0.0,0.0,0.0,0.0,0.0,0.0,100.0,UNKNOWN,1,0.0,0.0,0.0,0.0,0.0,0.0,100.0,UNKNOWN,1,0.0,0.0,0.0,0.0,0.0,0.0,100.0,UNKNOWN,1,9.685040473937988,IDLE,0.0
1779448214.7970421,0.0,0.0,1.0,0.0,0.0,0.0,100.0,DISARMED,1,0.0,0.0,0.0,0.0,0.0,0.0,100.0,UNKNOWN,1,0.0,0.0,0.0,0.0,0.0,0.0,100.0,UNKNOWN,1,0.0,0.0,0.0,0.0,0.0,0.0,100.0,UNKNOWN,1,0.0,0.0,0.0,0.0,0.0,0.0,100.0,UNKNOWN,1,9.685040473937988,IDLE,0.0
1779448214.8993955,0.0,0.0,1.0,0.0,0.0,0.0,100.0,DISARMED,1,0.0,0.0,0.0,0.0,0.0,0.0,100.0,UNKNOWN,1,0.0,0.0,0.0,0.0,0.0,0.0,100.0,UNKNOWN,1,0.0,0.0,0.0,0.0,0.0,0.0,100.0,UNKNOWN,1,0.0,0.0,0.0,0.0,0.0,0.0,100.0,UNKNOWN,1,9.685040473937988,IDLE,0.0
1779448215.0131762,0.0,0.0,1.0,0.0,0.0,0.0,100.0,DISARMED,1,0.0,0.0,0.0,0.0,0.0,0.0,100.0,UNKNOWN,1,0.0,0.0,0.0,0.0,0.0,0.0,100.0,UNKNOWN,1,0.0,0.0,0.0,0.0,0.0,0.0,100.0,UNKNOWN,1,0.0,0.0,0.0,0.0,0.0,0.0,100.0,UNKNOWN,1,9.685040473937988,IDLE,0.0
1779448215.1106248,0.0,0.0,1.0,0.0,0.0,0.0,100.0,DISARMED,1,0.0,0.0,0.0,0.0,0.0,0.0,100.0,UNKNOWN,1,0.0,0.0,0.0,0.0,0.0,0.0,100.0,UNKNOWN,1,0.0,0.0,0.0,0.0,0.0,0.0,100.0,UNKNOWN,1,0.0,0.0,0.0,0.0,0.0,0.0,100.0,UNKNOWN,1,9.685040473937988,IDLE,0.0
1779448215.8789017,0.0,0.0,1.0,0.0,0.0,0.0,100.0,DISARMED,1,0.0,0.0,0.0,0.0,0.0,0.0,100.0,UNKNOWN,1,0.0,0.0,0.0,0.0,0.0,0.0,100.0,UNKNOWN,1,0.0,0.0,0.0,0.0,0.0,0.0,100.0,UNKNOWN,1,0.0,0.0,0.0,0.0,0.0,0.0,100.0,UNKNOWN,1,9.685040473937988,IDLE,0.0
1779448215.9924664,0.0,0.0,1.0,0.0,0.0,0.0,100.0,DISARMED,1,0.0,0.0,0.0,0.0,0.0,0.0,100.0,UNKNOWN,1,0.0,0.0,0.0,0.0,0.0,0.0,100.0,UNKNOWN,1,0.0,0.0,0.0,0.0,0.0,0.0,100.0,UNKNOWN,1,0.0,0.0,0.0,0.0,0.0,0.0,100.0,UNKNOWN,1,9.685040473937988,IDLE,0.0
1779448216.1053128,0.0,0.0,1.0,0.0,0.0,0.0,100.0,DISARMED,1,0.0,0.0,0.0,0.0,0.0,0.0,100.0,UNKNOWN,1,0.0,0.0,0.0,0.0,0.0,0.0,100.0,UNKNOWN,1,0.0,0.0,0.0,0.0,0.0,0.0,100.0,UNKNOWN,1,0.0,0.0,0.0,0.0,0.0,0.0,100.0,UNKNOWN,1,9.685040473937988,IDLE,0.0
1779448216.4183486,0.0,0.0,1.0,0.0,0.0,0.0,100.0,DISARMED,1,0.0,0.0,0.0,0.0,0.0,0.0,100.0,UNKNOWN,1,0.0,0.0,0.0,0.0,0.0,0.0,100.0,UNKNOWN,1,0.0,0.0,0.0,0.0,0.0,0.0,100.0,UNKNOWN,1,0.0,0.0,0.0,0.0,0.0,0.0,100.0,UNKNOWN,1,9.685040473937988,IDLE,0.0
1779448216.7112823,0.0,0.0,1.0,0.0,0.0,0.0,100.0,DISARMED,1,0.0,0.0,0.0,0.0,0.0,0.0,100.0,UNKNOWN,1,0.0,0.0,0.0,0.0,0.0,0.0,100.0,UNKNOWN,1,0.0,0.0,0.0,0.0,0.0,0.0,100.0,UNKNOWN,1,0.0,0.0,0.0,0.0,0.0,0.0,100.0,UNKNOWN,1,9.685040473937988,IDLE,0.0
1779448216.9184482,0.0,0.0,1.0,0.0,0.0,0.0,100.0,DISARMED,1,0.0,0.0,0.0,0.0,0.0,0.0,100.0,UNKNOWN,1,0.0,0.0,0.0,0.0,0.0,0.0,100.0,UNKNOWN,1,0.0,0.0,0.0,0.0,0.0,0.0,100.0,UNKNOWN,1,0.0,0.0,0.0,0.0,0.0,0.0,100.0,UNKNOWN,1,9.685040473937988,IDLE,0.0
1779448217.0561194,0.0,0.0,1.0,0.0,0.0,0.0,100.0,DISARMED,1,0.0,0.0,0.0,0.0,0.0,0.0,100.0,UNKNOWN,1,0.0,0.0,0.0,0.0,0.0,0.0,100.0,UNKNOWN,1,0.0,0.0,0.0,0.0,0.0,0.0,100.0,UNKNOWN,1,0.0,0.0,0.0,0.0,0.0,0.0,100.0,UNKNOWN,1,9.685040473937988,IDLE,0.0
1779448217.1016238,0.0,0.0,1.0,0.0,0.0,0.0,100.0,DISARMED,1,0.0,0.0,0.0,0.0,0.0,0.0,100.0,UNKNOWN,1,0.0,0.0,0.0,0.0,0.0,0.0,100.0,UNKNOWN,1,0.0,0.0,0.0,0.0,0.0,0.0,100.0,UNKNOWN,1,0.0,0.0,0.0,0.0,0.0,0.0,100.0,UNKNOWN,1,9.685040473937988,IDLE,0.0
1779448217.2325583,0.0,0.0,1.0,0.0,0.0,0.0,100.0,DISARMED,1,0.0,0.0,0.0,0.0,0.0,0.0,100.0,UNKNOWN,1,0.0,0.0,0.0,0.0,0.0,0.0,100.0,UNKNOWN,1,0.0,0.0,0.0,0.0,0.0,0.0,100.0,UNKNOWN,1,0.0,0.0,0.0,0.0,0.0,0.0,100.0,UNKNOWN,1,9.685040473937988,IDLE,0.0
1779448217.6692004,0.0,0.0,1.0,0.0,0.0,0.0,100.0,DISARMED,1,0.0,0.0,0.0,0.0,0.0,0.0,100.0,UNKNOWN,1,0.0,0.0,0.0,0.0,0.0,0.0,100.0,UNKNOWN,1,0.0,0.0,0.0,0.0,0.0,0.0,100.0,UNKNOWN,1,0.0,0.0,0.0,0.0,0.0,0.0,100.0,UNKNOWN,1,9.685040473937988,IDLE,0.0
1779448217.7844017,0.0,0.0,1.0,0.0,0.0,0.0,100.0,DISARMED,1,0.0,0.0,0.0,0.0,0.0,0.0,100.0,UNKNOWN,1,0.0,0.0,0.0,0.0,0.0,0.0,100.0,UNKNOWN,1,0.0,0.0,0.0,0.0,0.0,0.0,100.0,UNKNOWN,1,0.0,0.0,0.0,0.0,0.0,0.0,100.0,UNKNOWN,1,9.685040473937988,IDLE,0.0
1779448217.8284974,0.0,0.0,1.0,0.0,0.0,0.0,100.0,DISARMED,1,0.0,0.0,0.0,0.0,0.0,0.0,100.0,UNKNOWN,1,0.0,0.0,0.0,0.0,0.0,0.0,100.0,UNKNOWN,1,0.0,0.0,0.0,0.0,0.0,0.0,100.0,UNKNOWN,1,0.0,0.0,0.0,0.0,0.0,0.0,100.0,UNKNOWN,1,9.685040473937988,IDLE,0.0
1779448217.986277,0.0,0.0,1.0,0.0,0.0,0.0,100.0,DISARMED,1,0.0,0.0,0.0,0.0,0.0,0.0,100.0,UNKNOWN,1,0.0,0.0,0.0,0.0,0.0,0.0,100.0,UNKNOWN,1,0.0,0.0,0.0,0.0,0.0,0.0,100.0,UNKNOWN,1,0.0,0.0,0.0,0.0,0.0,0.0,100.0,UNKNOWN,1,9.685040473937988,IDLE,0.0
1779448217.9924872,0.0,0.0,1.0,0.0,0.0,0.0,100.0,DISARMED,1,0.0,0.0,0.0,0.0,0.0,0.0,100.0,UNKNOWN,1,0.0,0.0,0.0,0.0,0.0,0.0,100.0,UNKNOWN,1,0.0,0.0,0.0,0.0,0.0,0.0,100.0,UNKNOWN,1,0.0,0.0,0.0,0.0,0.0,0.0,100.0,UNKNOWN,1,9.685040473937988,IDLE,0.0
1779448218.0996802,0.0,0.0,1.0,0.0,0.0,0.0,100.0,DISARMED,1,0.0,0.0,0.0,0.0,0.0,0.0,100.0,UNKNOWN,1,0.0,0.0,0.0,0.0,0.0,0.0,100.0,UNKNOWN,1,0.0,0.0,0.0,0.0,0.0,0.0,100.0,UNKNOWN,1,0.0,0.0,0.0,0.0,0.0,0.0,100.0,UNKNOWN,1,9.685040473937988,IDLE,0.0
1779448218.2212698,0.0,0.0,1.0,0.0,0.0,0.0,100.0,DISARMED,1,0.0,0.0,0.0,0.0,0.0,0.0,100.0,UNKNOWN,1,0.0,0.0,0.0,0.0,0.0,0.0,100.0,UNKNOWN,1,0.0,0.0,0.0,0.0,0.0,0.0,100.0,UNKNOWN,1,0.0,0.0,0.0,0.0,0.0,0.0,100.0,UNKNOWN,1,9.685040473937988,IDLE,0.0
1779448218.571652,0.0,0.0,1.0,0.0,0.0,0.0,100.0,DISARMED,1,0.0,0.0,0.0,0.0,0.0,0.0,100.0,UNKNOWN,1,0.0,0.0,0.0,0.0,0.0,0.0,100.0,UNKNOWN,1,0.0,0.0,0.0,0.0,0.0,0.0,100.0,UNKNOWN,1,0.0,0.0,0.0,0.0,0.0,0.0,100.0,UNKNOWN,1,9.685040473937988,IDLE,0.0
1779448218.6041985,0.0,0.0,1.0,0.0,0.0,0.0,100.0,DISARMED,1,0.0,0.0,0.0,0.0,0.0,0.0,100.0,UNKNOWN,1,0.0,0.0,0.0,0.0,0.0,0.0,100.0,UNKNOWN,1,0.0,0.0,0.0,0.0,0.0,0.0,100.0,UNKNOWN,1,0.0,0.0,0.0,0.0,0.0,0.0,100.0,UNKNOWN,1,9.685040473937988,IDLE,0.0
1779448218.694262,0.0,0.0,1.0,0.0,0.0,0.0,100.0,DISARMED,1,0.0,0.0,0.0,0.0,0.0,0.0,100.0,UNKNOWN,1,0.0,0.0,0.0,0.0,0.0,0.0,100.0,UNKNOWN,1,0.0,0.0,0.0,0.0,0.0,0.0,100.0,UNKNOWN,1,0.0,0.0,0.0,0.0,0.0,0.0,100.0,UNKNOWN,1,9.685040473937988,IDLE,0.0
1779448218.839508,0.0,0.0,1.0,0.0,0.0,0.0,100.0,DISARMED,1,0.0,0.0,0.0,0.0,0.0,0.0,100.0,UNKNOWN,1,0.0,0.0,0.0,0.0,0.0,0.0,100.0,UNKNOWN,1,0.0,0.0,0.0,0.0,0.0,0.0,100.0,UNKNOWN,1,0.0,0.0,0.0,0.0,0.0,0.0,100.0,UNKNOWN,1,9.685040473937988,IDLE,0.0
1779448218.8968394,0.0,0.0,1.0,0.0,0.0,0.0,100.0,DISARMED,1,0.0,0.0,0.0,0.0,0.0,0.0,100.0,UNKNOWN,1,0.0,0.0,0.0,0.0,0.0,0.0,100.0,UNKNOWN,1,0.0,0.0,0.0,0.0,0.0,0.0,100.0,UNKNOWN,1,0.0,0.0,0.0,0.0,0.0,0.0,100.0,UNKNOWN,1,9.685040473937988,IDLE,0.0
1779448219.0227485,0.0,0.0,1.0,0.0,0.0,0.0,100.0,DISARMED,1,0.0,0.0,0.0,0.0,0.0,0.0,100.0,UNKNOWN,1,0.0,0.0,0.0,0.0,0.0,0.0,100.0,UNKNOWN,1,0.0,0.0,0.0,0.0,0.0,0.0,100.0,UNKNOWN,1,0.0,0.0,0.0,0.0,0.0,0.0,100.0,UNKNOWN,1,9.685040473937988,IDLE,0.0
1779448219.0875428,0.0,0.0,1.0,0.0,0.0,0.0,100.0,DISARMED,1,0.0,0.0,0.0,0.0,0.0,0.0,100.0,UNKNOWN,1,0.0,0.0,0.0,0.0,0.0,0.0,100.0,UNKNOWN,1,0.0,0.0,0.0,0.0,0.0,0.0,100.0,UNKNOWN,1,0.0,0.0,0.0,0.0,0.0,0.0,100.0,UNKNOWN,1,9.685040473937988,IDLE,0.0
1779448219.2672303,0.0,0.0,1.0,0.0,0.0,0.0,100.0,DISARMED,1,0.0,0.0,0.0,0.0,0.0,0.0,100.0,UNKNOWN,1,0.0,0.0,0.0,0.0,0.0,0.0,100.0,UNKNOWN,1,0.0,0.0,0.0,0.0,0.0,0.0,100.0,UNKNOWN,1,0.0,0.0,0.0,0.0,0.0,0.0,100.0,UNKNOWN,1,9.685040473937988,IDLE,0.0
1779448219.5148335,0.0,0.0,1.0,0.0,0.0,0.0,100.0,DISARMED,1,0.0,0.0,0.0,0.0,0.0,0.0,100.0,UNKNOWN,1,0.0,0.0,0.0,0.0,0.0,0.0,100.0,UNKNOWN,1,0.0,0.0,0.0,0.0,0.0,0.0,100.0,UNKNOWN,1,0.0,0.0,0.0,0.0,0.0,0.0,100.0,UNKNOWN,1,9.685040473937988,IDLE,0.0
1779448219.686376,0.0,0.0,1.0,0.0,0.0,0.0,100.0,DISARMED,1,0.0,0.0,0.0,0.0,0.0,0.0,100.0,UNKNOWN,1,0.0,0.0,0.0,0.0,0.0,0.0,100.0,UNKNOWN,1,0.0,0.0,0.0,0.0,0.0,0.0,100.0,UNKNOWN,1,0.0,0.0,0.0,0.0,0.0,0.0,100.0,UNKNOWN,1,9.685040473937988,IDLE,0.0
1779448219.7247393,0.0,0.0,1.0,0.0,0.0,0.0,100.0,DISARMED,1,0.0,0.0,0.0,0.0,0.0,0.0,100.0,UNKNOWN,1,0.0,0.0,0.0,0.0,0.0,0.0,100.0,UNKNOWN,1,0.0,0.0,0.0,0.0,0.0,0.0,100.0,UNKNOWN,1,0.0,0.0,0.0,0.0,0.0,0.0,100.0,UNKNOWN,1,9.685040473937988,IDLE,0.0
1779448219.8188524,0.0,0.0,1.0,0.0,0.0,0.0,100.0,DISARMED,1,0.0,0.0,0.0,0.0,0.0,0.0,100.0,UNKNOWN,1,0.0,0.0,0.0,0.0,0.0,0.0,100.0,UNKNOWN,1,0.0,0.0,0.0,0.0,0.0,0.0,100.0,UNKNOWN,1,0.0,0.0,0.0,0.0,0.0,0.0,100.0,UNKNOWN,1,9.685040473937988,IDLE,0.0
1779448219.9859934,0.0,0.0,1.0,0.0,0.0,0.0,100.0,DISARMED,1,0.0,0.0,0.0,0.0,0.0,0.0,100.0,UNKNOWN,1,0.0,0.0,0.0,0.0,0.0,0.0,100.0,UNKNOWN,1,0.0,0.0,0.0,0.0,0.0,0.0,100.0,UNKNOWN,1,0.0,0.0,0.0,0.0,0.0,0.0,100.0,UNKNOWN,1,9.685040473937988,IDLE,0.0
1779448219.9984105,0.0,0.0,1.0,0.0,0.0,0.0,100.0,DISARMED,1,0.0,0.0,0.0,0.0,0.0,0.0,100.0,UNKNOWN,1,0.0,0.0,0.0,0.0,0.0,0.0,100.0,UNKNOWN,1,0.0,0.0,0.0,0.0,0.0,0.0,100.0,UNKNOWN,1,0.0,0.0,0.0,0.0,0.0,0.0,100.0,UNKNOWN,1,9.685040473937988,IDLE,0.0
1779448220.1529357,0.0,0.0,1.0,0.0,0.0,0.0,100.0,DISARMED,1,0.0,0.0,0.0,0.0,0.0,0.0,100.0,UNKNOWN,1,0.0,0.0,0.0,0.0,0.0,0.0,100.0,UNKNOWN,1,0.0,0.0,0.0,0.0,0.0,0.0,100.0,UNKNOWN,1,0.0,0.0,0.0,0.0,0.0,0.0,100.0,UNKNOWN,1,9.685040473937988,IDLE,0.0
1779448220.1993458,0.0,0.0,1.0,0.0,0.0,0.0,100.0,DISARMED,1,0.0,0.0,0.0,0.0,0.0,0.0,100.0,UNKNOWN,1,0.0,0.0,0.0,0.0,0.0,0.0,100.0,UNKNOWN,1,0.0,0.0,0.0,0.0,0.0,0.0,100.0,UNKNOWN,1,0.0,0.0,0.0,0.0,0.0,0.0,100.0,UNKNOWN,1,9.685040473937988,IDLE,0.0
1779448221.0126653,0.0,0.0,1.0,0.0,0.0,0.0,100.0,DISARMED,1,0.0,0.0,0.0,0.0,0.0,0.0,100.0,UNKNOWN,1,0.0,0.0,0.0,0.0,0.0,0.0,100.0,UNKNOWN,1,0.0,0.0,0.0,0.0,0.0,0.0,100.0,UNKNOWN,1,0.0,0.0,0.0,0.0,0.0,0.0,100.0,UNKNOWN,1,9.685040473937988,IDLE,0.0
1779448221.1813917,0.0,0.0,1.0,0.0,0.0,0.0,100.0,DISARMED,1,0.0,0.0,0.0,0.0,0.0,0.0,100.0,UNKNOWN,1,0.0,0.0,0.0,0.0,0.0,0.0,100.0,UNKNOWN,1,0.0,0.0,0.0,0.0,0.0,0.0,100.0,UNKNOWN,1,0.0,0.0,0.0,0.0,0.0,0.0,100.0,UNKNOWN,1,9.685040473937988,IDLE,0.0
1779448221.1992226,0.0,0.0,1.0,0.0,0.0,0.0,100.0,DISARMED,1,0.0,0.0,0.0,0.0,0.0,0.0,100.0,UNKNOWN,1,0.0,0.0,0.0,0.0,0.0,0.0,100.0,UNKNOWN,1,0.0,0.0,0.0,0.0,0.0,0.0,100.0,UNKNOWN,1,0.0,0.0,0.0,0.0,0.0,0.0,100.0,UNKNOWN,1,9.685040473937988,IDLE,0.0
1779448221.4549923,0.0,0.0,1.0,0.0,0.0,0.0,100.0,DISARMED,1,0.0,0.0,0.0,0.0,0.0,0.0,100.0,UNKNOWN,1,0.0,0.0,0.0,0.0,0.0,0.0,100.0,UNKNOWN,1,0.0,0.0,0.0,0.0,0.0,0.0,100.0,UNKNOWN,1,0.0,0.0,0.0,0.0,0.0,0.0,100.0,UNKNOWN,1,9.685040473937988,IDLE,0.0
1779448221.5708845,0.0,0.0,1.0,0.0,0.0,0.0,100.0,DISARMED,1,0.0,0.0,0.0,0.0,0.0,0.0,100.0,UNKNOWN,1,0.0,0.0,0.0,0.0,0.0,0.0,100.0,UNKNOWN,1,0.0,0.0,0.0,0.0,0.0,0.0,100.0,UNKNOWN,1,0.0,0.0,0.0,0.0,0.0,0.0,100.0,UNKNOWN,1,9.685040473937988,IDLE,0.0
1779448221.6341956,0.0,0.0,1.0,0.0,0.0,0.0,100.0,DISARMED,1,0.0,0.0,0.0,0.0,0.0,0.0,100.0,UNKNOWN,1,0.0,0.0,0.0,0.0,0.0,0.0,100.0,UNKNOWN,1,0.0,0.0,0.0,0.0,0.0,0.0,100.0,UNKNOWN,1,0.0,0.0,0.0,0.0,0.0,0.0,100.0,UNKNOWN,1,9.685040473937988,IDLE,0.0
1779448221.8298402,0.0,0.0,1.0,0.0,0.0,0.0,100.0,DISARMED,1,0.0,0.0,0.0,0.0,0.0,0.0,100.0,UNKNOWN,1,0.0,0.0,0.0,0.0,0.0,0.0,100.0,UNKNOWN,1,0.0,0.0,0.0,0.0,0.0,0.0,100.0,UNKNOWN,1,0.0,0.0,0.0,0.0,0.0,0.0,100.0,UNKNOWN,1,9.685040473937988,IDLE,0.0
1779448221.8981166,0.0,0.0,1.0,0.0,0.0,0.0,100.0,DISARMED,1,0.0,0.0,0.0,0.0,0.0,0.0,100.0,UNKNOWN,1,0.0,0.0,0.0,0.0,0.0,0.0,100.0,UNKNOWN,1,0.0,0.0,0.0,0.0,0.0,0.0,100.0,UNKNOWN,1,0.0,0.0,0.0,0.0,0.0,0.0,100.0,UNKNOWN,1,9.685040473937988,IDLE,0.0
1779448222.0565166,0.0,0.0,1.0,0.0,0.0,0.0,100.0,DISARMED,1,0.0,0.0,0.0,0.0,0.0,0.0,100.0,UNKNOWN,1,0.0,0.0,0.0,0.0,0.0,0.0,100.0,UNKNOWN,1,0.0,0.0,0.0,0.0,0.0,0.0,100.0,UNKNOWN,1,0.0,0.0,0.0,0.0,0.0,0.0,100.0,UNKNOWN,1,9.685040473937988,IDLE,0.0
1779448222.1060746,0.0,0.0,1.0,0.0,0.0,0.0,100.0,DISARMED,1,0.0,0.0,0.0,0.0,0.0,0.0,100.0,UNKNOWN,1,0.0,0.0,0.0,0.0,0.0,0.0,100.0,UNKNOWN,1,0.0,0.0,0.0,0.0,0.0,0.0,100.0,UNKNOWN,1,0.0,0.0,0.0,0.0,0.0,0.0,100.0,UNKNOWN,1,9.685040473937988,IDLE,0.0
1779448222.206534,0.0,0.0,1.0,0.0,0.0,0.0,100.0,DISARMED,1,0.0,0.0,0.0,0.0,0.0,0.0,100.0,UNKNOWN,1,0.0,0.0,0.0,0.0,0.0,0.0,100.0,UNKNOWN,1,0.0,0.0,0.0,0.0,0.0,0.0,100.0,UNKNOWN,1,0.0,0.0,0.0,0.0,0.0,0.0,100.0,UNKNOWN,1,9.685040473937988,IDLE,0.0
1779448222.573546,0.0,0.0,1.0,0.0,0.0,0.0,100.0,DISARMED,1,0.0,0.0,0.0,0.0,0.0,0.0,100.0,UNKNOWN,1,0.0,0.0,0.0,0.0,0.0,0.0,100.0,UNKNOWN,1,0.0,0.0,0.0,0.0,0.0,0.0,100.0,UNKNOWN,1,0.0,0.0,0.0,0.0,0.0,0.0,100.0,UNKNOWN,1,9.685040473937988,IDLE,0.0
1779448222.806974,0.0,0.0,1.0,0.0,0.0,0.0,100.0,DISARMED,1,0.0,0.0,0.0,0.0,0.0,0.0,100.0,UNKNOWN,1,0.0,0.0,0.0,0.0,0.0,0.0,100.0,UNKNOWN,1,0.0,0.0,0.0,0.0,0.0,0.0,100.0,UNKNOWN,1,0.0,0.0,0.0,0.0,0.0,0.0,100.0,UNKNOWN,1,9.685040473937988,IDLE,0.0
1779448222.9478545,0.0,0.0,1.0,0.0,0.0,0.0,100.0,DISARMED,1,0.0,0.0,0.0,0.0,0.0,0.0,100.0,UNKNOWN,1,0.0,0.0,0.0,0.0,0.0,0.0,100.0,UNKNOWN,1,0.0,0.0,0.0,0.0,0.0,0.0,100.0,UNKNOWN,1,0.0,0.0,0.0,0.0,0.0,0.0,100.0,UNKNOWN,1,9.685040473937988,IDLE,0.0
1779448223.0415983,0.0,0.0,1.0,0.0,0.0,0.0,100.0,DISARMED,1,0.0,0.0,0.0,0.0,0.0,0.0,100.0,UNKNOWN,1,0.0,0.0,0.0,0.0,0.0,0.0,100.0,UNKNOWN,1,0.0,0.0,0.0,0.0,0.0,0.0,100.0,UNKNOWN,1,0.0,0.0,0.0,0.0,0.0,0.0,100.0,UNKNOWN,1,9.685040473937988,IDLE,0.0
1779448223.1168635,0.0,0.0,1.0,0.0,0.0,0.0,100.0,DISARMED,1,0.0,0.0,0.0,0.0,0.0,0.0,100.0,UNKNOWN,1,0.0,0.0,0.0,0.0,0.0,0.0,100.0,UNKNOWN,1,0.0,0.0,0.0,0.0,0.0,0.0,100.0,UNKNOWN,1,0.0,0.0,0.0,0.0,0.0,0.0,100.0,UNKNOWN,1,9.685040473937988,IDLE,0.0
1779448223.6426413,0.0,0.0,1.0,0.0,0.0,0.0,100.0,DISARMED,1,0.0,0.0,0.0,0.0,0.0,0.0,100.0,UNKNOWN,1,0.0,0.0,0.0,0.0,0.0,0.0,100.0,UNKNOWN,1,0.0,0.0,0.0,0.0,0.0,0.0,100.0,UNKNOWN,1,0.0,0.0,0.0,0.0,0.0,0.0,100.0,UNKNOWN,1,9.685040473937988,IDLE,0.0
1779448223.731515,0.0,0.0,1.0,0.0,0.0,0.0,100.0,DISARMED,1,0.0,0.0,0.0,0.0,0.0,0.0,100.0,UNKNOWN,1,0.0,0.0,0.0,0.0,0.0,0.0,100.0,UNKNOWN,1,0.0,0.0,0.0,0.0,0.0,0.0,100.0,UNKNOWN,1,0.0,0.0,0.0,0.0,0.0,0.0,100.0,UNKNOWN,1,9.685040473937988,IDLE,0.0
1779448223.834789,0.0,0.0,1.0,0.0,0.0,0.0,100.0,DISARMED,1,0.0,0.0,0.0,0.0,0.0,0.0,100.0,UNKNOWN,1,0.0,0.0,0.0,0.0,0.0,0.0,100.0,UNKNOWN,1,0.0,0.0,0.0,0.0,0.0,0.0,100.0,UNKNOWN,1,0.0,0.0,0.0,0.0,0.0,0.0,100.0,UNKNOWN,1,9.685040473937988,IDLE,0.0
1779448223.8927531,0.0,0.0,1.0,0.0,0.0,0.0,100.0,DISARMED,1,0.0,0.0,0.0,0.0,0.0,0.0,100.0,UNKNOWN,1,0.0,0.0,0.0,0.0,0.0,0.0,100.0,UNKNOWN,1,0.0,0.0,0.0,0.0,0.0,0.0,100.0,UNKNOWN,1,0.0,0.0,0.0,0.0,0.0,0.0,100.0,UNKNOWN,1,9.685040473937988,IDLE,0.0
1779448224.1340866,0.0,0.0,1.0,0.0,0.0,0.0,100.0,DISARMED,1,0.0,0.0,0.0,0.0,0.0,0.0,100.0,UNKNOWN,1,0.0,0.0,0.0,0.0,0.0,0.0,100.0,UNKNOWN,1,0.0,0.0,0.0,0.0,0.0,0.0,100.0,UNKNOWN,1,0.0,0.0,0.0,0.0,0.0,0.0,100.0,UNKNOWN,1,9.685040473937988,IDLE,0.0
1779448224.2824154,0.0,0.0,1.0,0.0,0.0,0.0,100.0,DISARMED,1,0.0,0.0,0.0,0.0,0.0,0.0,100.0,UNKNOWN,1,0.0,0.0,0.0,0.0,0.0,0.0,100.0,UNKNOWN,1,0.0,0.0,0.0,0.0,0.0,0.0,100.0,UNKNOWN,1,0.0,0.0,0.0,0.0,0.0,0.0,100.0,UNKNOWN,1,9.685040473937988,IDLE,0.0
1779448224.434308,0.0,0.0,1.0,0.0,0.0,0.0,100.0,DISARMED,1,0.0,0.0,0.0,0.0,0.0,0.0,100.0,UNKNOWN,1,0.0,0.0,0.0,0.0,0.0,0.0,100.0,UNKNOWN,1,0.0,0.0,0.0,0.0,0.0,0.0,100.0,UNKNOWN,1,0.0,0.0,0.0,0.0,0.0,0.0,100.0,UNKNOWN,1,9.685040473937988,IDLE,0.0
1779448224.57439,0.0,0.0,1.0,0.0,0.0,0.0,100.0,DISARMED,1,0.0,0.0,0.0,0.0,0.0,0.0,100.0,UNKNOWN,1,0.0,0.0,0.0,0.0,0.0,0.0,100.0,UNKNOWN,1,0.0,0.0,0.0,0.0,0.0,0.0,100.0,UNKNOWN,1,0.0,0.0,0.0,0.0,0.0,0.0,100.0,UNKNOWN,1,9.685040473937988,IDLE,0.0
1779448224.6489928,0.0,0.0,1.0,0.0,0.0,0.0,100.0,DISARMED,1,0.0,0.0,0.0,0.0,0.0,0.0,100.0,UNKNOWN,1,0.0,0.0,0.0,0.0,0.0,0.0,100.0,UNKNOWN,1,0.0,0.0,0.0,0.0,0.0,0.0,100.0,UNKNOWN,1,0.0,0.0,0.0,0.0,0.0,0.0,100.0,UNKNOWN,1,9.685040473937988,IDLE,0.0
1779448224.7148771,0.0,0.0,1.0,0.0,0.0,0.0,100.0,DISARMED,1,0.0,0.0,0.0,0.0,0.0,0.0,100.0,UNKNOWN,1,0.0,0.0,0.0,0.0,0.0,0.0,100.0,UNKNOWN,1,0.0,0.0,0.0,0.0,0.0,0.0,100.0,UNKNOWN,1,0.0,0.0,0.0,0.0,0.0,0.0,100.0,UNKNOWN,1,9.685040473937988,IDLE,0.0
1779448224.8881168,0.0,0.0,1.0,0.0,0.0,0.0,100.0,DISARMED,1,0.0,0.0,0.0,0.0,0.0,0.0,100.0,UNKNOWN,1,0.0,0.0,0.0,0.0,0.0,0.0,100.0,UNKNOWN,1,0.0,0.0,0.0,0.0,0.0,0.0,100.0,UNKNOWN,1,0.0,0.0,0.0,0.0,0.0,0.0,100.0,UNKNOWN,1,9.685040473937988,IDLE,0.0
1779448225.0888298,0.0,0.0,1.0,0.0,0.0,0.0,100.0,DISARMED,1,0.0,0.0,0.0,0.0,0.0,0.0,100.0,UNKNOWN,1,0.0,0.0,0.0,0.0,0.0,0.0,100.0,UNKNOWN,1,0.0,0.0,0.0,0.0,0.0,0.0,100.0,UNKNOWN,1,0.0,0.0,0.0,0.0,0.0,0.0,100.0,UNKNOWN,1,9.685040473937988,IDLE,0.0
1779448225.2047472,0.0,0.0,1.0,0.0,0.0,0.0,100.0,DISARMED,1,0.0,0.0,0.0,0.0,0.0,0.0,100.0,UNKNOWN,1,0.0,0.0,0.0,0.0,0.0,0.0,100.0,UNKNOWN,1,0.0,0.0,0.0,0.0,0.0,0.0,100.0,UNKNOWN,1,0.0,0.0,0.0,0.0,0.0,0.0,100.0,UNKNOWN,1,9.685040473937988,IDLE,0.0
1779448225.5247655,0.0,0.0,1.0,0.0,0.0,0.0,100.0,DISARMED,1,0.0,0.0,0.0,0.0,0.0,0.0,100.0,UNKNOWN,1,0.0,0.0,0.0,0.0,0.0,0.0,100.0,UNKNOWN,1,0.0,0.0,0.0,0.0,0.0,0.0,100.0,UNKNOWN,1,0.0,0.0,0.0,0.0,0.0,0.0,100.0,UNKNOWN,1,9.685040473937988,IDLE,0.0
1779448225.779206,0.0,0.0,1.0,0.0,0.0,0.0,100.0,DISARMED,1,0.0,0.0,0.0,0.0,0.0,0.0,100.0,UNKNOWN,1,0.0,0.0,0.0,0.0,0.0,0.0,100.0,UNKNOWN,1,0.0,0.0,0.0,0.0,0.0,0.0,100.0,UNKNOWN,1,0.0,0.0,0.0,0.0,0.0,0.0,100.0,UNKNOWN,1,9.685040473937988,IDLE,0.0
1779448225.8867285,0.0,0.0,1.0,0.0,0.0,0.0,100.0,DISARMED,1,0.0,0.0,0.0,0.0,0.0,0.0,100.0,UNKNOWN,1,0.0,0.0,0.0,0.0,0.0,0.0,100.0,UNKNOWN,1,0.0,0.0,0.0,0.0,0.0,0.0,100.0,UNKNOWN,1,0.0,0.0,0.0,0.0,0.0,0.0,100.0,UNKNOWN,1,9.685040473937988,IDLE,0.0
1779448226.125859,0.0,0.0,1.0,0.0,0.0,0.0,100.0,DISARMED,1,0.0,0.0,0.0,0.0,0.0,0.0,100.0,UNKNOWN,1,0.0,0.0,0.0,0.0,0.0,0.0,100.0,UNKNOWN,1,0.0,0.0,0.0,0.0,0.0,0.0,100.0,UNKNOWN,1,0.0,0.0,0.0,0.0,0.0,0.0,100.0,UNKNOWN,1,9.685040473937988,IDLE,0.0
1779448226.5407462,0.0,0.0,1.0,0.0,0.0,0.0,100.0,DISARMED,1,0.0,0.0,0.0,0.0,0.0,0.0,100.0,UNKNOWN,1,0.0,0.0,0.0,0.0,0.0,0.0,100.0,UNKNOWN,1,0.0,0.0,0.0,0.0,0.0,0.0,100.0,UNKNOWN,1,0.0,0.0,0.0,0.0,0.0,0.0,100.0,UNKNOWN,1,9.685040473937988,IDLE,0.0
1779448226.6090434,0.0,0.0,1.0,0.0,0.0,0.0,100.0,DISARMED,1,0.0,0.0,0.0,0.0,0.0,0.0,100.0,UNKNOWN,1,0.0,0.0,0.0,0.0,0.0,0.0,100.0,UNKNOWN,1,0.0,0.0,0.0,0.0,0.0,0.0,100.0,UNKNOWN,1,0.0,0.0,0.0,0.0,0.0,0.0,100.0,UNKNOWN,1,9.685040473937988,IDLE,0.0
1779448226.7443252,0.0,0.0,1.0,0.0,0.0,0.0,100.0,DISARMED,1,0.0,0.0,0.0,0.0,0.0,0.0,100.0,UNKNOWN,1,0.0,0.0,0.0,0.0,0.0,0.0,100.0,UNKNOWN,1,0.0,0.0,0.0,0.0,0.0,0.0,100.0,UNKNOWN,1,0.0,0.0,0.0,0.0,0.0,0.0,100.0,UNKNOWN,1,9.685040473937988,IDLE,0.0
1779448226.8392544,0.0,0.0,1.0,0.0,0.0,0.0,100.0,DISARMED,1,0.0,0.0,0.0,0.0,0.0,0.0,100.0,UNKNOWN,1,0.0,0.0,0.0,0.0,0.0,0.0,100.0,UNKNOWN,1,0.0,0.0,0.0,0.0,0.0,0.0,100.0,UNKNOWN,1,0.0,0.0,0.0,0.0,0.0,0.0,100.0,UNKNOWN,1,9.685040473937988,IDLE,0.0
1779448226.9545014,0.0,0.0,1.0,0.0,0.0,0.0,100.0,DISARMED,1,0.0,0.0,0.0,0.0,0.0,0.0,100.0,UNKNOWN,1,0.0,0.0,0.0,0.0,0.0,0.0,100.0,UNKNOWN,1,0.0,0.0,0.0,0.0,0.0,0.0,100.0,UNKNOWN,1,0.0,0.0,0.0,0.0,0.0,0.0,100.0,UNKNOWN,1,9.685040473937988,IDLE,0.0
1779448227.1095462,0.0,0.0,1.0,0.0,0.0,0.0,100.0,DISARMED,1,0.0,0.0,0.0,0.0,0.0,0.0,100.0,UNKNOWN,1,0.0,0.0,0.0,0.0,0.0,0.0,100.0,UNKNOWN,1,0.0,0.0,0.0,0.0,0.0,0.0,100.0,UNKNOWN,1,0.0,0.0,0.0,0.0,0.0,0.0,100.0,UNKNOWN,1,9.685040473937988,IDLE,0.0
1779448227.2782636,0.0,0.0,1.0,0.0,0.0,0.0,100.0,DISARMED,1,0.0,0.0,0.0,0.0,0.0,0.0,100.0,UNKNOWN,1,0.0,0.0,0.0,0.0,0.0,0.0,100.0,UNKNOWN,1,0.0,0.0,0.0,0.0,0.0,0.0,100.0,UNKNOWN,1,0.0,0.0,0.0,0.0,0.0,0.0,100.0,UNKNOWN,1,9.685040473937988,IDLE,0.0
1779448227.59246,0.0,0.0,1.0,0.0,0.0,0.0,100.0,DISARMED,1,0.0,0.0,0.0,0.0,0.0,0.0,100.0,UNKNOWN,1,0.0,0.0,0.0,0.0,0.0,0.0,100.0,UNKNOWN,1,0.0,0.0,0.0,0.0,0.0,0.0,100.0,UNKNOWN,1,0.0,0.0,0.0,0.0,0.0,0.0,100.0,UNKNOWN,1,9.685040473937988,IDLE,0.0
1779448227.72595,0.0,0.0,1.0,0.0,0.0,0.0,100.0,DISARMED,1,0.0,0.0,0.0,0.0,0.0,0.0,100.0,UNKNOWN,1,0.0,0.0,0.0,0.0,0.0,0.0,100.0,UNKNOWN,1,0.0,0.0,0.0,0.0,0.0,0.0,100.0,UNKNOWN,1,0.0,0.0,0.0,0.0,0.0,0.0,100.0,UNKNOWN,1,9.685040473937988,IDLE,0.0
1779448227.9598198,0.0,0.0,1.0,0.0,0.0,0.0,100.0,DISARMED,1,0.0,0.0,0.0,0.0,0.0,0.0,100.0,UNKNOWN,1,0.0,0.0,0.0,0.0,0.0,0.0,100.0,UNKNOWN,1,0.0,0.0,0.0,0.0,0.0,0.0,100.0,UNKNOWN,1,0.0,0.0,0.0,0.0,0.0,0.0,100.0,UNKNOWN,1,9.685040473937988,IDLE,0.0
1779448228.1006038,0.0,0.0,1.0,0.0,0.0,0.0,100.0,DISARMED,1,0.0,0.0,0.0,0.0,0.0,0.0,100.0,UNKNOWN,1,0.0,0.0,0.0,0.0,0.0,0.0,100.0,UNKNOWN,1,0.0,0.0,0.0,0.0,0.0,0.0,100.0,UNKNOWN,1,0.0,0.0,0.0,0.0,0.0,0.0,100.0,UNKNOWN,1,9.685040473937988,IDLE,0.0
1779448228.2003055,0.0,0.0,1.0,0.0,0.0,0.0,100.0,DISARMED,1,0.0,0.0,0.0,0.0,0.0,0.0,100.0,UNKNOWN,1,0.0,0.0,0.0,0.0,0.0,0.0,100.0,UNKNOWN,1,0.0,0.0,0.0,0.0,0.0,0.0,100.0,UNKNOWN,1,0.0,0.0,0.0,0.0,0.0,0.0,100.0,UNKNOWN,1,9.685040473937988,IDLE,0.0
1779448228.5368958,0.0,0.0,1.0,0.0,0.0,0.0,100.0,DISARMED,1,0.0,0.0,0.0,0.0,0.0,0.0,100.0,UNKNOWN,1,0.0,0.0,0.0,0.0,0.0,0.0,100.0,UNKNOWN,1,0.0,0.0,0.0,0.0,0.0,0.0,100.0,UNKNOWN,1,0.0,0.0,0.0,0.0,0.0,0.0,100.0,UNKNOWN,1,9.685040473937988,IDLE,0.0
1779448228.5986392,0.0,0.0,1.0,0.0,0.0,0.0,100.0,DISARMED,1,0.0,0.0,0.0,0.0,0.0,0.0,100.0,UNKNOWN,1,0.0,0.0,0.0,0.0,0.0,0.0,100.0,UNKNOWN,1,0.0,0.0,0.0,0.0,0.0,0.0,100.0,UNKNOWN,1,0.0,0.0,0.0,0.0,0.0,0.0,100.0,UNKNOWN,1,9.685040473937988,IDLE,0.0
1779448228.701181,0.0,0.0,1.0,0.0,0.0,0.0,100.0,DISARMED,1,0.0,0.0,0.0,0.0,0.0,0.0,100.0,UNKNOWN,1,0.0,0.0,0.0,0.0,0.0,0.0,100.0,UNKNOWN,1,0.0,0.0,0.0,0.0,0.0,0.0,100.0,UNKNOWN,1,0.0,0.0,0.0,0.0,0.0,0.0,100.0,UNKNOWN,1,9.685040473937988,IDLE,0.0
1779448228.900752,0.0,0.0,1.0,0.0,0.0,0.0,100.0,DISARMED,1,0.0,0.0,0.0,0.0,0.0,0.0,100.0,UNKNOWN,1,0.0,0.0,0.0,0.0,0.0,0.0,100.0,UNKNOWN,1,0.0,0.0,0.0,0.0,0.0,0.0,100.0,UNKNOWN,1,0.0,0.0,0.0,0.0,0.0,0.0,100.0,UNKNOWN,1,9.685040473937988,IDLE,0.0
1779448229.144073,0.0,0.0,1.0,0.0,0.0,0.0,100.0,DISARMED,1,0.0,0.0,0.0,0.0,0.0,0.0,100.0,UNKNOWN,1,0.0,0.0,0.0,0.0,0.0,0.0,100.0,UNKNOWN,1,0.0,0.0,0.0,0.0,0.0,0.0,100.0,UNKNOWN,1,0.0,0.0,0.0,0.0,0.0,0.0,100.0,UNKNOWN,1,9.685040473937988,IDLE,0.0
1779448229.2591002,0.0,0.0,1.0,0.0,0.0,0.0,100.0,DISARMED,1,0.0,0.0,0.0,0.0,0.0,0.0,100.0,UNKNOWN,1,0.0,0.0,0.0,0.0,0.0,0.0,100.0,UNKNOWN,1,0.0,0.0,0.0,0.0,0.0,0.0,100.0,UNKNOWN,1,0.0,0.0,0.0,0.0,0.0,0.0,100.0,UNKNOWN,1,9.685040473937988,IDLE,0.0
1779448229.562093,0.0,0.0,1.0,0.0,0.0,0.0,100.0,DISARMED,1,0.0,0.0,0.0,0.0,0.0,0.0,100.0,UNKNOWN,1,0.0,0.0,0.0,0.0,0.0,0.0,100.0,UNKNOWN,1,0.0,0.0,0.0,0.0,0.0,0.0,100.0,UNKNOWN,1,0.0,0.0,0.0,0.0,0.0,0.0,100.0,UNKNOWN,1,9.685040473937988,IDLE,0.0
1779448229.6062407,0.0,0.0,1.0,0.0,0.0,0.0,100.0,DISARMED,1,0.0,0.0,0.0,0.0,0.0,0.0,100.0,UNKNOWN,1,0.0,0.0,0.0,0.0,0.0,0.0,100.0,UNKNOWN,1,0.0,0.0,0.0,0.0,0.0,0.0,100.0,UNKNOWN,1,0.0,0.0,0.0,0.0,0.0,0.0,100.0,UNKNOWN,1,9.685040473937988,IDLE,0.0
1779448229.800943,0.0,0.0,1.0,0.0,0.0,0.0,100.0,DISARMED,1,0.0,0.0,0.0,0.0,0.0,0.0,100.0,UNKNOWN,1,0.0,0.0,0.0,0.0,0.0,0.0,100.0,UNKNOWN,1,0.0,0.0,0.0,0.0,0.0,0.0,100.0,UNKNOWN,1,0.0,0.0,0.0,0.0,0.0,0.0,100.0,UNKNOWN,1,9.685040473937988,IDLE,0.0
1779448229.8870852,0.0,0.0,1.0,0.0,0.0,0.0,100.0,DISARMED,1,0.0,0.0,0.0,0.0,0.0,0.0,100.0,UNKNOWN,1,0.0,0.0,0.0,0.0,0.0,0.0,100.0,UNKNOWN,1,0.0,0.0,0.0,0.0,0.0,0.0,100.0,UNKNOWN,1,0.0,0.0,0.0,0.0,0.0,0.0,100.0,UNKNOWN,1,9.685040473937988,IDLE,0.0
1779448229.9998388,0.0,0.0,1.0,0.0,0.0,0.0,100.0,DISARMED,1,0.0,0.0,0.0,0.0,0.0,0.0,100.0,UNKNOWN,1,0.0,0.0,0.0,0.0,0.0,0.0,100.0,UNKNOWN,1,0.0,0.0,0.0,0.0,0.0,0.0,100.0,UNKNOWN,1,0.0,0.0,0.0,0.0,0.0,0.0,100.0,UNKNOWN,1,9.685040473937988,IDLE,0.0
1779448230.1099744,0.0,0.0,1.0,0.0,0.0,0.0,100.0,DISARMED,1,0.0,0.0,0.0,0.0,0.0,0.0,100.0,UNKNOWN,1,0.0,0.0,0.0,0.0,0.0,0.0,100.0,UNKNOWN,1,0.0,0.0,0.0,0.0,0.0,0.0,100.0,UNKNOWN,1,0.0,0.0,0.0,0.0,0.0,0.0,100.0,UNKNOWN,1,9.685040473937988,IDLE,0.0
1779448230.224155,0.0,0.0,1.0,0.0,0.0,0.0,100.0,DISARMED,1,0.0,0.0,0.0,0.0,0.0,0.0,100.0,UNKNOWN,1,0.0,0.0,0.0,0.0,0.0,0.0,100.0,UNKNOWN,1,0.0,0.0,0.0,0.0,0.0,0.0,100.0,UNKNOWN,1,0.0,0.0,0.0,0.0,0.0,0.0,100.0,UNKNOWN,1,9.685040473937988,IDLE,0.0
1779448230.4014812,0.0,0.0,1.0,0.0,0.0,0.0,100.0,DISARMED,1,0.0,0.0,0.0,0.0,0.0,0.0,100.0,UNKNOWN,1,0.0,0.0,0.0,0.0,0.0,0.0,100.0,UNKNOWN,1,0.0,0.0,0.0,0.0,0.0,0.0,100.0,UNKNOWN,1,0.0,0.0,0.0,0.0,0.0,0.0,100.0,UNKNOWN,1,9.685040473937988,IDLE,0.0
1779448230.4977574,0.0,0.0,1.0,0.0,0.0,0.0,100.0,DISARMED,1,0.0,0.0,0.0,0.0,0.0,0.0,100.0,UNKNOWN,1,0.0,0.0,0.0,0.0,0.0,0.0,100.0,UNKNOWN,1,0.0,0.0,0.0,0.0,0.0,0.0,100.0,UNKNOWN,1,0.0,0.0,0.0,0.0,0.0,0.0,100.0,UNKNOWN,1,9.685040473937988,IDLE,0.0
1779448230.6362996,0.0,0.0,1.0,0.0,0.0,0.0,100.0,DISARMED,1,0.0,0.0,0.0,0.0,0.0,0.0,100.0,UNKNOWN,1,0.0,0.0,0.0,0.0,0.0,0.0,100.0,UNKNOWN,1,0.0,0.0,0.0,0.0,0.0,0.0,100.0,UNKNOWN,1,0.0,0.0,0.0,0.0,0.0,0.0,100.0,UNKNOWN,1,9.685040473937988,IDLE,0.0
1779448230.7044208,0.0,0.0,1.0,0.0,0.0,0.0,100.0,DISARMED,1,0.0,0.0,0.0,0.0,0.0,0.0,100.0,UNKNOWN,1,0.0,0.0,0.0,0.0,0.0,0.0,100.0,UNKNOWN,1,0.0,0.0,0.0,0.0,0.0,0.0,100.0,UNKNOWN,1,0.0,0.0,0.0,0.0,0.0,0.0,100.0,UNKNOWN,1,9.685040473937988,IDLE,0.0
1779448230.7965126,0.0,0.0,1.0,0.0,0.0,0.0,100.0,DISARMED,1,0.0,0.0,0.0,0.0,0.0,0.0,100.0,UNKNOWN,1,0.0,0.0,0.0,0.0,0.0,0.0,100.0,UNKNOWN,1,0.0,0.0,0.0,0.0,0.0,0.0,100.0,UNKNOWN,1,0.0,0.0,0.0,0.0,0.0,0.0,100.0,UNKNOWN,1,9.685040473937988,IDLE,0.0
1779448230.922847,0.0,0.0,1.0,0.0,0.0,0.0,100.0,DISARMED,1,0.0,0.0,0.0,0.0,0.0,0.0,100.0,UNKNOWN,1,0.0,0.0,0.0,0.0,0.0,0.0,100.0,UNKNOWN,1,0.0,0.0,0.0,0.0,0.0,0.0,100.0,UNKNOWN,1,0.0,0.0,0.0,0.0,0.0,0.0,100.0,UNKNOWN,1,9.685040473937988,IDLE,0.0
1779448231.031018,0.0,0.0,1.0,0.0,0.0,0.0,100.0,DISARMED,1,0.0,0.0,0.0,0.0,0.0,0.0,100.0,UNKNOWN,1,0.0,0.0,0.0,0.0,0.0,0.0,100.0,UNKNOWN,1,0.0,0.0,0.0,0.0,0.0,0.0,100.0,UNKNOWN,1,0.0,0.0,0.0,0.0,0.0,0.0,100.0,UNKNOWN,1,9.685040473937988,IDLE,0.0
1779448231.1826332,0.0,0.0,1.0,0.0,0.0,0.0,100.0,DISARMED,1,0.0,0.0,0.0,0.0,0.0,0.0,100.0,UNKNOWN,1,0.0,0.0,0.0,0.0,0.0,0.0,100.0,UNKNOWN,1,0.0,0.0,0.0,0.0,0.0,0.0,100.0,UNKNOWN,1,0.0,0.0,0.0,0.0,0.0,0.0,100.0,UNKNOWN,1,9.685040473937988,IDLE,0.0
1779448231.5264478,0.0,0.0,1.0,0.0,0.0,0.0,100.0,DISARMED,1,0.0,0.0,0.0,0.0,0.0,0.0,100.0,UNKNOWN,1,0.0,0.0,0.0,0.0,0.0,0.0,100.0,UNKNOWN,1,0.0,0.0,0.0,0.0,0.0,0.0,100.0,UNKNOWN,1,0.0,0.0,0.0,0.0,0.0,0.0,100.0,UNKNOWN,1,9.685040473937988,IDLE,0.0
1779448231.5906508,0.0,0.0,1.0,0.0,0.0,0.0,100.0,DISARMED,1,0.0,0.0,0.0,0.0,0.0,0.0,100.0,UNKNOWN,1,0.0,0.0,0.0,0.0,0.0,0.0,100.0,UNKNOWN,1,0.0,0.0,0.0,0.0,0.0,0.0,100.0,UNKNOWN,1,0.0,0.0,0.0,0.0,0.0,0.0,100.0,UNKNOWN,1,9.685040473937988,IDLE,0.0
1779448231.6962087,0.0,0.0,1.0,0.0,0.0,0.0,100.0,DISARMED,1,0.0,0.0,0.0,0.0,0.0,0.0,100.0,UNKNOWN,1,0.0,0.0,0.0,0.0,0.0,0.0,100.0,UNKNOWN,1,0.0,0.0,0.0,0.0,0.0,0.0,100.0,UNKNOWN,1,0.0,0.0,0.0,0.0,0.0,0.0,100.0,UNKNOWN,1,9.685040473937988,IDLE,0.0
1779448231.788211,0.0,0.0,1.0,0.0,0.0,0.0,100.0,DISARMED,1,0.0,0.0,0.0,0.0,0.0,0.0,100.0,UNKNOWN,1,0.0,0.0,0.0,0.0,0.0,0.0,100.0,UNKNOWN,1,0.0,0.0,0.0,0.0,0.0,0.0,100.0,UNKNOWN,1,0.0,0.0,0.0,0.0,0.0,0.0,100.0,UNKNOWN,1,9.685040473937988,IDLE,0.0
1779448232.0295284,0.0,0.0,1.0,0.0,0.0,0.0,100.0,DISARMED,1,0.0,0.0,0.0,0.0,0.0,0.0,100.0,UNKNOWN,1,0.0,0.0,0.0,0.0,0.0,0.0,100.0,UNKNOWN,1,0.0,0.0,0.0,0.0,0.0,0.0,100.0,UNKNOWN,1,0.0,0.0,0.0,0.0,0.0,0.0,100.0,UNKNOWN,1,9.685040473937988,IDLE,0.0
1779448232.1750658,0.0,0.0,1.0,0.0,0.0,0.0,100.0,DISARMED,1,0.0,0.0,0.0,0.0,0.0,0.0,100.0,UNKNOWN,1,0.0,0.0,0.0,0.0,0.0,0.0,100.0,UNKNOWN,1,0.0,0.0,0.0,0.0,0.0,0.0,100.0,UNKNOWN,1,0.0,0.0,0.0,0.0,0.0,0.0,100.0,UNKNOWN,1,9.685040473937988,IDLE,0.0
1779448232.2359624,0.0,0.0,1.0,0.0,0.0,0.0,100.0,DISARMED,1,0.0,0.0,0.0,0.0,0.0,0.0,100.0,UNKNOWN,1,0.0,0.0,0.0,0.0,0.0,0.0,100.0,UNKNOWN,1,0.0,0.0,0.0,0.0,0.0,0.0,100.0,UNKNOWN,1,0.0,0.0,0.0,0.0,0.0,0.0,100.0,UNKNOWN,1,9.685040473937988,IDLE,0.0
1779448232.4779303,0.0,0.0,1.0,0.0,0.0,0.0,100.0,DISARMED,1,0.0,0.0,0.0,0.0,0.0,0.0,100.0,UNKNOWN,1,0.0,0.0,0.0,0.0,0.0,0.0,100.0,UNKNOWN,1,0.0,0.0,0.0,0.0,0.0,0.0,100.0,UNKNOWN,1,0.0,0.0,0.0,0.0,0.0,0.0,100.0,UNKNOWN,1,9.685040473937988,IDLE,0.0
1779448232.600541,0.0,0.0,1.0,0.0,0.0,0.0,100.0,DISARMED,1,0.0,0.0,0.0,0.0,0.0,0.0,100.0,UNKNOWN,1,0.0,0.0,0.0,0.0,0.0,0.0,100.0,UNKNOWN,1,0.0,0.0,0.0,0.0,0.0,0.0,100.0,UNKNOWN,1,0.0,0.0,0.0,0.0,0.0,0.0,100.0,UNKNOWN,1,9.685040473937988,IDLE,0.0
1779448232.7096875,0.0,0.0,1.0,0.0,0.0,0.0,100.0,DISARMED,1,0.0,0.0,0.0,0.0,0.0,0.0,100.0,UNKNOWN,1,0.0,0.0,0.0,0.0,0.0,0.0,100.0,UNKNOWN,1,0.0,0.0,0.0,0.0,0.0,0.0,100.0,UNKNOWN,1,0.0,0.0,0.0,0.0,0.0,0.0,100.0,UNKNOWN,1,9.685040473937988,IDLE,0.0
1779448232.824499,0.0,0.0,1.0,0.0,0.0,0.0,100.0,DISARMED,1,0.0,0.0,0.0,0.0,0.0,0.0,100.0,UNKNOWN,1,0.0,0.0,0.0,0.0,0.0,0.0,100.0,UNKNOWN,1,0.0,0.0,0.0,0.0,0.0,0.0,100.0,UNKNOWN,1,0.0,0.0,0.0,0.0,0.0,0.0,100.0,UNKNOWN,1,9.685040473937988,IDLE,0.0
1779448232.9054184,0.0,0.0,1.0,0.0,0.0,0.0,100.0,DISARMED,1,0.0,0.0,0.0,0.0,0.0,0.0,100.0,UNKNOWN,1,0.0,0.0,0.0,0.0,0.0,0.0,100.0,UNKNOWN,1,0.0,0.0,0.0,0.0,0.0,0.0,100.0,UNKNOWN,1,0.0,0.0,0.0,0.0,0.0,0.0,100.0,UNKNOWN,1,9.685040473937988,IDLE,0.0
1779448233.1639307,0.0,0.0,1.0,0.0,0.0,0.0,100.0,DISARMED,1,0.0,0.0,0.0,0.0,0.0,0.0,100.0,UNKNOWN,1,0.0,0.0,0.0,0.0,0.0,0.0,100.0,UNKNOWN,1,0.0,0.0,0.0,0.0,0.0,0.0,100.0,UNKNOWN,1,0.0,0.0,0.0,0.0,0.0,0.0,100.0,UNKNOWN,1,9.685040473937988,IDLE,0.0
1779448233.461725,0.0,0.0,1.0,0.0,0.0,0.0,100.0,DISARMED,1,0.0,0.0,0.0,0.0,0.0,0.0,100.0,UNKNOWN,1,0.0,0.0,0.0,0.0,0.0,0.0,100.0,UNKNOWN,1,0.0,0.0,0.0,0.0,0.0,0.0,100.0,UNKNOWN,1,0.0,0.0,0.0,0.0,0.0,0.0,100.0,UNKNOWN,1,9.685040473937988,IDLE,0.0
1779448233.5233495,0.0,0.0,1.0,0.0,0.0,0.0,100.0,DISARMED,1,0.0,0.0,0.0,0.0,0.0,0.0,100.0,UNKNOWN,1,0.0,0.0,0.0,0.0,0.0,0.0,100.0,UNKNOWN,1,0.0,0.0,0.0,0.0,0.0,0.0,100.0,UNKNOWN,1,0.0,0.0,0.0,0.0,0.0,0.0,100.0,UNKNOWN,1,9.685040473937988,IDLE,0.0
1779448233.601973,0.0,0.0,1.0,0.0,0.0,0.0,100.0,DISARMED,1,0.0,0.0,0.0,0.0,0.0,0.0,100.0,UNKNOWN,1,0.0,0.0,0.0,0.0,0.0,0.0,100.0,UNKNOWN,1,0.0,0.0,0.0,0.0,0.0,0.0,100.0,UNKNOWN,1,0.0,0.0,0.0,0.0,0.0,0.0,100.0,UNKNOWN,1,9.685040473937988,IDLE,0.0
1779448233.7121336,0.0,0.0,1.0,0.0,0.0,0.0,100.0,DISARMED,1,0.0,0.0,0.0,0.0,0.0,0.0,100.0,UNKNOWN,1,0.0,0.0,0.0,0.0,0.0,0.0,100.0,UNKNOWN,1,0.0,0.0,0.0,0.0,0.0,0.0,100.0,UNKNOWN,1,0.0,0.0,0.0,0.0,0.0,0.0,100.0,UNKNOWN,1,9.685040473937988,IDLE,0.0
1779448233.8524642,0.0,0.0,1.0,0.0,0.0,0.0,100.0,DISARMED,1,0.0,0.0,0.0,0.0,0.0,0.0,100.0,UNKNOWN,1,0.0,0.0,0.0,0.0,0.0,0.0,100.0,UNKNOWN,1,0.0,0.0,0.0,0.0,0.0,0.0,100.0,UNKNOWN,1,0.0,0.0,0.0,0.0,0.0,0.0,100.0,UNKNOWN,1,9.685040473937988,IDLE,0.0
1779448233.8886147,0.0,0.0,1.0,0.0,0.0,0.0,100.0,DISARMED,1,0.0,0.0,0.0,0.0,0.0,0.0,100.0,UNKNOWN,1,0.0,0.0,0.0,0.0,0.0,0.0,100.0,UNKNOWN,1,0.0,0.0,0.0,0.0,0.0,0.0,100.0,UNKNOWN,1,0.0,0.0,0.0,0.0,0.0,0.0,100.0,UNKNOWN,1,9.685040473937988,IDLE,0.0
1779448233.997481,0.0,0.0,1.0,0.0,0.0,0.0,100.0,DISARMED,1,0.0,0.0,0.0,0.0,0.0,0.0,100.0,UNKNOWN,1,0.0,0.0,0.0,0.0,0.0,0.0,100.0,UNKNOWN,1,0.0,0.0,0.0,0.0,0.0,0.0,100.0,UNKNOWN,1,0.0,0.0,0.0,0.0,0.0,0.0,100.0,UNKNOWN,1,9.685040473937988,IDLE,0.0
1779448234.1505365,0.0,0.0,1.0,0.0,0.0,0.0,100.0,DISARMED,1,0.0,0.0,0.0,0.0,0.0,0.0,100.0,UNKNOWN,1,0.0,0.0,0.0,0.0,0.0,0.0,100.0,UNKNOWN,1,0.0,0.0,0.0,0.0,0.0,0.0,100.0,UNKNOWN,1,0.0,0.0,0.0,0.0,0.0,0.0,100.0,UNKNOWN,1,9.685040473937988,IDLE,0.0
1779448234.7236533,0.0,0.0,1.0,0.0,0.0,0.0,100.0,DISARMED,1,0.0,0.0,0.0,0.0,0.0,0.0,100.0,UNKNOWN,1,0.0,0.0,0.0,0.0,0.0,0.0,100.0,UNKNOWN,1,0.0,0.0,0.0,0.0,0.0,0.0,100.0,UNKNOWN,1,0.0,0.0,0.0,0.0,0.0,0.0,100.0,UNKNOWN,1,9.685040473937988,IDLE,0.0
1779448234.9126859,0.0,0.0,1.0,0.0,0.0,0.0,100.0,DISARMED,1,0.0,0.0,0.0,0.0,0.0,0.0,100.0,UNKNOWN,1,0.0,0.0,0.0,0.0,0.0,0.0,100.0,UNKNOWN,1,0.0,0.0,0.0,0.0,0.0,0.0,100.0,UNKNOWN,1,0.0,0.0,0.0,0.0,0.0,0.0,100.0,UNKNOWN,1,9.685040473937988,IDLE,0.0
1779448235.0252688,0.0,0.0,1.0,0.0,0.0,0.0,100.0,DISARMED,1,0.0,0.0,0.0,0.0,0.0,0.0,100.0,UNKNOWN,1,0.0,0.0,0.0,0.0,0.0,0.0,100.0,UNKNOWN,1,0.0,0.0,0.0,0.0,0.0,0.0,100.0,UNKNOWN,1,0.0,0.0,0.0,0.0,0.0,0.0,100.0,UNKNOWN,1,9.685040473937988,IDLE,0.0
1779448235.2274995,0.0,0.0,1.0,0.0,0.0,0.0,100.0,DISARMED,1,0.0,0.0,0.0,0.0,0.0,0.0,100.0,UNKNOWN,1,0.0,0.0,0.0,0.0,0.0,0.0,100.0,UNKNOWN,1,0.0,0.0,0.0,0.0,0.0,0.0,100.0,UNKNOWN,1,0.0,0.0,0.0,0.0,0.0,0.0,100.0,UNKNOWN,1,9.685040473937988,IDLE,0.0
1779448235.5798903,0.0,0.0,1.0,0.0,0.0,0.0,100.0,DISARMED,1,0.0,0.0,0.0,0.0,0.0,0.0,100.0,UNKNOWN,1,0.0,0.0,0.0,0.0,0.0,0.0,100.0,UNKNOWN,1,0.0,0.0,0.0,0.0,0.0,0.0,100.0,UNKNOWN,1,0.0,0.0,0.0,0.0,0.0,0.0,100.0,UNKNOWN,1,9.685040473937988,IDLE,0.0
1779448235.7248058,0.0,0.0,1.0,0.0,0.0,0.0,100.0,DISARMED,1,0.0,0.0,0.0,0.0,0.0,0.0,100.0,UNKNOWN,1,0.0,0.0,0.0,0.0,0.0,0.0,100.0,UNKNOWN,1,0.0,0.0,0.0,0.0,0.0,0.0,100.0,UNKNOWN,1,0.0,0.0,0.0,0.0,0.0,0.0,100.0,UNKNOWN,1,9.685040473937988,IDLE,0.0
1779448235.8136125,0.0,0.0,1.0,0.0,0.0,0.0,100.0,DISARMED,1,0.0,0.0,0.0,0.0,0.0,0.0,100.0,UNKNOWN,1,0.0,0.0,0.0,0.0,0.0,0.0,100.0,UNKNOWN,1,0.0,0.0,0.0,0.0,0.0,0.0,100.0,UNKNOWN,1,0.0,0.0,0.0,0.0,0.0,0.0,100.0,UNKNOWN,1,9.685040473937988,IDLE,0.0
1779448236.0552077,0.0,0.0,1.0,0.0,0.0,0.0,100.0,DISARMED,1,0.0,0.0,0.0,0.0,0.0,0.0,100.0,UNKNOWN,1,0.0,0.0,0.0,0.0,0.0,0.0,100.0,UNKNOWN,1,0.0,0.0,0.0,0.0,0.0,0.0,100.0,UNKNOWN,1,0.0,0.0,0.0,0.0,0.0,0.0,100.0,UNKNOWN,1,9.685040473937988,IDLE,0.0
1779448236.130166,0.0,0.0,1.0,0.0,0.0,0.0,100.0,DISARMED,1,0.0,0.0,0.0,0.0,0.0,0.0,100.0,UNKNOWN,1,0.0,0.0,0.0,0.0,0.0,0.0,100.0,UNKNOWN,1,0.0,0.0,0.0,0.0,0.0,0.0,100.0,UNKNOWN,1,0.0,0.0,0.0,0.0,0.0,0.0,100.0,UNKNOWN,1,9.685040473937988,IDLE,0.0
1779448236.3145056,0.0,0.0,1.0,0.0,0.0,0.0,100.0,DISARMED,1,0.0,0.0,0.0,0.0,0.0,0.0,100.0,UNKNOWN,1,0.0,0.0,0.0,0.0,0.0,0.0,100.0,UNKNOWN,1,0.0,0.0,0.0,0.0,0.0,0.0,100.0,UNKNOWN,1,0.0,0.0,0.0,0.0,0.0,0.0,100.0,UNKNOWN,1,9.685040473937988,IDLE,0.0
1779448236.5593312,0.0,0.0,1.0,0.0,0.0,0.0,100.0,DISARMED,1,0.0,0.0,0.0,0.0,0.0,0.0,100.0,UNKNOWN,1,0.0,0.0,0.0,0.0,0.0,0.0,100.0,UNKNOWN,1,0.0,0.0,0.0,0.0,0.0,0.0,100.0,UNKNOWN,1,0.0,0.0,0.0,0.0,0.0,0.0,100.0,UNKNOWN,1,9.685040473937988,IDLE,0.0
1779448236.5923438,0.0,0.0,1.0,0.0,0.0,0.0,100.0,DISARMED,1,0.0,0.0,0.0,0.0,0.0,0.0,100.0,UNKNOWN,1,0.0,0.0,0.0,0.0,0.0,0.0,100.0,UNKNOWN,1,0.0,0.0,0.0,0.0,0.0,0.0,100.0,UNKNOWN,1,0.0,0.0,0.0,0.0,0.0,0.0,100.0,UNKNOWN,1,9.685040473937988,IDLE,0.0
1779448236.6975741,0.0,0.0,1.0,0.0,0.0,0.0,100.0,DISARMED,1,0.0,0.0,0.0,0.0,0.0,0.0,100.0,UNKNOWN,1,0.0,0.0,0.0,0.0,0.0,0.0,100.0,UNKNOWN,1,0.0,0.0,0.0,0.0,0.0,0.0,100.0,UNKNOWN,1,0.0,0.0,0.0,0.0,0.0,0.0,100.0,UNKNOWN,1,9.685040473937988,IDLE,0.0
1779448236.8098335,0.0,0.0,1.0,0.0,0.0,0.0,100.0,DISARMED,1,0.0,0.0,0.0,0.0,0.0,0.0,100.0,UNKNOWN,1,0.0,0.0,0.0,0.0,0.0,0.0,100.0,UNKNOWN,1,0.0,0.0,0.0,0.0,0.0,0.0,100.0,UNKNOWN,1,0.0,0.0,0.0,0.0,0.0,0.0,100.0,UNKNOWN,1,9.685040473937988,IDLE,0.0
1779448237.0384307,0.0,0.0,1.0,0.0,0.0,0.0,100.0,DISARMED,1,0.0,0.0,0.0,0.0,0.0,0.0,100.0,UNKNOWN,1,0.0,0.0,0.0,0.0,0.0,0.0,100.0,UNKNOWN,1,0.0,0.0,0.0,0.0,0.0,0.0,100.0,UNKNOWN,1,0.0,0.0,0.0,0.0,0.0,0.0,100.0,UNKNOWN,1,9.685040473937988,IDLE,0.0
1779448237.186301,0.0,0.0,1.0,0.0,0.0,0.0,100.0,DISARMED,1,0.0,0.0,0.0,0.0,0.0,0.0,100.0,UNKNOWN,1,0.0,0.0,0.0,0.0,0.0,0.0,100.0,UNKNOWN,1,0.0,0.0,0.0,0.0,0.0,0.0,100.0,UNKNOWN,1,0.0,0.0,0.0,0.0,0.0,0.0,100.0,UNKNOWN,1,9.685040473937988,IDLE,0.0
1779448237.198429,0.0,0.0,1.0,0.0,0.0,0.0,100.0,DISARMED,1,0.0,0.0,0.0,0.0,0.0,0.0,100.0,UNKNOWN,1,0.0,0.0,0.0,0.0,0.0,0.0,100.0,UNKNOWN,1,0.0,0.0,0.0,0.0,0.0,0.0,100.0,UNKNOWN,1,0.0,0.0,0.0,0.0,0.0,0.0,100.0,UNKNOWN,1,9.685040473937988,IDLE,0.0
1779448237.596532,0.0,0.0,1.0,0.0,0.0,0.0,100.0,DISARMED,1,0.0,0.0,0.0,0.0,0.0,0.0,100.0,UNKNOWN,1,0.0,0.0,0.0,0.0,0.0,0.0,100.0,UNKNOWN,1,0.0,0.0,0.0,0.0,0.0,0.0,100.0,UNKNOWN,1,0.0,0.0,0.0,0.0,0.0,0.0,100.0,UNKNOWN,1,9.685040473937988,IDLE,0.0
1779448237.7324877,0.0,0.0,1.0,0.0,0.0,0.0,100.0,DISARMED,1,0.0,0.0,0.0,0.0,0.0,0.0,100.0,UNKNOWN,1,0.0,0.0,0.0,0.0,0.0,0.0,100.0,UNKNOWN,1,0.0,0.0,0.0,0.0,0.0,0.0,100.0,UNKNOWN,1,0.0,0.0,0.0,0.0,0.0,0.0,100.0,UNKNOWN,1,9.685040473937988,IDLE,0.0
1779448237.8718295,0.0,0.0,1.0,0.0,0.0,0.0,100.0,DISARMED,1,0.0,0.0,0.0,0.0,0.0,0.0,100.0,UNKNOWN,1,0.0,0.0,0.0,0.0,0.0,0.0,100.0,UNKNOWN,1,0.0,0.0,0.0,0.0,0.0,0.0,100.0,UNKNOWN,1,0.0,0.0,0.0,0.0,0.0,0.0,100.0,UNKNOWN,1,9.685040473937988,IDLE,0.0
1779448238.0603433,0.0,0.0,1.0,0.0,0.0,0.0,100.0,DISARMED,1,0.0,0.0,0.0,0.0,0.0,0.0,100.0,UNKNOWN,1,0.0,0.0,0.0,0.0,0.0,0.0,100.0,UNKNOWN,1,0.0,0.0,0.0,0.0,0.0,0.0,100.0,UNKNOWN,1,0.0,0.0,0.0,0.0,0.0,0.0,100.0,UNKNOWN,1,9.685040473937988,IDLE,0.0
1779448238.212944,0.0,0.0,1.0,0.0,0.0,0.0,100.0,DISARMED,1,0.0,0.0,0.0,0.0,0.0,0.0,100.0,UNKNOWN,1,0.0,0.0,0.0,0.0,0.0,0.0,100.0,UNKNOWN,1,0.0,0.0,0.0,0.0,0.0,0.0,100.0,UNKNOWN,1,0.0,0.0,0.0,0.0,0.0,0.0,100.0,UNKNOWN,1,9.685040473937988,IDLE,0.0
1779448238.442432,0.0,0.0,1.0,0.0,0.0,0.0,100.0,DISARMED,1,0.0,0.0,0.0,0.0,0.0,0.0,100.0,UNKNOWN,1,0.0,0.0,0.0,0.0,0.0,0.0,100.0,UNKNOWN,1,0.0,0.0,0.0,0.0,0.0,0.0,100.0,UNKNOWN,1,0.0,0.0,0.0,0.0,0.0,0.0,100.0,UNKNOWN,1,9.685040473937988,IDLE,0.0
1779448238.5101964,0.0,0.0,1.0,0.0,0.0,0.0,100.0,DISARMED,1,0.0,0.0,0.0,0.0,0.0,0.0,100.0,UNKNOWN,1,0.0,0.0,0.0,0.0,0.0,0.0,100.0,UNKNOWN,1,0.0,0.0,0.0,0.0,0.0,0.0,100.0,UNKNOWN,1,0.0,0.0,0.0,0.0,0.0,0.0,100.0,UNKNOWN,1,9.685040473937988,IDLE,0.0
1779448238.6881478,0.0,0.0,1.0,0.0,0.0,0.0,100.0,DISARMED,1,0.0,0.0,0.0,0.0,0.0,0.0,100.0,UNKNOWN,1,0.0,0.0,0.0,0.0,0.0,0.0,100.0,UNKNOWN,1,0.0,0.0,0.0,0.0,0.0,0.0,100.0,UNKNOWN,1,0.0,0.0,0.0,0.0,0.0,0.0,100.0,UNKNOWN,1,9.685040473937988,IDLE,0.0
1779448238.809632,0.0,0.0,1.0,0.0,0.0,0.0,100.0,DISARMED,1,0.0,0.0,0.0,0.0,0.0,0.0,100.0,UNKNOWN,1,0.0,0.0,0.0,0.0,0.0,0.0,100.0,UNKNOWN,1,0.0,0.0,0.0,0.0,0.0,0.0,100.0,UNKNOWN,1,0.0,0.0,0.0,0.0,0.0,0.0,100.0,UNKNOWN,1,9.685040473937988,IDLE,0.0
1779448238.9394603,0.0,0.0,1.0,0.0,0.0,0.0,100.0,DISARMED,1,0.0,0.0,0.0,0.0,0.0,0.0,100.0,UNKNOWN,1,0.0,0.0,0.0,0.0,0.0,0.0,100.0,UNKNOWN,1,0.0,0.0,0.0,0.0,0.0,0.0,100.0,UNKNOWN,1,0.0,0.0,0.0,0.0,0.0,0.0,100.0,UNKNOWN,1,9.685040473937988,IDLE,0.0
1779448239.0876863,0.0,0.0,1.0,0.0,0.0,0.0,100.0,DISARMED,1,0.0,0.0,0.0,0.0,0.0,0.0,100.0,UNKNOWN,1,0.0,0.0,0.0,0.0,0.0,0.0,100.0,UNKNOWN,1,0.0,0.0,0.0,0.0,0.0,0.0,100.0,UNKNOWN,1,0.0,0.0,0.0,0.0,0.0,0.0,100.0,UNKNOWN,1,9.685040473937988,IDLE,0.0
1779448239.2247763,0.0,0.0,1.0,0.0,0.0,0.0,100.0,DISARMED,1,0.0,0.0,0.0,0.0,0.0,0.0,100.0,UNKNOWN,1,0.0,0.0,0.0,0.0,0.0,0.0,100.0,UNKNOWN,1,0.0,0.0,0.0,0.0,0.0,0.0,100.0,UNKNOWN,1,0.0,0.0,0.0,0.0,0.0,0.0,100.0,UNKNOWN,1,9.685040473937988,IDLE,0.0
1779448239.423894,0.0,0.0,1.0,0.0,0.0,0.0,100.0,DISARMED,1,0.0,0.0,0.0,0.0,0.0,0.0,100.0,UNKNOWN,1,0.0,0.0,0.0,0.0,0.0,0.0,100.0,UNKNOWN,1,0.0,0.0,0.0,0.0,0.0,0.0,100.0,UNKNOWN,1,0.0,0.0,0.0,0.0,0.0,0.0,100.0,UNKNOWN,1,9.685040473937988,IDLE,0.0
1779448239.5656247,0.0,0.0,1.0,0.0,0.0,0.0,100.0,DISARMED,1,0.0,0.0,0.0,0.0,0.0,0.0,100.0,UNKNOWN,1,0.0,0.0,0.0,0.0,0.0,0.0,100.0,UNKNOWN,1,0.0,0.0,0.0,0.0,0.0,0.0,100.0,UNKNOWN,1,0.0,0.0,0.0,0.0,0.0,0.0,100.0,UNKNOWN,1,9.685040473937988,IDLE,0.0
1779448239.684938,0.0,0.0,1.0,0.0,0.0,0.0,100.0,DISARMED,1,0.0,0.0,0.0,0.0,0.0,0.0,100.0,UNKNOWN,1,0.0,0.0,0.0,0.0,0.0,0.0,100.0,UNKNOWN,1,0.0,0.0,0.0,0.0,0.0,0.0,100.0,UNKNOWN,1,0.0,0.0,0.0,0.0,0.0,0.0,100.0,UNKNOWN,1,9.685040473937988,IDLE,0.0
1779448239.7390885,0.0,0.0,1.0,0.0,0.0,0.0,100.0,DISARMED,1,0.0,0.0,0.0,0.0,0.0,0.0,100.0,UNKNOWN,1,0.0,0.0,0.0,0.0,0.0,0.0,100.0,UNKNOWN,1,0.0,0.0,0.0,0.0,0.0,0.0,100.0,UNKNOWN,1,0.0,0.0,0.0,0.0,0.0,0.0,100.0,UNKNOWN,1,9.685040473937988,IDLE,0.0
1779448239.9101737,0.0,0.0,1.0,0.0,0.0,0.0,100.0,DISARMED,1,0.0,0.0,0.0,0.0,0.0,0.0,100.0,UNKNOWN,1,0.0,0.0,0.0,0.0,0.0,0.0,100.0,UNKNOWN,1,0.0,0.0,0.0,0.0,0.0,0.0,100.0,UNKNOWN,1,0.0,0.0,0.0,0.0,0.0,0.0,100.0,UNKNOWN,1,9.685040473937988,IDLE,0.0
1779448240.011449,0.0,0.0,1.0,0.0,0.0,0.0,100.0,DISARMED,1,0.0,0.0,0.0,0.0,0.0,0.0,100.0,UNKNOWN,1,0.0,0.0,0.0,0.0,0.0,0.0,100.0,UNKNOWN,1,0.0,0.0,0.0,0.0,0.0,0.0,100.0,UNKNOWN,1,0.0,0.0,0.0,0.0,0.0,0.0,100.0,UNKNOWN,1,9.685040473937988,IDLE,0.0
1779448240.1089106,0.0,0.0,1.0,0.0,0.0,0.0,100.0,DISARMED,1,0.0,0.0,0.0,0.0,0.0,0.0,100.0,UNKNOWN,1,0.0,0.0,0.0,0.0,0.0,0.0,100.0,UNKNOWN,1,0.0,0.0,0.0,0.0,0.0,0.0,100.0,UNKNOWN,1,0.0,0.0,0.0,0.0,0.0,0.0,100.0,UNKNOWN,1,9.685040473937988,IDLE,0.0
1779448240.2765794,0.0,0.0,1.0,0.0,0.0,0.0,100.0,DISARMED,1,0.0,0.0,0.0,0.0,0.0,0.0,100.0,UNKNOWN,1,0.0,0.0,0.0,0.0,0.0,0.0,100.0,UNKNOWN,1,0.0,0.0,0.0,0.0,0.0,0.0,100.0,UNKNOWN,1,0.0,0.0,0.0,0.0,0.0,0.0,100.0,UNKNOWN,1,9.685040473937988,IDLE,0.0
1779448240.5802765,0.0,0.0,1.0,0.0,0.0,0.0,100.0,DISARMED,1,0.0,0.0,0.0,0.0,0.0,0.0,100.0,UNKNOWN,1,0.0,0.0,0.0,0.0,0.0,0.0,100.0,UNKNOWN,1,0.0,0.0,0.0,0.0,0.0,0.0,100.0,UNKNOWN,1,0.0,0.0,0.0,0.0,0.0,0.0,100.0,UNKNOWN,1,9.685040473937988,IDLE,0.0
1779448240.6666632,0.0,0.0,1.0,0.0,0.0,0.0,100.0,DISARMED,1,0.0,0.0,0.0,0.0,0.0,0.0,100.0,UNKNOWN,1,0.0,0.0,0.0,0.0,0.0,0.0,100.0,UNKNOWN,1,0.0,0.0,0.0,0.0,0.0,0.0,100.0,UNKNOWN,1,0.0,0.0,0.0,0.0,0.0,0.0,100.0,UNKNOWN,1,9.685040473937988,IDLE,0.0
1779448240.7304313,0.0,0.0,1.0,0.0,0.0,0.0,100.0,DISARMED,1,0.0,0.0,0.0,0.0,0.0,0.0,100.0,UNKNOWN,1,0.0,0.0,0.0,0.0,0.0,0.0,100.0,UNKNOWN,1,0.0,0.0,0.0,0.0,0.0,0.0,100.0,UNKNOWN,1,0.0,0.0,0.0,0.0,0.0,0.0,100.0,UNKNOWN,1,9.685040473937988,IDLE,0.0
1779448240.8574822,0.0,0.0,1.0,0.0,0.0,0.0,100.0,DISARMED,1,0.0,0.0,0.0,0.0,0.0,0.0,100.0,UNKNOWN,1,0.0,0.0,0.0,0.0,0.0,0.0,100.0,UNKNOWN,1,0.0,0.0,0.0,0.0,0.0,0.0,100.0,UNKNOWN,1,0.0,0.0,0.0,0.0,0.0,0.0,100.0,UNKNOWN,1,9.685040473937988,IDLE,0.0
1779448241.0261536,0.0,0.0,1.0,0.0,0.0,0.0,100.0,DISARMED,1,0.0,0.0,0.0,0.0,0.0,0.0,100.0,UNKNOWN,1,0.0,0.0,0.0,0.0,0.0,0.0,100.0,UNKNOWN,1,0.0,0.0,0.0,0.0,0.0,0.0,100.0,UNKNOWN,1,0.0,0.0,0.0,0.0,0.0,0.0,100.0,UNKNOWN,1,9.685040473937988,IDLE,0.0
1779448241.2209246,0.0,0.0,1.0,0.0,0.0,0.0,100.0,DISARMED,1,0.0,0.0,0.0,0.0,0.0,0.0,100.0,UNKNOWN,1,0.0,0.0,0.0,0.0,0.0,0.0,100.0,UNKNOWN,1,0.0,0.0,0.0,0.0,0.0,0.0,100.0,UNKNOWN,1,0.0,0.0,0.0,0.0,0.0,0.0,100.0,UNKNOWN,1,9.685040473937988,IDLE,0.0
1779448241.5360932,0.0,0.0,1.0,0.0,0.0,0.0,100.0,DISARMED,1,0.0,0.0,0.0,0.0,0.0,0.0,100.0,UNKNOWN,1,0.0,0.0,0.0,0.0,0.0,0.0,100.0,UNKNOWN,1,0.0,0.0,0.0,0.0,0.0,0.0,100.0,UNKNOWN,1,0.0,0.0,0.0,0.0,0.0,0.0,100.0,UNKNOWN,1,9.685040473937988,IDLE,0.0
1779448241.6297975,0.0,0.0,1.0,0.0,0.0,0.0,100.0,DISARMED,1,0.0,0.0,0.0,0.0,0.0,0.0,100.0,UNKNOWN,1,0.0,0.0,0.0,0.0,0.0,0.0,100.0,UNKNOWN,1,0.0,0.0,0.0,0.0,0.0,0.0,100.0,UNKNOWN,1,0.0,0.0,0.0,0.0,0.0,0.0,100.0,UNKNOWN,1,9.685040473937988,IDLE,0.0
1779448241.6994197,0.0,0.0,1.0,0.0,0.0,0.0,100.0,DISARMED,1,0.0,0.0,0.0,0.0,0.0,0.0,100.0,UNKNOWN,1,0.0,0.0,0.0,0.0,0.0,0.0,100.0,UNKNOWN,1,0.0,0.0,0.0,0.0,0.0,0.0,100.0,UNKNOWN,1,0.0,0.0,0.0,0.0,0.0,0.0,100.0,UNKNOWN,1,9.685040473937988,IDLE,0.0
1779448241.890559,0.0,0.0,1.0,0.0,0.0,0.0,100.0,DISARMED,1,0.0,0.0,0.0,0.0,0.0,0.0,100.0,UNKNOWN,1,0.0,0.0,0.0,0.0,0.0,0.0,100.0,UNKNOWN,1,0.0,0.0,0.0,0.0,0.0,0.0,100.0,UNKNOWN,1,0.0,0.0,0.0,0.0,0.0,0.0,100.0,UNKNOWN,1,9.685040473937988,IDLE,0.0
1779448242.0727851,0.0,0.0,1.0,0.0,0.0,0.0,100.0,DISARMED,1,0.0,0.0,0.0,0.0,0.0,0.0,100.0,UNKNOWN,1,0.0,0.0,0.0,0.0,0.0,0.0,100.0,UNKNOWN,1,0.0,0.0,0.0,0.0,0.0,0.0,100.0,UNKNOWN,1,0.0,0.0,0.0,0.0,0.0,0.0,100.0,UNKNOWN,1,9.685040473937988,IDLE,0.0
1779448242.1732702,0.0,0.0,1.0,0.0,0.0,0.0,100.0,DISARMED,1,0.0,0.0,0.0,0.0,0.0,0.0,100.0,UNKNOWN,1,0.0,0.0,0.0,0.0,0.0,0.0,100.0,UNKNOWN,1,0.0,0.0,0.0,0.0,0.0,0.0,100.0,UNKNOWN,1,0.0,0.0,0.0,0.0,0.0,0.0,100.0,UNKNOWN,1,9.685040473937988,IDLE,0.0
1779448242.2118104,0.0,0.0,1.0,0.0,0.0,0.0,100.0,DISARMED,1,0.0,0.0,0.0,0.0,0.0,0.0,100.0,UNKNOWN,1,0.0,0.0,0.0,0.0,0.0,0.0,100.0,UNKNOWN,1,0.0,0.0,0.0,0.0,0.0,0.0,100.0,UNKNOWN,1,0.0,0.0,0.0,0.0,0.0,0.0,100.0,UNKNOWN,1,9.685040473937988,IDLE,0.0
1779448242.6883113,0.0,0.0,1.0,0.0,0.0,0.0,100.0,DISARMED,1,0.0,0.0,0.0,0.0,0.0,0.0,100.0,UNKNOWN,1,0.0,0.0,0.0,0.0,0.0,0.0,100.0,UNKNOWN,1,0.0,0.0,0.0,0.0,0.0,0.0,100.0,UNKNOWN,1,0.0,0.0,0.0,0.0,0.0,0.0,100.0,UNKNOWN,1,9.685040473937988,IDLE,0.0
1779448242.8580518,0.0,0.0,1.0,0.0,0.0,0.0,100.0,DISARMED,1,0.0,0.0,0.0,0.0,0.0,0.0,100.0,UNKNOWN,1,0.0,0.0,0.0,0.0,0.0,0.0,100.0,UNKNOWN,1,0.0,0.0,0.0,0.0,0.0,0.0,100.0,UNKNOWN,1,0.0,0.0,0.0,0.0,0.0,0.0,100.0,UNKNOWN,1,9.685040473937988,IDLE,0.0
1779448242.9192047,0.0,0.0,1.0,0.0,0.0,0.0,100.0,DISARMED,1,0.0,0.0,0.0,0.0,0.0,0.0,100.0,UNKNOWN,1,0.0,0.0,0.0,0.0,0.0,0.0,100.0,UNKNOWN,1,0.0,0.0,0.0,0.0,0.0,0.0,100.0,UNKNOWN,1,0.0,0.0,0.0,0.0,0.0,0.0,100.0,UNKNOWN,1,9.685040473937988,IDLE,0.0
1779448243.0213509,0.0,0.0,1.0,0.0,0.0,0.0,100.0,DISARMED,1,0.0,0.0,0.0,0.0,0.0,0.0,100.0,UNKNOWN,1,0.0,0.0,0.0,0.0,0.0,0.0,100.0,UNKNOWN,1,0.0,0.0,0.0,0.0,0.0,0.0,100.0,UNKNOWN,1,0.0,0.0,0.0,0.0,0.0,0.0,100.0,UNKNOWN,1,9.685040473937988,IDLE,0.0
1779448243.1413248,0.0,0.0,1.0,0.0,0.0,0.0,100.0,DISARMED,1,0.0,0.0,0.0,0.0,0.0,0.0,100.0,UNKNOWN,1,0.0,0.0,0.0,0.0,0.0,0.0,100.0,UNKNOWN,1,0.0,0.0,0.0,0.0,0.0,0.0,100.0,UNKNOWN,1,0.0,0.0,0.0,0.0,0.0,0.0,100.0,UNKNOWN,1,9.685040473937988,IDLE,0.0
1779448243.189561,0.0,0.0,1.0,0.0,0.0,0.0,100.0,DISARMED,1,0.0,0.0,0.0,0.0,0.0,0.0,100.0,UNKNOWN,1,0.0,0.0,0.0,0.0,0.0,0.0,100.0,UNKNOWN,1,0.0,0.0,0.0,0.0,0.0,0.0,100.0,UNKNOWN,1,0.0,0.0,0.0,0.0,0.0,0.0,100.0,UNKNOWN,1,9.685040473937988,IDLE,0.0
1779448243.5712438,0.0,0.0,1.0,0.0,0.0,0.0,100.0,DISARMED,1,0.0,0.0,0.0,0.0,0.0,0.0,100.0,UNKNOWN,1,0.0,0.0,0.0,0.0,0.0,0.0,100.0,UNKNOWN,1,0.0,0.0,0.0,0.0,0.0,0.0,100.0,UNKNOWN,1,0.0,0.0,0.0,0.0,0.0,0.0,100.0,UNKNOWN,1,9.685040473937988,IDLE,0.0
1779448243.609938,0.0,0.0,1.0,0.0,0.0,0.0,100.0,DISARMED,1,0.0,0.0,0.0,0.0,0.0,0.0,100.0,UNKNOWN,1,0.0,0.0,0.0,0.0,0.0,0.0,100.0,UNKNOWN,1,0.0,0.0,0.0,0.0,0.0,0.0,100.0,UNKNOWN,1,0.0,0.0,0.0,0.0,0.0,0.0,100.0,UNKNOWN,1,9.685040473937988,IDLE,0.0
1779448243.7389705,0.0,0.0,1.0,0.0,0.0,0.0,100.0,DISARMED,1,0.0,0.0,0.0,0.0,0.0,0.0,100.0,UNKNOWN,1,0.0,0.0,0.0,0.0,0.0,0.0,100.0,UNKNOWN,1,0.0,0.0,0.0,0.0,0.0,0.0,100.0,UNKNOWN,1,0.0,0.0,0.0,0.0,0.0,0.0,100.0,UNKNOWN,1,9.685040473937988,IDLE,0.0
1779448243.8369021,0.0,0.0,1.0,0.0,0.0,0.0,100.0,DISARMED,1,0.0,0.0,0.0,0.0,0.0,0.0,100.0,UNKNOWN,1,0.0,0.0,0.0,0.0,0.0,0.0,100.0,UNKNOWN,1,0.0,0.0,0.0,0.0,0.0,0.0,100.0,UNKNOWN,1,0.0,0.0,0.0,0.0,0.0,0.0,100.0,UNKNOWN,1,9.685040473937988,IDLE,0.0
1779448243.9737751,0.0,0.0,1.0,0.0,0.0,0.0,100.0,DISARMED,1,0.0,0.0,0.0,0.0,0.0,0.0,100.0,UNKNOWN,1,0.0,0.0,0.0,0.0,0.0,0.0,100.0,UNKNOWN,1,0.0,0.0,0.0,0.0,0.0,0.0,100.0,UNKNOWN,1,0.0,0.0,0.0,0.0,0.0,0.0,100.0,UNKNOWN,1,9.685040473937988,IDLE,0.0
1779448244.139925,0.0,0.0,1.0,0.0,0.0,0.0,100.0,DISARMED,1,0.0,0.0,0.0,0.0,0.0,0.0,100.0,UNKNOWN,1,0.0,0.0,0.0,0.0,0.0,0.0,100.0,UNKNOWN,1,0.0,0.0,0.0,0.0,0.0,0.0,100.0,UNKNOWN,1,0.0,0.0,0.0,0.0,0.0,0.0,100.0,UNKNOWN,1,9.685040473937988,IDLE,0.0
1779448244.1902874,0.0,0.0,1.0,0.0,0.0,0.0,100.0,DISARMED,1,0.0,0.0,0.0,0.0,0.0,0.0,100.0,UNKNOWN,1,0.0,0.0,0.0,0.0,0.0,0.0,100.0,UNKNOWN,1,0.0,0.0,0.0,0.0,0.0,0.0,100.0,UNKNOWN,1,0.0,0.0,0.0,0.0,0.0,0.0,100.0,UNKNOWN,1,9.685040473937988,IDLE,0.0
1779448244.4910216,0.0,0.0,1.0,0.0,0.0,0.0,100.0,DISARMED,1,0.0,0.0,0.0,0.0,0.0,0.0,100.0,UNKNOWN,1,0.0,0.0,0.0,0.0,0.0,0.0,100.0,UNKNOWN,1,0.0,0.0,0.0,0.0,0.0,0.0,100.0,UNKNOWN,1,0.0,0.0,0.0,0.0,0.0,0.0,100.0,UNKNOWN,1,9.685040473937988,IDLE,0.0
1779448244.6193311,0.0,0.0,1.0,0.0,0.0,0.0,100.0,DISARMED,1,0.0,0.0,0.0,0.0,0.0,0.0,100.0,UNKNOWN,1,0.0,0.0,0.0,0.0,0.0,0.0,100.0,UNKNOWN,1,0.0,0.0,0.0,0.0,0.0,0.0,100.0,UNKNOWN,1,0.0,0.0,0.0,0.0,0.0,0.0,100.0,UNKNOWN,1,9.685040473937988,IDLE,0.0
1779448244.7255306,0.0,0.0,1.0,0.0,0.0,0.0,100.0,DISARMED,1,0.0,0.0,0.0,0.0,0.0,0.0,100.0,UNKNOWN,1,0.0,0.0,0.0,0.0,0.0,0.0,100.0,UNKNOWN,1,0.0,0.0,0.0,0.0,0.0,0.0,100.0,UNKNOWN,1,0.0,0.0,0.0,0.0,0.0,0.0,100.0,UNKNOWN,1,9.685040473937988,IDLE,0.0
1779448244.8078601,0.0,0.0,1.0,0.0,0.0,0.0,100.0,DISARMED,1,0.0,0.0,0.0,0.0,0.0,0.0,100.0,UNKNOWN,1,0.0,0.0,0.0,0.0,0.0,0.0,100.0,UNKNOWN,1,0.0,0.0,0.0,0.0,0.0,0.0,100.0,UNKNOWN,1,0.0,0.0,0.0,0.0,0.0,0.0,100.0,UNKNOWN,1,9.685040473937988,IDLE,0.0
1779448244.9025877,0.0,0.0,1.0,0.0,0.0,0.0,100.0,DISARMED,1,0.0,0.0,0.0,0.0,0.0,0.0,100.0,UNKNOWN,1,0.0,0.0,0.0,0.0,0.0,0.0,100.0,UNKNOWN,1,0.0,0.0,0.0,0.0,0.0,0.0,100.0,UNKNOWN,1,0.0,0.0,0.0,0.0,0.0,0.0,100.0,UNKNOWN,1,9.685040473937988,IDLE,0.0
1779448245.0051377,0.0,0.0,1.0,0.0,0.0,0.0,100.0,DISARMED,1,0.0,0.0,0.0,0.0,0.0,0.0,100.0,UNKNOWN,1,0.0,0.0,0.0,0.0,0.0,0.0,100.0,UNKNOWN,1,0.0,0.0,0.0,0.0,0.0,0.0,100.0,UNKNOWN,1,0.0,0.0,0.0,0.0,0.0,0.0,100.0,UNKNOWN,1,9.685040473937988,IDLE,0.0
1779448245.2191331,0.0,0.0,1.0,0.0,0.0,0.0,100.0,DISARMED,1,0.0,0.0,0.0,0.0,0.0,0.0,100.0,UNKNOWN,1,0.0,0.0,0.0,0.0,0.0,0.0,100.0,UNKNOWN,1,0.0,0.0,0.0,0.0,0.0,0.0,100.0,UNKNOWN,1,0.0,0.0,0.0,0.0,0.0,0.0,100.0,UNKNOWN,1,9.685040473937988,IDLE,0.0
1779448245.6885877,0.0,0.0,1.0,0.0,0.0,0.0,100.0,DISARMED,1,0.0,0.0,0.0,0.0,0.0,0.0,100.0,UNKNOWN,1,0.0,0.0,0.0,0.0,0.0,0.0,100.0,UNKNOWN,1,0.0,0.0,0.0,0.0,0.0,0.0,100.0,UNKNOWN,1,0.0,0.0,0.0,0.0,0.0,0.0,100.0,UNKNOWN,1,9.685040473937988,IDLE,0.0
1779448245.8595095,0.0,0.0,1.0,0.0,0.0,0.0,100.0,DISARMED,1,0.0,0.0,0.0,0.0,0.0,0.0,100.0,UNKNOWN,1,0.0,0.0,0.0,0.0,0.0,0.0,100.0,UNKNOWN,1,0.0,0.0,0.0,0.0,0.0,0.0,100.0,UNKNOWN,1,0.0,0.0,0.0,0.0,0.0,0.0,100.0,UNKNOWN,1,9.685040473937988,IDLE,0.0
1779448246.0564127,0.0,0.0,1.0,0.0,0.0,0.0,100.0,DISARMED,1,0.0,0.0,0.0,0.0,0.0,0.0,100.0,UNKNOWN,1,0.0,0.0,0.0,0.0,0.0,0.0,100.0,UNKNOWN,1,0.0,0.0,0.0,0.0,0.0,0.0,100.0,UNKNOWN,1,0.0,0.0,0.0,0.0,0.0,0.0,100.0,UNKNOWN,1,9.685040473937988,IDLE,0.0
1779448246.127336,0.0,0.0,1.0,0.0,0.0,0.0,100.0,DISARMED,1,0.0,0.0,0.0,0.0,0.0,0.0,100.0,UNKNOWN,1,0.0,0.0,0.0,0.0,0.0,0.0,100.0,UNKNOWN,1,0.0,0.0,0.0,0.0,0.0,0.0,100.0,UNKNOWN,1,0.0,0.0,0.0,0.0,0.0,0.0,100.0,UNKNOWN,1,9.685040473937988,IDLE,0.0
1779448246.2255719,0.0,0.0,1.0,0.0,0.0,0.0,100.0,DISARMED,1,0.0,0.0,0.0,0.0,0.0,0.0,100.0,UNKNOWN,1,0.0,0.0,0.0,0.0,0.0,0.0,100.0,UNKNOWN,1,0.0,0.0,0.0,0.0,0.0,0.0,100.0,UNKNOWN,1,0.0,0.0,0.0,0.0,0.0,0.0,100.0,UNKNOWN,1,9.685040473937988,IDLE,0.0
1779448246.5805323,0.0,0.0,1.0,0.0,0.0,0.0,100.0,DISARMED,1,0.0,0.0,0.0,0.0,0.0,0.0,100.0,UNKNOWN,1,0.0,0.0,0.0,0.0,0.0,0.0,100.0,UNKNOWN,1,0.0,0.0,0.0,0.0,0.0,0.0,100.0,UNKNOWN,1,0.0,0.0,0.0,0.0,0.0,0.0,100.0,UNKNOWN,1,9.685040473937988,IDLE,0.0
1779448246.6863625,0.0,0.0,1.0,0.0,0.0,0.0,100.0,DISARMED,1,0.0,0.0,0.0,0.0,0.0,0.0,100.0,UNKNOWN,1,0.0,0.0,0.0,0.0,0.0,0.0,100.0,UNKNOWN,1,0.0,0.0,0.0,0.0,0.0,0.0,100.0,UNKNOWN,1,0.0,0.0,0.0,0.0,0.0,0.0,100.0,UNKNOWN,1,9.685040473937988,IDLE,0.0
1779448246.707865,0.0,0.0,1.0,0.0,0.0,0.0,100.0,DISARMED,1,0.0,0.0,0.0,0.0,0.0,0.0,100.0,UNKNOWN,1,0.0,0.0,0.0,0.0,0.0,0.0,100.0,UNKNOWN,1,0.0,0.0,0.0,0.0,0.0,0.0,100.0,UNKNOWN,1,0.0,0.0,0.0,0.0,0.0,0.0,100.0,UNKNOWN,1,9.685040473937988,IDLE,0.0
1779448246.9200613,0.0,0.0,1.0,0.0,0.0,0.0,100.0,DISARMED,1,0.0,0.0,0.0,0.0,0.0,0.0,100.0,UNKNOWN,1,0.0,0.0,0.0,0.0,0.0,0.0,100.0,UNKNOWN,1,0.0,0.0,0.0,0.0,0.0,0.0,100.0,UNKNOWN,1,0.0,0.0,0.0,0.0,0.0,0.0,100.0,UNKNOWN,1,9.685040473937988,IDLE,0.0
1779448247.0172012,0.0,0.0,1.0,0.0,0.0,0.0,100.0,DISARMED,1,0.0,0.0,0.0,0.0,0.0,0.0,100.0,UNKNOWN,1,0.0,0.0,0.0,0.0,0.0,0.0,100.0,UNKNOWN,1,0.0,0.0,0.0,0.0,0.0,0.0,100.0,UNKNOWN,1,0.0,0.0,0.0,0.0,0.0,0.0,100.0,UNKNOWN,1,9.685040473937988,IDLE,0.0
1779448247.0921662,0.0,0.0,1.0,0.0,0.0,0.0,100.0,DISARMED,1,0.0,0.0,0.0,0.0,0.0,0.0,100.0,UNKNOWN,1,0.0,0.0,0.0,0.0,0.0,0.0,100.0,UNKNOWN,1,0.0,0.0,0.0,0.0,0.0,0.0,100.0,UNKNOWN,1,0.0,0.0,0.0,0.0,0.0,0.0,100.0,UNKNOWN,1,9.685040473937988,IDLE,0.0
1779448247.2483113,0.0,0.0,1.0,0.0,0.0,0.0,100.0,DISARMED,1,0.0,0.0,0.0,0.0,0.0,0.0,100.0,UNKNOWN,1,0.0,0.0,0.0,0.0,0.0,0.0,100.0,UNKNOWN,1,0.0,0.0,0.0,0.0,0.0,0.0,100.0,UNKNOWN,1,0.0,0.0,0.0,0.0,0.0,0.0,100.0,UNKNOWN,1,9.685040473937988,IDLE,0.0
1779448247.529436,0.0,0.0,1.0,0.0,0.0,0.0,100.0,DISARMED,1,0.0,0.0,0.0,0.0,0.0,0.0,100.0,UNKNOWN,1,0.0,0.0,0.0,0.0,0.0,0.0,100.0,UNKNOWN,1,0.0,0.0,0.0,0.0,0.0,0.0,100.0,UNKNOWN,1,0.0,0.0,0.0,0.0,0.0,0.0,100.0,UNKNOWN,1,9.685040473937988,IDLE,0.0
1779448247.669611,0.0,0.0,1.0,0.0,0.0,0.0,100.0,DISARMED,1,0.0,0.0,0.0,0.0,0.0,0.0,100.0,UNKNOWN,1,0.0,0.0,0.0,0.0,0.0,0.0,100.0,UNKNOWN,1,0.0,0.0,0.0,0.0,0.0,0.0,100.0,UNKNOWN,1,0.0,0.0,0.0,0.0,0.0,0.0,100.0,UNKNOWN,1,9.685040473937988,IDLE,0.0
1779448247.7210548,0.0,0.0,1.0,0.0,0.0,0.0,100.0,DISARMED,1,0.0,0.0,0.0,0.0,0.0,0.0,100.0,UNKNOWN,1,0.0,0.0,0.0,0.0,0.0,0.0,100.0,UNKNOWN,1,0.0,0.0,0.0,0.0,0.0,0.0,100.0,UNKNOWN,1,0.0,0.0,0.0,0.0,0.0,0.0,100.0,UNKNOWN,1,9.685040473937988,IDLE,0.0
1779448247.8749304,0.0,0.0,1.0,0.0,0.0,0.0,100.0,DISARMED,1,0.0,0.0,0.0,0.0,0.0,0.0,100.0,UNKNOWN,1,0.0,0.0,0.0,0.0,0.0,0.0,100.0,UNKNOWN,1,0.0,0.0,0.0,0.0,0.0,0.0,100.0,UNKNOWN,1,0.0,0.0,0.0,0.0,0.0,0.0,100.0,UNKNOWN,1,9.685040473937988,IDLE,0.0
1779448248.0445,0.0,0.0,1.0,0.0,0.0,0.0,100.0,DISARMED,1,0.0,0.0,0.0,0.0,0.0,0.0,100.0,UNKNOWN,1,0.0,0.0,0.0,0.0,0.0,0.0,100.0,UNKNOWN,1,0.0,0.0,0.0,0.0,0.0,0.0,100.0,UNKNOWN,1,0.0,0.0,0.0,0.0,0.0,0.0,100.0,UNKNOWN,1,9.685040473937988,IDLE,0.0
1779448248.2060752,0.0,0.0,1.0,0.0,0.0,0.0,100.0,DISARMED,1,0.0,0.0,0.0,0.0,0.0,0.0,100.0,UNKNOWN,1,0.0,0.0,0.0,0.0,0.0,0.0,100.0,UNKNOWN,1,0.0,0.0,0.0,0.0,0.0,0.0,100.0,UNKNOWN,1,0.0,0.0,0.0,0.0,0.0,0.0,100.0,UNKNOWN,1,9.685040473937988,IDLE,0.0
1779448248.3983777,0.0,0.0,1.0,0.0,0.0,0.0,100.0,DISARMED,1,0.0,0.0,0.0,0.0,0.0,0.0,100.0,UNKNOWN,1,0.0,0.0,0.0,0.0,0.0,0.0,100.0,UNKNOWN,1,0.0,0.0,0.0,0.0,0.0,0.0,100.0,UNKNOWN,1,0.0,0.0,0.0,0.0,0.0,0.0,100.0,UNKNOWN,1,9.685040473937988,IDLE,0.0
1779448248.6545072,0.0,0.0,1.0,0.0,0.0,0.0,100.0,DISARMED,1,0.0,0.0,0.0,0.0,0.0,0.0,100.0,UNKNOWN,1,0.0,0.0,0.0,0.0,0.0,0.0,100.0,UNKNOWN,1,0.0,0.0,0.0,0.0,0.0,0.0,100.0,UNKNOWN,1,0.0,0.0,0.0,0.0,0.0,0.0,100.0,UNKNOWN,1,9.685040473937988,IDLE,0.0
1779448248.758572,0.0,0.0,1.0,0.0,0.0,0.0,100.0,DISARMED,1,0.0,0.0,0.0,0.0,0.0,0.0,100.0,UNKNOWN,1,0.0,0.0,0.0,0.0,0.0,0.0,100.0,UNKNOWN,1,0.0,0.0,0.0,0.0,0.0,0.0,100.0,UNKNOWN,1,0.0,0.0,0.0,0.0,0.0,0.0,100.0,UNKNOWN,1,9.685040473937988,IDLE,0.0
1779448248.8587937,0.0,0.0,1.0,0.0,0.0,0.0,100.0,DISARMED,1,0.0,0.0,0.0,0.0,0.0,0.0,100.0,UNKNOWN,1,0.0,0.0,0.0,0.0,0.0,0.0,100.0,UNKNOWN,1,0.0,0.0,0.0,0.0,0.0,0.0,100.0,UNKNOWN,1,0.0,0.0,0.0,0.0,0.0,0.0,100.0,UNKNOWN,1,9.685040473937988,IDLE,0.0
1779448248.9304173,0.0,0.0,1.0,0.0,0.0,0.0,100.0,DISARMED,1,0.0,0.0,0.0,0.0,0.0,0.0,100.0,UNKNOWN,1,0.0,0.0,0.0,0.0,0.0,0.0,100.0,UNKNOWN,1,0.0,0.0,0.0,0.0,0.0,0.0,100.0,UNKNOWN,1,0.0,0.0,0.0,0.0,0.0,0.0,100.0,UNKNOWN,1,9.685040473937988,IDLE,0.0
1779448248.9950783,0.0,0.0,1.0,0.0,0.0,0.0,100.0,DISARMED,1,0.0,0.0,0.0,0.0,0.0,0.0,100.0,UNKNOWN,1,0.0,0.0,0.0,0.0,0.0,0.0,100.0,UNKNOWN,1,0.0,0.0,0.0,0.0,0.0,0.0,100.0,UNKNOWN,1,0.0,0.0,0.0,0.0,0.0,0.0,100.0,UNKNOWN,1,9.685040473937988,IDLE,0.0
1779448249.156249,0.0,0.0,1.0,0.0,0.0,0.0,100.0,DISARMED,1,0.0,0.0,0.0,0.0,0.0,0.0,100.0,UNKNOWN,1,0.0,0.0,0.0,0.0,0.0,0.0,100.0,UNKNOWN,1,0.0,0.0,0.0,0.0,0.0,0.0,100.0,UNKNOWN,1,0.0,0.0,0.0,0.0,0.0,0.0,100.0,UNKNOWN,1,9.685040473937988,IDLE,0.0
1779448249.2448792,0.0,0.0,1.0,0.0,0.0,0.0,100.0,DISARMED,1,0.0,0.0,0.0,0.0,0.0,0.0,100.0,UNKNOWN,1,0.0,0.0,0.0,0.0,0.0,0.0,100.0,UNKNOWN,1,0.0,0.0,0.0,0.0,0.0,0.0,100.0,UNKNOWN,1,0.0,0.0,0.0,0.0,0.0,0.0,100.0,UNKNOWN,1,9.685040473937988,IDLE,0.0
1779448249.567207,0.0,0.0,1.0,0.0,0.0,0.0,100.0,DISARMED,1,0.0,0.0,0.0,0.0,0.0,0.0,100.0,UNKNOWN,1,0.0,0.0,0.0,0.0,0.0,0.0,100.0,UNKNOWN,1,0.0,0.0,0.0,0.0,0.0,0.0,100.0,UNKNOWN,1,0.0,0.0,0.0,0.0,0.0,0.0,100.0,UNKNOWN,1,9.685040473937988,IDLE,0.0
1779448249.5912435,0.0,0.0,1.0,0.0,0.0,0.0,100.0,DISARMED,1,0.0,0.0,0.0,0.0,0.0,0.0,100.0,UNKNOWN,1,0.0,0.0,0.0,0.0,0.0,0.0,100.0,UNKNOWN,1,0.0,0.0,0.0,0.0,0.0,0.0,100.0,UNKNOWN,1,0.0,0.0,0.0,0.0,0.0,0.0,100.0,UNKNOWN,1,9.685040473937988,IDLE,0.0
1779448249.6942918,0.0,0.0,1.0,0.0,0.0,0.0,100.0,DISARMED,1,0.0,0.0,0.0,0.0,0.0,0.0,100.0,UNKNOWN,1,0.0,0.0,0.0,0.0,0.0,0.0,100.0,UNKNOWN,1,0.0,0.0,0.0,0.0,0.0,0.0,100.0,UNKNOWN,1,0.0,0.0,0.0,0.0,0.0,0.0,100.0,UNKNOWN,1,9.685040473937988,IDLE,0.0
1779448249.8329804,0.0,0.0,1.0,0.0,0.0,0.0,100.0,DISARMED,1,0.0,0.0,0.0,0.0,0.0,0.0,100.0,UNKNOWN,1,0.0,0.0,0.0,0.0,0.0,0.0,100.0,UNKNOWN,1,0.0,0.0,0.0,0.0,0.0,0.0,100.0,UNKNOWN,1,0.0,0.0,0.0,0.0,0.0,0.0,100.0,UNKNOWN,1,9.685040473937988,IDLE,0.0
1779448249.9349914,0.0,0.0,1.0,0.0,0.0,0.0,100.0,DISARMED,1,0.0,0.0,0.0,0.0,0.0,0.0,100.0,UNKNOWN,1,0.0,0.0,0.0,0.0,0.0,0.0,100.0,UNKNOWN,1,0.0,0.0,0.0,0.0,0.0,0.0,100.0,UNKNOWN,1,0.0,0.0,0.0,0.0,0.0,0.0,100.0,UNKNOWN,1,9.685040473937988,IDLE,0.0
1779448250.0806355,0.0,0.0,1.0,0.0,0.0,0.0,100.0,DISARMED,1,0.0,0.0,0.0,0.0,0.0,0.0,100.0,UNKNOWN,1,0.0,0.0,0.0,0.0,0.0,0.0,100.0,UNKNOWN,1,0.0,0.0,0.0,0.0,0.0,0.0,100.0,UNKNOWN,1,0.0,0.0,0.0,0.0,0.0,0.0,100.0,UNKNOWN,1,9.685040473937988,IDLE,0.0
1779448250.1331527,0.0,0.0,1.0,0.0,0.0,0.0,100.0,DISARMED,1,0.0,0.0,0.0,0.0,0.0,0.0,100.0,UNKNOWN,1,0.0,0.0,0.0,0.0,0.0,0.0,100.0,UNKNOWN,1,0.0,0.0,0.0,0.0,0.0,0.0,100.0,UNKNOWN,1,0.0,0.0,0.0,0.0,0.0,0.0,100.0,UNKNOWN,1,9.685040473937988,IDLE,0.0
1779448250.2529254,0.0,0.0,1.0,0.0,0.0,0.0,100.0,DISARMED,1,0.0,0.0,0.0,0.0,0.0,0.0,100.0,UNKNOWN,1,0.0,0.0,0.0,0.0,0.0,0.0,100.0,UNKNOWN,1,0.0,0.0,0.0,0.0,0.0,0.0,100.0,UNKNOWN,1,0.0,0.0,0.0,0.0,0.0,0.0,100.0,UNKNOWN,1,9.685040473937988,IDLE,0.0
1779448250.6201205,0.0,0.0,1.0,0.0,0.0,0.0,100.0,DISARMED,1,0.0,0.0,0.0,0.0,0.0,0.0,100.0,UNKNOWN,1,0.0,0.0,0.0,0.0,0.0,0.0,100.0,UNKNOWN,1,0.0,0.0,0.0,0.0,0.0,0.0,100.0,UNKNOWN,1,0.0,0.0,0.0,0.0,0.0,0.0,100.0,UNKNOWN,1,9.685040473937988,IDLE,0.0
1779448250.720833,0.0,0.0,1.0,0.0,0.0,0.0,100.0,DISARMED,1,0.0,0.0,0.0,0.0,0.0,0.0,100.0,UNKNOWN,1,0.0,0.0,0.0,0.0,0.0,0.0,100.0,UNKNOWN,1,0.0,0.0,0.0,0.0,0.0,0.0,100.0,UNKNOWN,1,0.0,0.0,0.0,0.0,0.0,0.0,100.0,UNKNOWN,1,9.685040473937988,IDLE,0.0
1779448250.795878,0.0,0.0,1.0,0.0,0.0,0.0,100.0,DISARMED,1,0.0,0.0,0.0,0.0,0.0,0.0,100.0,UNKNOWN,1,0.0,0.0,0.0,0.0,0.0,0.0,100.0,UNKNOWN,1,0.0,0.0,0.0,0.0,0.0,0.0,100.0,UNKNOWN,1,0.0,0.0,0.0,0.0,0.0,0.0,100.0,UNKNOWN,1,9.685040473937988,IDLE,0.0
1779448250.911084,0.0,0.0,1.0,0.0,0.0,0.0,100.0,DISARMED,1,0.0,0.0,0.0,0.0,0.0,0.0,100.0,UNKNOWN,1,0.0,0.0,0.0,0.0,0.0,0.0,100.0,UNKNOWN,1,0.0,0.0,0.0,0.0,0.0,0.0,100.0,UNKNOWN,1,0.0,0.0,0.0,0.0,0.0,0.0,100.0,UNKNOWN,1,9.685040473937988,IDLE,0.0
1779448251.0095007,0.0,0.0,1.0,0.0,0.0,0.0,100.0,DISARMED,1,0.0,0.0,0.0,0.0,0.0,0.0,100.0,UNKNOWN,1,0.0,0.0,0.0,0.0,0.0,0.0,100.0,UNKNOWN,1,0.0,0.0,0.0,0.0,0.0,0.0,100.0,UNKNOWN,1,0.0,0.0,0.0,0.0,0.0,0.0,100.0,UNKNOWN,1,9.685040473937988,IDLE,0.0
1779448251.1792943,0.0,0.0,1.0,0.0,0.0,0.0,100.0,DISARMED,1,0.0,0.0,0.0,0.0,0.0,0.0,100.0,UNKNOWN,1,0.0,0.0,0.0,0.0,0.0,0.0,100.0,UNKNOWN,1,0.0,0.0,0.0,0.0,0.0,0.0,100.0,UNKNOWN,1,0.0,0.0,0.0,0.0,0.0,0.0,100.0,UNKNOWN,1,9.685040473937988,IDLE,0.0
1779448251.1977859,0.0,0.0,1.0,0.0,0.0,0.0,100.0,DISARMED,1,0.0,0.0,0.0,0.0,0.0,0.0,100.0,UNKNOWN,1,0.0,0.0,0.0,0.0,0.0,0.0,100.0,UNKNOWN,1,0.0,0.0,0.0,0.0,0.0,0.0,100.0,UNKNOWN,1,0.0,0.0,0.0,0.0,0.0,0.0,100.0,UNKNOWN,1,9.685040473937988,IDLE,0.0
1779448251.5542283,0.0,0.0,1.0,0.0,0.0,0.0,100.0,DISARMED,1,0.0,0.0,0.0,0.0,0.0,0.0,100.0,UNKNOWN,1,0.0,0.0,0.0,0.0,0.0,0.0,100.0,UNKNOWN,1,0.0,0.0,0.0,0.0,0.0,0.0,100.0,UNKNOWN,1,0.0,0.0,0.0,0.0,0.0,0.0,100.0,UNKNOWN,1,9.685040473937988,IDLE,0.0
1779448251.5917888,0.0,0.0,1.0,0.0,0.0,0.0,100.0,DISARMED,1,0.0,0.0,0.0,0.0,0.0,0.0,100.0,UNKNOWN,1,0.0,0.0,0.0,0.0,0.0,0.0,100.0,UNKNOWN,1,0.0,0.0,0.0,0.0,0.0,0.0,100.0,UNKNOWN,1,0.0,0.0,0.0,0.0,0.0,0.0,100.0,UNKNOWN,1,9.685040473937988,IDLE,0.0
1779448251.7369833,0.0,0.0,1.0,0.0,0.0,0.0,100.0,DISARMED,1,0.0,0.0,0.0,0.0,0.0,0.0,100.0,UNKNOWN,1,0.0,0.0,0.0,0.0,0.0,0.0,100.0,UNKNOWN,1,0.0,0.0,0.0,0.0,0.0,0.0,100.0,UNKNOWN,1,0.0,0.0,0.0,0.0,0.0,0.0,100.0,UNKNOWN,1,9.685040473937988,IDLE,0.0
1779448251.7928126,0.0,0.0,1.0,0.0,0.0,0.0,100.0,DISARMED,1,0.0,0.0,0.0,0.0,0.0,0.0,100.0,UNKNOWN,1,0.0,0.0,0.0,0.0,0.0,0.0,100.0,UNKNOWN,1,0.0,0.0,0.0,0.0,0.0,0.0,100.0,UNKNOWN,1,0.0,0.0,0.0,0.0,0.0,0.0,100.0,UNKNOWN,1,9.685040473937988,IDLE,0.0
1779448251.9261515,0.0,0.0,1.0,0.0,0.0,0.0,100.0,DISARMED,1,0.0,0.0,0.0,0.0,0.0,0.0,100.0,UNKNOWN,1,0.0,0.0,0.0,0.0,0.0,0.0,100.0,UNKNOWN,1,0.0,0.0,0.0,0.0,0.0,0.0,100.0,UNKNOWN,1,0.0,0.0,0.0,0.0,0.0,0.0,100.0,UNKNOWN,1,9.685040473937988,IDLE,0.0
1779448252.0063763,0.0,0.0,1.0,0.0,0.0,0.0,100.0,DISARMED,1,0.0,0.0,0.0,0.0,0.0,0.0,100.0,UNKNOWN,1,0.0,0.0,0.0,0.0,0.0,0.0,100.0,UNKNOWN,1,0.0,0.0,0.0,0.0,0.0,0.0,100.0,UNKNOWN,1,0.0,0.0,0.0,0.0,0.0,0.0,100.0,UNKNOWN,1,9.685040473937988,IDLE,0.0
1779448252.093015,0.0,0.0,1.0,0.0,0.0,0.0,100.0,DISARMED,1,0.0,0.0,0.0,0.0,0.0,0.0,100.0,UNKNOWN,1,0.0,0.0,0.0,0.0,0.0,0.0,100.0,UNKNOWN,1,0.0,0.0,0.0,0.0,0.0,0.0,100.0,UNKNOWN,1,0.0,0.0,0.0,0.0,0.0,0.0,100.0,UNKNOWN,1,9.685040473937988,IDLE,0.0
1779448252.2092018,0.0,0.0,1.0,0.0,0.0,0.0,100.0,DISARMED,1,0.0,0.0,0.0,0.0,0.0,0.0,100.0,UNKNOWN,1,0.0,0.0,0.0,0.0,0.0,0.0,100.0,UNKNOWN,1,0.0,0.0,0.0,0.0,0.0,0.0,100.0,UNKNOWN,1,0.0,0.0,0.0,0.0,0.0,0.0,100.0,UNKNOWN,1,9.685040473937988,IDLE,0.0
1779448252.6381488,0.0,0.0,1.0,0.0,0.0,0.0,100.0,DISARMED,1,0.0,0.0,0.0,0.0,0.0,0.0,100.0,UNKNOWN,1,0.0,0.0,0.0,0.0,0.0,0.0,100.0,UNKNOWN,1,0.0,0.0,0.0,0.0,0.0,0.0,100.0,UNKNOWN,1,0.0,0.0,0.0,0.0,0.0,0.0,100.0,UNKNOWN,1,9.685040473937988,IDLE,0.0
1779448252.7562342,0.0,0.0,1.0,0.0,0.0,0.0,100.0,DISARMED,1,0.0,0.0,0.0,0.0,0.0,0.0,100.0,UNKNOWN,1,0.0,0.0,0.0,0.0,0.0,0.0,100.0,UNKNOWN,1,0.0,0.0,0.0,0.0,0.0,0.0,100.0,UNKNOWN,1,0.0,0.0,0.0,0.0,0.0,0.0,100.0,UNKNOWN,1,9.685040473937988,IDLE,0.0
1779448252.788264,0.0,0.0,1.0,0.0,0.0,0.0,100.0,DISARMED,1,0.0,0.0,0.0,0.0,0.0,0.0,100.0,UNKNOWN,1,0.0,0.0,0.0,0.0,0.0,0.0,100.0,UNKNOWN,1,0.0,0.0,0.0,0.0,0.0,0.0,100.0,UNKNOWN,1,0.0,0.0,0.0,0.0,0.0,0.0,100.0,UNKNOWN,1,9.685040473937988,IDLE,0.0
1779448252.9202569,0.0,0.0,1.0,0.0,0.0,0.0,100.0,DISARMED,1,0.0,0.0,0.0,0.0,0.0,0.0,100.0,UNKNOWN,1,0.0,0.0,0.0,0.0,0.0,0.0,100.0,UNKNOWN,1,0.0,0.0,0.0,0.0,0.0,0.0,100.0,UNKNOWN,1,0.0,0.0,0.0,0.0,0.0,0.0,100.0,UNKNOWN,1,9.685040473937988,IDLE,0.0
1779448253.1374223,0.0,0.0,1.0,0.0,0.0,0.0,100.0,DISARMED,1,0.0,0.0,0.0,0.0,0.0,0.0,100.0,UNKNOWN,1,0.0,0.0,0.0,0.0,0.0,0.0,100.0,UNKNOWN,1,0.0,0.0,0.0,0.0,0.0,0.0,100.0,UNKNOWN,1,0.0,0.0,0.0,0.0,0.0,0.0,100.0,UNKNOWN,1,9.685040473937988,IDLE,0.0
1779448253.1996388,0.0,0.0,1.0,0.0,0.0,0.0,100.0,DISARMED,1,0.0,0.0,0.0,0.0,0.0,0.0,100.0,UNKNOWN,1,0.0,0.0,0.0,0.0,0.0,0.0,100.0,UNKNOWN,1,0.0,0.0,0.0,0.0,0.0,0.0,100.0,UNKNOWN,1,0.0,0.0,0.0,0.0,0.0,0.0,100.0,UNKNOWN,1,9.685040473937988,IDLE,0.0
1779448253.6421201,0.0,0.0,1.0,0.0,0.0,0.0,100.0,DISARMED,1,0.0,0.0,0.0,0.0,0.0,0.0,100.0,UNKNOWN,1,0.0,0.0,0.0,0.0,0.0,0.0,100.0,UNKNOWN,1,0.0,0.0,0.0,0.0,0.0,0.0,100.0,UNKNOWN,1,0.0,0.0,0.0,0.0,0.0,0.0,100.0,UNKNOWN,1,9.685040473937988,IDLE,0.0
1779448253.7344785,0.0,0.0,1.0,0.0,0.0,0.0,100.0,DISARMED,1,0.0,0.0,0.0,0.0,0.0,0.0,100.0,UNKNOWN,1,0.0,0.0,0.0,0.0,0.0,0.0,100.0,UNKNOWN,1,0.0,0.0,0.0,0.0,0.0,0.0,100.0,UNKNOWN,1,0.0,0.0,0.0,0.0,0.0,0.0,100.0,UNKNOWN,1,9.685040473937988,IDLE,0.0
1779448253.8221984,0.0,0.0,1.0,0.0,0.0,0.0,100.0,DISARMED,1,0.0,0.0,0.0,0.0,0.0,0.0,100.0,UNKNOWN,1,0.0,0.0,0.0,0.0,0.0,0.0,100.0,UNKNOWN,1,0.0,0.0,0.0,0.0,0.0,0.0,100.0,UNKNOWN,1,0.0,0.0,0.0,0.0,0.0,0.0,100.0,UNKNOWN,1,9.685040473937988,IDLE,0.0
1779448253.9952886,0.0,0.0,1.0,0.0,0.0,0.0,100.0,DISARMED,1,0.0,0.0,0.0,0.0,0.0,0.0,100.0,UNKNOWN,1,0.0,0.0,0.0,0.0,0.0,0.0,100.0,UNKNOWN,1,0.0,0.0,0.0,0.0,0.0,0.0,100.0,UNKNOWN,1,0.0,0.0,0.0,0.0,0.0,0.0,100.0,UNKNOWN,1,9.685040473937988,IDLE,0.0
1779448254.099446,0.0,0.0,1.0,0.0,0.0,0.0,100.0,DISARMED,1,0.0,0.0,0.0,0.0,0.0,0.0,100.0,UNKNOWN,1,0.0,0.0,0.0,0.0,0.0,0.0,100.0,UNKNOWN,1,0.0,0.0,0.0,0.0,0.0,0.0,100.0,UNKNOWN,1,0.0,0.0,0.0,0.0,0.0,0.0,100.0,UNKNOWN,1,9.685040473937988,IDLE,0.0
1779448254.271071,0.0,0.0,1.0,0.0,0.0,0.0,100.0,DISARMED,1,0.0,0.0,0.0,0.0,0.0,0.0,100.0,UNKNOWN,1,0.0,0.0,0.0,0.0,0.0,0.0,100.0,UNKNOWN,1,0.0,0.0,0.0,0.0,0.0,0.0,100.0,UNKNOWN,1,0.0,0.0,0.0,0.0,0.0,0.0,100.0,UNKNOWN,1,9.685040473937988,IDLE,0.0
1779448254.6116245,0.0,0.0,1.0,0.0,0.0,0.0,100.0,DISARMED,1,0.0,0.0,0.0,0.0,0.0,0.0,100.0,UNKNOWN,1,0.0,0.0,0.0,0.0,0.0,0.0,100.0,UNKNOWN,1,0.0,0.0,0.0,0.0,0.0,0.0,100.0,UNKNOWN,1,0.0,0.0,0.0,0.0,0.0,0.0,100.0,UNKNOWN,1,9.685040473937988,IDLE,0.0
1779448254.7100565,0.0,0.0,1.0,0.0,0.0,0.0,100.0,DISARMED,1,0.0,0.0,0.0,0.0,0.0,0.0,100.0,UNKNOWN,1,0.0,0.0,0.0,0.0,0.0,0.0,100.0,UNKNOWN,1,0.0,0.0,0.0,0.0,0.0,0.0,100.0,UNKNOWN,1,0.0,0.0,0.0,0.0,0.0,0.0,100.0,UNKNOWN,1,9.685040473937988,IDLE,0.0
1779448254.822285,0.0,0.0,1.0,0.0,0.0,0.0,100.0,DISARMED,1,0.0,0.0,0.0,0.0,0.0,0.0,100.0,UNKNOWN,1,0.0,0.0,0.0,0.0,0.0,0.0,100.0,UNKNOWN,1,0.0,0.0,0.0,0.0,0.0,0.0,100.0,UNKNOWN,1,0.0,0.0,0.0,0.0,0.0,0.0,100.0,UNKNOWN,1,9.685040473937988,IDLE,0.0
1779448254.9551487,0.0,0.0,1.0,0.0,0.0,0.0,100.0,DISARMED,1,0.0,0.0,0.0,0.0,0.0,0.0,100.0,UNKNOWN,1,0.0,0.0,0.0,0.0,0.0,0.0,100.0,UNKNOWN,1,0.0,0.0,0.0,0.0,0.0,0.0,100.0,UNKNOWN,1,0.0,0.0,0.0,0.0,0.0,0.0,100.0,UNKNOWN,1,9.685040473937988,IDLE,0.0
1779448255.1115055,0.0,0.0,1.0,0.0,0.0,0.0,100.0,DISARMED,1,0.0,0.0,0.0,0.0,0.0,0.0,100.0,UNKNOWN,1,0.0,0.0,0.0,0.0,0.0,0.0,100.0,UNKNOWN,1,0.0,0.0,0.0,0.0,0.0,0.0,100.0,UNKNOWN,1,0.0,0.0,0.0,0.0,0.0,0.0,100.0,UNKNOWN,1,9.685040473937988,IDLE,0.0
1779448255.2091045,0.0,0.0,1.0,0.0,0.0,0.0,100.0,DISARMED,1,0.0,0.0,0.0,0.0,0.0,0.0,100.0,UNKNOWN,1,0.0,0.0,0.0,0.0,0.0,0.0,100.0,UNKNOWN,1,0.0,0.0,0.0,0.0,0.0,0.0,100.0,UNKNOWN,1,0.0,0.0,0.0,0.0,0.0,0.0,100.0,UNKNOWN,1,9.685040473937988,IDLE,0.0
1779448255.4133928,0.0,0.0,1.0,0.0,0.0,0.0,100.0,DISARMED,1,0.0,0.0,0.0,0.0,0.0,0.0,100.0,UNKNOWN,1,0.0,0.0,0.0,0.0,0.0,0.0,100.0,UNKNOWN,1,0.0,0.0,0.0,0.0,0.0,0.0,100.0,UNKNOWN,1,0.0,0.0,0.0,0.0,0.0,0.0,100.0,UNKNOWN,1,9.685040473937988,IDLE,0.0
1779448255.588665,0.0,0.0,1.0,0.0,0.0,0.0,100.0,DISARMED,1,0.0,0.0,0.0,0.0,0.0,0.0,100.0,UNKNOWN,1,0.0,0.0,0.0,0.0,0.0,0.0,100.0,UNKNOWN,1,0.0,0.0,0.0,0.0,0.0,0.0,100.0,UNKNOWN,1,0.0,0.0,0.0,0.0,0.0,0.0,100.0,UNKNOWN,1,9.685040473937988,IDLE,0.0
1779448255.7157855,0.0,0.0,1.0,0.0,0.0,0.0,100.0,DISARMED,1,0.0,0.0,0.0,0.0,0.0,0.0,100.0,UNKNOWN,1,0.0,0.0,0.0,0.0,0.0,0.0,100.0,UNKNOWN,1,0.0,0.0,0.0,0.0,0.0,0.0,100.0,UNKNOWN,1,0.0,0.0,0.0,0.0,0.0,0.0,100.0,UNKNOWN,1,9.685040473937988,IDLE,0.0
1779448255.8152258,0.0,0.0,1.0,0.0,0.0,0.0,100.0,DISARMED,1,0.0,0.0,0.0,0.0,0.0,0.0,100.0,UNKNOWN,1,0.0,0.0,0.0,0.0,0.0,0.0,100.0,UNKNOWN,1,0.0,0.0,0.0,0.0,0.0,0.0,100.0,UNKNOWN,1,0.0,0.0,0.0,0.0,0.0,0.0,100.0,UNKNOWN,1,9.685040473937988,IDLE,0.0
1779448255.9470663,0.0,0.0,1.0,0.0,0.0,0.0,100.0,DISARMED,1,0.0,0.0,0.0,0.0,0.0,0.0,100.0,UNKNOWN,1,0.0,0.0,0.0,0.0,0.0,0.0,100.0,UNKNOWN,1,0.0,0.0,0.0,0.0,0.0,0.0,100.0,UNKNOWN,1,0.0,0.0,0.0,0.0,0.0,0.0,100.0,UNKNOWN,1,9.685040473937988,IDLE,0.0
1779448256.0623543,0.0,0.0,1.0,0.0,0.0,0.0,100.0,DISARMED,1,0.0,0.0,0.0,0.0,0.0,0.0,100.0,UNKNOWN,1,0.0,0.0,0.0,0.0,0.0,0.0,100.0,UNKNOWN,1,0.0,0.0,0.0,0.0,0.0,0.0,100.0,UNKNOWN,1,0.0,0.0,0.0,0.0,0.0,0.0,100.0,UNKNOWN,1,9.685040473937988,IDLE,0.0
1779448256.1691883,0.0,0.0,1.0,0.0,0.0,0.0,100.0,DISARMED,1,0.0,0.0,0.0,0.0,0.0,0.0,100.0,UNKNOWN,1,0.0,0.0,0.0,0.0,0.0,0.0,100.0,UNKNOWN,1,0.0,0.0,0.0,0.0,0.0,0.0,100.0,UNKNOWN,1,0.0,0.0,0.0,0.0,0.0,0.0,100.0,UNKNOWN,1,9.685040473937988,IDLE,0.0
1779448256.2631629,0.0,0.0,1.0,0.0,0.0,0.0,100.0,DISARMED,1,0.0,0.0,0.0,0.0,0.0,0.0,100.0,UNKNOWN,1,0.0,0.0,0.0,0.0,0.0,0.0,100.0,UNKNOWN,1,0.0,0.0,0.0,0.0,0.0,0.0,100.0,UNKNOWN,1,0.0,0.0,0.0,0.0,0.0,0.0,100.0,UNKNOWN,1,9.685040473937988,IDLE,0.0
1779448256.6159077,0.0,0.0,1.0,0.0,0.0,0.0,100.0,DISARMED,1,0.0,0.0,0.0,0.0,0.0,0.0,100.0,UNKNOWN,1,0.0,0.0,0.0,0.0,0.0,0.0,100.0,UNKNOWN,1,0.0,0.0,0.0,0.0,0.0,0.0,100.0,UNKNOWN,1,0.0,0.0,0.0,0.0,0.0,0.0,100.0,UNKNOWN,1,9.685040473937988,IDLE,0.0
1779448256.8228962,0.0,0.0,1.0,0.0,0.0,0.0,100.0,DISARMED,1,0.0,0.0,0.0,0.0,0.0,0.0,100.0,UNKNOWN,1,0.0,0.0,0.0,0.0,0.0,0.0,100.0,UNKNOWN,1,0.0,0.0,0.0,0.0,0.0,0.0,100.0,UNKNOWN,1,0.0,0.0,0.0,0.0,0.0,0.0,100.0,UNKNOWN,1,9.685040473937988,IDLE,0.0
1779448256.9969769,0.0,0.0,1.0,0.0,0.0,0.0,100.0,DISARMED,1,0.0,0.0,0.0,0.0,0.0,0.0,100.0,UNKNOWN,1,0.0,0.0,0.0,0.0,0.0,0.0,100.0,UNKNOWN,1,0.0,0.0,0.0,0.0,0.0,0.0,100.0,UNKNOWN,1,0.0,0.0,0.0,0.0,0.0,0.0,100.0,UNKNOWN,1,9.685040473937988,IDLE,0.0
1779448257.1352255,0.0,0.0,1.0,0.0,0.0,0.0,100.0,DISARMED,1,0.0,0.0,0.0,0.0,0.0,0.0,100.0,UNKNOWN,1,0.0,0.0,0.0,0.0,0.0,0.0,100.0,UNKNOWN,1,0.0,0.0,0.0,0.0,0.0,0.0,100.0,UNKNOWN,1,0.0,0.0,0.0,0.0,0.0,0.0,100.0,UNKNOWN,1,9.685040473937988,IDLE,0.0
1779448257.290117,0.0,0.0,1.0,0.0,0.0,0.0,100.0,DISARMED,1,0.0,0.0,0.0,0.0,0.0,0.0,100.0,UNKNOWN,1,0.0,0.0,0.0,0.0,0.0,0.0,100.0,UNKNOWN,1,0.0,0.0,0.0,0.0,0.0,0.0,100.0,UNKNOWN,1,0.0,0.0,0.0,0.0,0.0,0.0,100.0,UNKNOWN,1,9.685040473937988,IDLE,0.0
1779448257.6370099,0.0,0.0,1.0,0.0,0.0,0.0,100.0,DISARMED,1,0.0,0.0,0.0,0.0,0.0,0.0,100.0,UNKNOWN,1,0.0,0.0,0.0,0.0,0.0,0.0,100.0,UNKNOWN,1,0.0,0.0,0.0,0.0,0.0,0.0,100.0,UNKNOWN,1,0.0,0.0,0.0,0.0,0.0,0.0,100.0,UNKNOWN,1,9.685040473937988,IDLE,0.0
1779448257.734013,0.0,0.0,1.0,0.0,0.0,0.0,100.0,DISARMED,1,0.0,0.0,0.0,0.0,0.0,0.0,100.0,UNKNOWN,1,0.0,0.0,0.0,0.0,0.0,0.0,100.0,UNKNOWN,1,0.0,0.0,0.0,0.0,0.0,0.0,100.0,UNKNOWN,1,0.0,0.0,0.0,0.0,0.0,0.0,100.0,UNKNOWN,1,9.685040473937988,IDLE,0.0
1779448257.8287327,0.0,0.0,1.0,0.0,0.0,0.0,100.0,DISARMED,1,0.0,0.0,0.0,0.0,0.0,0.0,100.0,UNKNOWN,1,0.0,0.0,0.0,0.0,0.0,0.0,100.0,UNKNOWN,1,0.0,0.0,0.0,0.0,0.0,0.0,100.0,UNKNOWN,1,0.0,0.0,0.0,0.0,0.0,0.0,100.0,UNKNOWN,1,9.685040473937988,IDLE,0.0
1779448257.9700735,0.0,0.0,1.0,0.0,0.0,0.0,100.0,DISARMED,1,0.0,0.0,0.0,0.0,0.0,0.0,100.0,UNKNOWN,1,0.0,0.0,0.0,0.0,0.0,0.0,100.0,UNKNOWN,1,0.0,0.0,0.0,0.0,0.0,0.0,100.0,UNKNOWN,1,0.0,0.0,0.0,0.0,0.0,0.0,100.0,UNKNOWN,1,9.685040473937988,IDLE,0.0
1779448258.0488005,0.0,0.0,1.0,0.0,0.0,0.0,100.0,DISARMED,1,0.0,0.0,0.0,0.0,0.0,0.0,100.0,UNKNOWN,1,0.0,0.0,0.0,0.0,0.0,0.0,100.0,UNKNOWN,1,0.0,0.0,0.0,0.0,0.0,0.0,100.0,UNKNOWN,1,0.0,0.0,0.0,0.0,0.0,0.0,100.0,UNKNOWN,1,9.685040473937988,IDLE,0.0
1779448258.142164,0.0,0.0,1.0,0.0,0.0,0.0,100.0,DISARMED,1,0.0,0.0,0.0,0.0,0.0,0.0,100.0,UNKNOWN,1,0.0,0.0,0.0,0.0,0.0,0.0,100.0,UNKNOWN,1,0.0,0.0,0.0,0.0,0.0,0.0,100.0,UNKNOWN,1,0.0,0.0,0.0,0.0,0.0,0.0,100.0,UNKNOWN,1,9.685040473937988,IDLE,0.0
1779448258.2413979,0.0,0.0,1.0,0.0,0.0,0.0,100.0,DISARMED,1,0.0,0.0,0.0,0.0,0.0,0.0,100.0,UNKNOWN,1,0.0,0.0,0.0,0.0,0.0,0.0,100.0,UNKNOWN,1,0.0,0.0,0.0,0.0,0.0,0.0,100.0,UNKNOWN,1,0.0,0.0,0.0,0.0,0.0,0.0,100.0,UNKNOWN,1,9.685040473937988,IDLE,0.0
1779448258.540083,0.0,0.0,1.0,0.0,0.0,0.0,100.0,DISARMED,1,0.0,0.0,0.0,0.0,0.0,0.0,100.0,UNKNOWN,1,0.0,0.0,0.0,0.0,0.0,0.0,100.0,UNKNOWN,1,0.0,0.0,0.0,0.0,0.0,0.0,100.0,UNKNOWN,1,0.0,0.0,0.0,0.0,0.0,0.0,100.0,UNKNOWN,1,9.685040473937988,IDLE,0.0
1779448258.5901217,0.0,0.0,1.0,0.0,0.0,0.0,100.0,DISARMED,1,0.0,0.0,0.0,0.0,0.0,0.0,100.0,UNKNOWN,1,0.0,0.0,0.0,0.0,0.0,0.0,100.0,UNKNOWN,1,0.0,0.0,0.0,0.0,0.0,0.0,100.0,UNKNOWN,1,0.0,0.0,0.0,0.0,0.0,0.0,100.0,UNKNOWN,1,9.685040473937988,IDLE,0.0
1779448258.7342067,0.0,0.0,1.0,0.0,0.0,0.0,100.0,DISARMED,1,0.0,0.0,0.0,0.0,0.0,0.0,100.0,UNKNOWN,1,0.0,0.0,0.0,0.0,0.0,0.0,100.0,UNKNOWN,1,0.0,0.0,0.0,0.0,0.0,0.0,100.0,UNKNOWN,1,0.0,0.0,0.0,0.0,0.0,0.0,100.0,UNKNOWN,1,9.685040473937988,IDLE,0.0
1779448258.7872193,0.0,0.0,1.0,0.0,0.0,0.0,100.0,DISARMED,1,0.0,0.0,0.0,0.0,0.0,0.0,100.0,UNKNOWN,1,0.0,0.0,0.0,0.0,0.0,0.0,100.0,UNKNOWN,1,0.0,0.0,0.0,0.0,0.0,0.0,100.0,UNKNOWN,1,0.0,0.0,0.0,0.0,0.0,0.0,100.0,UNKNOWN,1,9.685040473937988,IDLE,0.0
1779448258.8885934,0.0,0.0,1.0,0.0,0.0,0.0,100.0,DISARMED,1,0.0,0.0,0.0,0.0,0.0,0.0,100.0,UNKNOWN,1,0.0,0.0,0.0,0.0,0.0,0.0,100.0,UNKNOWN,1,0.0,0.0,0.0,0.0,0.0,0.0,100.0,UNKNOWN,1,0.0,0.0,0.0,0.0,0.0,0.0,100.0,UNKNOWN,1,9.685040473937988,IDLE,0.0
1779448258.9981542,0.0,0.0,1.0,0.0,0.0,0.0,100.0,DISARMED,1,0.0,0.0,0.0,0.0,0.0,0.0,100.0,UNKNOWN,1,0.0,0.0,0.0,0.0,0.0,0.0,100.0,UNKNOWN,1,0.0,0.0,0.0,0.0,0.0,0.0,100.0,UNKNOWN,1,0.0,0.0,0.0,0.0,0.0,0.0,100.0,UNKNOWN,1,9.685040473937988,IDLE,0.0
1779448259.1205528,0.0,0.0,1.0,0.0,0.0,0.0,100.0,DISARMED,1,0.0,0.0,0.0,0.0,0.0,0.0,100.0,UNKNOWN,1,0.0,0.0,0.0,0.0,0.0,0.0,100.0,UNKNOWN,1,0.0,0.0,0.0,0.0,0.0,0.0,100.0,UNKNOWN,1,0.0,0.0,0.0,0.0,0.0,0.0,100.0,UNKNOWN,1,9.685040473937988,IDLE,0.0
1779448259.2610936,0.0,0.0,1.0,0.0,0.0,0.0,100.0,DISARMED,1,0.0,0.0,0.0,0.0,0.0,0.0,100.0,UNKNOWN,1,0.0,0.0,0.0,0.0,0.0,0.0,100.0,UNKNOWN,1,0.0,0.0,0.0,0.0,0.0,0.0,100.0,UNKNOWN,1,0.0,0.0,0.0,0.0,0.0,0.0,100.0,UNKNOWN,1,9.685040473937988,IDLE,0.0
1779448259.7727149,0.0,0.0,1.0,0.0,0.0,0.0,100.0,DISARMED,1,0.0,0.0,0.0,0.0,0.0,0.0,100.0,UNKNOWN,1,0.0,0.0,0.0,0.0,0.0,0.0,100.0,UNKNOWN,1,0.0,0.0,0.0,0.0,0.0,0.0,100.0,UNKNOWN,1,0.0,0.0,0.0,0.0,0.0,0.0,100.0,UNKNOWN,1,9.685040473937988,IDLE,0.0
1779448259.8941648,0.0,0.0,1.0,0.0,0.0,0.0,100.0,DISARMED,1,0.0,0.0,0.0,0.0,0.0,0.0,100.0,UNKNOWN,1,0.0,0.0,0.0,0.0,0.0,0.0,100.0,UNKNOWN,1,0.0,0.0,0.0,0.0,0.0,0.0,100.0,UNKNOWN,1,0.0,0.0,0.0,0.0,0.0,0.0,100.0,UNKNOWN,1,9.685040473937988,IDLE,0.0
1779448260.0108457,0.0,0.0,1.0,0.0,0.0,0.0,100.0,DISARMED,1,0.0,0.0,0.0,0.0,0.0,0.0,100.0,UNKNOWN,1,0.0,0.0,0.0,0.0,0.0,0.0,100.0,UNKNOWN,1,0.0,0.0,0.0,0.0,0.0,0.0,100.0,UNKNOWN,1,0.0,0.0,0.0,0.0,0.0,0.0,100.0,UNKNOWN,1,9.685040473937988,IDLE,0.0
1779448260.0867484,0.0,0.0,1.0,0.0,0.0,0.0,100.0,DISARMED,1,0.0,0.0,0.0,0.0,0.0,0.0,100.0,UNKNOWN,1,0.0,0.0,0.0,0.0,0.0,0.0,100.0,UNKNOWN,1,0.0,0.0,0.0,0.0,0.0,0.0,100.0,UNKNOWN,1,0.0,0.0,0.0,0.0,0.0,0.0,100.0,UNKNOWN,1,9.685040473937988,IDLE,0.0
1779448260.271693,0.0,0.0,1.0,0.0,0.0,0.0,100.0,DISARMED,1,0.0,0.0,0.0,0.0,0.0,0.0,100.0,UNKNOWN,1,0.0,0.0,0.0,0.0,0.0,0.0,100.0,UNKNOWN,1,0.0,0.0,0.0,0.0,0.0,0.0,100.0,UNKNOWN,1,0.0,0.0,0.0,0.0,0.0,0.0,100.0,UNKNOWN,1,9.685040473937988,IDLE,0.0
1779448260.8520083,0.0,0.0,1.0,0.0,0.0,0.0,100.0,DISARMED,1,0.0,0.0,0.0,0.0,0.0,0.0,100.0,UNKNOWN,1,0.0,0.0,0.0,0.0,0.0,0.0,100.0,UNKNOWN,1,0.0,0.0,0.0,0.0,0.0,0.0,100.0,UNKNOWN,1,0.0,0.0,0.0,0.0,0.0,0.0,100.0,UNKNOWN,1,9.685040473937988,IDLE,0.0
1779448260.896795,0.0,0.0,1.0,0.0,0.0,0.0,100.0,DISARMED,1,0.0,0.0,0.0,0.0,0.0,0.0,100.0,UNKNOWN,1,0.0,0.0,0.0,0.0,0.0,0.0,100.0,UNKNOWN,1,0.0,0.0,0.0,0.0,0.0,0.0,100.0,UNKNOWN,1,0.0,0.0,0.0,0.0,0.0,0.0,100.0,UNKNOWN,1,9.685040473937988,IDLE,0.0
1779448261.0960946,0.0,0.0,1.0,0.0,0.0,0.0,100.0,DISARMED,1,0.0,0.0,0.0,0.0,0.0,0.0,100.0,UNKNOWN,1,0.0,0.0,0.0,0.0,0.0,0.0,100.0,UNKNOWN,1,0.0,0.0,0.0,0.0,0.0,0.0,100.0,UNKNOWN,1,0.0,0.0,0.0,0.0,0.0,0.0,100.0,UNKNOWN,1,9.685040473937988,IDLE,0.0
1779448261.186797,0.0,0.0,1.0,0.0,0.0,0.0,100.0,DISARMED,1,0.0,0.0,0.0,0.0,0.0,0.0,100.0,UNKNOWN,1,0.0,0.0,0.0,0.0,0.0,0.0,100.0,UNKNOWN,1,0.0,0.0,0.0,0.0,0.0,0.0,100.0,UNKNOWN,1,0.0,0.0,0.0,0.0,0.0,0.0,100.0,UNKNOWN,1,9.685040473937988,IDLE,0.0
1779448261.6860142,0.0,0.0,1.0,0.0,0.0,0.0,100.0,DISARMED,1,0.0,0.0,0.0,0.0,0.0,0.0,100.0,UNKNOWN,1,0.0,0.0,0.0,0.0,0.0,0.0,100.0,UNKNOWN,1,0.0,0.0,0.0,0.0,0.0,0.0,100.0,UNKNOWN,1,0.0,0.0,0.0,0.0,0.0,0.0,100.0,UNKNOWN,1,9.685040473937988,IDLE,0.0
1779448261.7388432,0.0,0.0,1.0,0.0,0.0,0.0,100.0,DISARMED,1,0.0,0.0,0.0,0.0,0.0,0.0,100.0,UNKNOWN,1,0.0,0.0,0.0,0.0,0.0,0.0,100.0,UNKNOWN,1,0.0,0.0,0.0,0.0,0.0,0.0,100.0,UNKNOWN,1,0.0,0.0,0.0,0.0,0.0,0.0,100.0,UNKNOWN,1,9.685040473937988,IDLE,0.0
1779448261.8832738,0.0,0.0,1.0,0.0,0.0,0.0,100.0,DISARMED,1,0.0,0.0,0.0,0.0,0.0,0.0,100.0,UNKNOWN,1,0.0,0.0,0.0,0.0,0.0,0.0,100.0,UNKNOWN,1,0.0,0.0,0.0,0.0,0.0,0.0,100.0,UNKNOWN,1,0.0,0.0,0.0,0.0,0.0,0.0,100.0,UNKNOWN,1,9.685040473937988,IDLE,0.0
1779448261.9135907,0.0,0.0,1.0,0.0,0.0,0.0,100.0,DISARMED,1,0.0,0.0,0.0,0.0,0.0,0.0,100.0,UNKNOWN,1,0.0,0.0,0.0,0.0,0.0,0.0,100.0,UNKNOWN,1,0.0,0.0,0.0,0.0,0.0,0.0,100.0,UNKNOWN,1,0.0,0.0,0.0,0.0,0.0,0.0,100.0,UNKNOWN,1,9.685040473937988,IDLE,0.0
1779448262.0378737,0.0,0.0,1.0,0.0,0.0,0.0,100.0,DISARMED,1,0.0,0.0,0.0,0.0,0.0,0.0,100.0,UNKNOWN,1,0.0,0.0,0.0,0.0,0.0,0.0,100.0,UNKNOWN,1,0.0,0.0,0.0,0.0,0.0,0.0,100.0,UNKNOWN,1,0.0,0.0,0.0,0.0,0.0,0.0,100.0,UNKNOWN,1,9.685040473937988,IDLE,0.0
1779448262.090472,0.0,0.0,1.0,0.0,0.0,0.0,100.0,DISARMED,1,0.0,0.0,0.0,0.0,0.0,0.0,100.0,UNKNOWN,1,0.0,0.0,0.0,0.0,0.0,0.0,100.0,UNKNOWN,1,0.0,0.0,0.0,0.0,0.0,0.0,100.0,UNKNOWN,1,0.0,0.0,0.0,0.0,0.0,0.0,100.0,UNKNOWN,1,9.685040473937988,IDLE,0.0
1779448262.1895907,0.0,0.0,1.0,0.0,0.0,0.0,100.0,DISARMED,1,0.0,0.0,0.0,0.0,0.0,0.0,100.0,UNKNOWN,1,0.0,0.0,0.0,0.0,0.0,0.0,100.0,UNKNOWN,1,0.0,0.0,0.0,0.0,0.0,0.0,100.0,UNKNOWN,1,0.0,0.0,0.0,0.0,0.0,0.0,100.0,UNKNOWN,1,9.685040473937988,IDLE,0.0
1779448262.5405703,0.0,0.0,1.0,0.0,0.0,0.0,100.0,DISARMED,1,0.0,0.0,0.0,0.0,0.0,0.0,100.0,UNKNOWN,1,0.0,0.0,0.0,0.0,0.0,0.0,100.0,UNKNOWN,1,0.0,0.0,0.0,0.0,0.0,0.0,100.0,UNKNOWN,1,0.0,0.0,0.0,0.0,0.0,0.0,100.0,UNKNOWN,1,9.685040473937988,IDLE,0.0
1779448262.6728842,0.0,0.0,1.0,0.0,0.0,0.0,100.0,DISARMED,1,0.0,0.0,0.0,0.0,0.0,0.0,100.0,UNKNOWN,1,0.0,0.0,0.0,0.0,0.0,0.0,100.0,UNKNOWN,1,0.0,0.0,0.0,0.0,0.0,0.0,100.0,UNKNOWN,1,0.0,0.0,0.0,0.0,0.0,0.0,100.0,UNKNOWN,1,9.685040473937988,IDLE,0.0
1779448262.6905026,0.0,0.0,1.0,0.0,0.0,0.0,100.0,DISARMED,1,0.0,0.0,0.0,0.0,0.0,0.0,100.0,UNKNOWN,1,0.0,0.0,0.0,0.0,0.0,0.0,100.0,UNKNOWN,1,0.0,0.0,0.0,0.0,0.0,0.0,100.0,UNKNOWN,1,0.0,0.0,0.0,0.0,0.0,0.0,100.0,UNKNOWN,1,9.685040473937988,IDLE,0.0
1779448262.8803337,0.0,0.0,1.0,0.0,0.0,0.0,100.0,DISARMED,1,0.0,0.0,0.0,0.0,0.0,0.0,100.0,UNKNOWN,1,0.0,0.0,0.0,0.0,0.0,0.0,100.0,UNKNOWN,1,0.0,0.0,0.0,0.0,0.0,0.0,100.0,UNKNOWN,1,0.0,0.0,0.0,0.0,0.0,0.0,100.0,UNKNOWN,1,9.685040473937988,IDLE,0.0
1779448262.9392455,0.0,0.0,1.0,0.0,0.0,0.0,100.0,DISARMED,1,0.0,0.0,0.0,0.0,0.0,0.0,100.0,UNKNOWN,1,0.0,0.0,0.0,0.0,0.0,0.0,100.0,UNKNOWN,1,0.0,0.0,0.0,0.0,0.0,0.0,100.0,UNKNOWN,1,0.0,0.0,0.0,0.0,0.0,0.0,100.0,UNKNOWN,1,9.685040473937988,IDLE,0.0
1779448263.0613518,0.0,0.0,1.0,0.0,0.0,0.0,100.0,DISARMED,1,0.0,0.0,0.0,0.0,0.0,0.0,100.0,UNKNOWN,1,0.0,0.0,0.0,0.0,0.0,0.0,100.0,UNKNOWN,1,0.0,0.0,0.0,0.0,0.0,0.0,100.0,UNKNOWN,1,0.0,0.0,0.0,0.0,0.0,0.0,100.0,UNKNOWN,1,9.685040473937988,IDLE,0.0
1779448263.1639206,0.0,0.0,1.0,0.0,0.0,0.0,100.0,DISARMED,1,0.0,0.0,0.0,0.0,0.0,0.0,100.0,UNKNOWN,1,0.0,0.0,0.0,0.0,0.0,0.0,100.0,UNKNOWN,1,0.0,0.0,0.0,0.0,0.0,0.0,100.0,UNKNOWN,1,0.0,0.0,0.0,0.0,0.0,0.0,100.0,UNKNOWN,1,9.685040473937988,IDLE,0.0
1779448263.2206073,0.0,0.0,1.0,0.0,0.0,0.0,100.0,DISARMED,1,0.0,0.0,0.0,0.0,0.0,0.0,100.0,UNKNOWN,1,0.0,0.0,0.0,0.0,0.0,0.0,100.0,UNKNOWN,1,0.0,0.0,0.0,0.0,0.0,0.0,100.0,UNKNOWN,1,0.0,0.0,0.0,0.0,0.0,0.0,100.0,UNKNOWN,1,9.685040473937988,IDLE,0.0
1779448263.3876386,0.0,0.0,1.0,0.0,0.0,0.0,100.0,DISARMED,1,0.0,0.0,0.0,0.0,0.0,0.0,100.0,UNKNOWN,1,0.0,0.0,0.0,0.0,0.0,0.0,100.0,UNKNOWN,1,0.0,0.0,0.0,0.0,0.0,0.0,100.0,UNKNOWN,1,0.0,0.0,0.0,0.0,0.0,0.0,100.0,UNKNOWN,1,9.685040473937988,IDLE,0.0
1779448263.50795,0.0,0.0,1.0,0.0,0.0,0.0,100.0,DISARMED,1,0.0,0.0,0.0,0.0,0.0,0.0,100.0,UNKNOWN,1,0.0,0.0,0.0,0.0,0.0,0.0,100.0,UNKNOWN,1,0.0,0.0,0.0,0.0,0.0,0.0,100.0,UNKNOWN,1,0.0,0.0,0.0,0.0,0.0,0.0,100.0,UNKNOWN,1,9.685040473937988,IDLE,0.0
1779448263.633489,0.0,0.0,1.0,0.0,0.0,0.0,100.0,DISARMED,1,0.0,0.0,0.0,0.0,0.0,0.0,100.0,UNKNOWN,1,0.0,0.0,0.0,0.0,0.0,0.0,100.0,UNKNOWN,1,0.0,0.0,0.0,0.0,0.0,0.0,100.0,UNKNOWN,1,0.0,0.0,0.0,0.0,0.0,0.0,100.0,UNKNOWN,1,9.685040473937988,IDLE,0.0
1779448263.8732278,0.0,0.0,1.0,0.0,0.0,0.0,100.0,DISARMED,1,0.0,0.0,0.0,0.0,0.0,0.0,100.0,UNKNOWN,1,0.0,0.0,0.0,0.0,0.0,0.0,100.0,UNKNOWN,1,0.0,0.0,0.0,0.0,0.0,0.0,100.0,UNKNOWN,1,0.0,0.0,0.0,0.0,0.0,0.0,100.0,UNKNOWN,1,9.685040473937988,IDLE,0.0
1779448264.05158,0.0,0.0,1.0,0.0,0.0,0.0,100.0,DISARMED,1,0.0,0.0,0.0,0.0,0.0,0.0,100.0,UNKNOWN,1,0.0,0.0,0.0,0.0,0.0,0.0,100.0,UNKNOWN,1,0.0,0.0,0.0,0.0,0.0,0.0,100.0,UNKNOWN,1,0.0,0.0,0.0,0.0,0.0,0.0,100.0,UNKNOWN,1,9.685040473937988,IDLE,0.0
1779448264.454821,0.0,0.0,1.0,0.0,0.0,0.0,100.0,DISARMED,1,0.0,0.0,0.0,0.0,0.0,0.0,100.0,UNKNOWN,1,0.0,0.0,0.0,0.0,0.0,0.0,100.0,UNKNOWN,1,0.0,0.0,0.0,0.0,0.0,0.0,100.0,UNKNOWN,1,0.0,0.0,0.0,0.0,0.0,0.0,100.0,UNKNOWN,1,9.685040473937988,IDLE,0.0
1779448264.6478643,0.0,0.0,1.0,0.0,0.0,0.0,100.0,DISARMED,1,0.0,0.0,0.0,0.0,0.0,0.0,100.0,UNKNOWN,1,0.0,0.0,0.0,0.0,0.0,0.0,100.0,UNKNOWN,1,0.0,0.0,0.0,0.0,0.0,0.0,100.0,UNKNOWN,1,0.0,0.0,0.0,0.0,0.0,0.0,100.0,UNKNOWN,1,9.685040473937988,IDLE,0.0
1779448264.7370796,0.0,0.0,1.0,0.0,0.0,0.0,100.0,DISARMED,1,0.0,0.0,0.0,0.0,0.0,0.0,100.0,UNKNOWN,1,0.0,0.0,0.0,0.0,0.0,0.0,100.0,UNKNOWN,1,0.0,0.0,0.0,0.0,0.0,0.0,100.0,UNKNOWN,1,0.0,0.0,0.0,0.0,0.0,0.0,100.0,UNKNOWN,1,9.685040473937988,IDLE,0.0
1779448264.843037,0.0,0.0,1.0,0.0,0.0,0.0,100.0,DISARMED,1,0.0,0.0,0.0,0.0,0.0,0.0,100.0,UNKNOWN,1,0.0,0.0,0.0,0.0,0.0,0.0,100.0,UNKNOWN,1,0.0,0.0,0.0,0.0,0.0,0.0,100.0,UNKNOWN,1,0.0,0.0,0.0,0.0,0.0,0.0,100.0,UNKNOWN,1,9.685040473937988,IDLE,0.0
1779448264.9577148,0.0,0.0,1.0,0.0,0.0,0.0,100.0,DISARMED,1,0.0,0.0,0.0,0.0,0.0,0.0,100.0,UNKNOWN,1,0.0,0.0,0.0,0.0,0.0,0.0,100.0,UNKNOWN,1,0.0,0.0,0.0,0.0,0.0,0.0,100.0,UNKNOWN,1,0.0,0.0,0.0,0.0,0.0,0.0,100.0,UNKNOWN,1,9.685040473937988,IDLE,0.0
1779448265.0785038,0.0,0.0,1.0,0.0,0.0,0.0,100.0,DISARMED,1,0.0,0.0,0.0,0.0,0.0,0.0,100.0,UNKNOWN,1,0.0,0.0,0.0,0.0,0.0,0.0,100.0,UNKNOWN,1,0.0,0.0,0.0,0.0,0.0,0.0,100.0,UNKNOWN,1,0.0,0.0,0.0,0.0,0.0,0.0,100.0,UNKNOWN,1,9.685040473937988,IDLE,0.0
1779448265.234851,0.0,0.0,1.0,0.0,0.0,0.0,100.0,DISARMED,1,0.0,0.0,0.0,0.0,0.0,0.0,100.0,UNKNOWN,1,0.0,0.0,0.0,0.0,0.0,0.0,100.0,UNKNOWN,1,0.0,0.0,0.0,0.0,0.0,0.0,100.0,UNKNOWN,1,0.0,0.0,0.0,0.0,0.0,0.0,100.0,UNKNOWN,1,9.685040473937988,IDLE,0.0
1779448265.4797637,0.0,0.0,1.0,0.0,0.0,0.0,100.0,DISARMED,1,0.0,0.0,0.0,0.0,0.0,0.0,100.0,UNKNOWN,1,0.0,0.0,0.0,0.0,0.0,0.0,100.0,UNKNOWN,1,0.0,0.0,0.0,0.0,0.0,0.0,100.0,UNKNOWN,1,0.0,0.0,0.0,0.0,0.0,0.0,100.0,UNKNOWN,1,9.685040473937988,IDLE,0.0
1779448265.566859,0.0,0.0,1.0,0.0,0.0,0.0,100.0,DISARMED,1,0.0,0.0,0.0,0.0,0.0,0.0,100.0,UNKNOWN,1,0.0,0.0,0.0,0.0,0.0,0.0,100.0,UNKNOWN,1,0.0,0.0,0.0,0.0,0.0,0.0,100.0,UNKNOWN,1,0.0,0.0,0.0,0.0,0.0,0.0,100.0,UNKNOWN,1,9.685040473937988,IDLE,0.0
1779448265.6563337,0.0,0.0,1.0,0.0,0.0,0.0,100.0,DISARMED,1,0.0,0.0,0.0,0.0,0.0,0.0,100.0,UNKNOWN,1,0.0,0.0,0.0,0.0,0.0,0.0,100.0,UNKNOWN,1,0.0,0.0,0.0,0.0,0.0,0.0,100.0,UNKNOWN,1,0.0,0.0,0.0,0.0,0.0,0.0,100.0,UNKNOWN,1,9.685040473937988,IDLE,0.0
1779448265.8142245,0.0,0.0,1.0,0.0,0.0,0.0,100.0,DISARMED,1,0.0,0.0,0.0,0.0,0.0,0.0,100.0,UNKNOWN,1,0.0,0.0,0.0,0.0,0.0,0.0,100.0,UNKNOWN,1,0.0,0.0,0.0,0.0,0.0,0.0,100.0,UNKNOWN,1,0.0,0.0,0.0,0.0,0.0,0.0,100.0,UNKNOWN,1,9.685040473937988,IDLE,0.0
1779448265.9729273,0.0,0.0,1.0,0.0,0.0,0.0,100.0,DISARMED,1,0.0,0.0,0.0,0.0,0.0,0.0,100.0,UNKNOWN,1,0.0,0.0,0.0,0.0,0.0,0.0,100.0,UNKNOWN,1,0.0,0.0,0.0,0.0,0.0,0.0,100.0,UNKNOWN,1,0.0,0.0,0.0,0.0,0.0,0.0,100.0,UNKNOWN,1,9.685040473937988,IDLE,0.0
1779448266.0051682,0.0,0.0,1.0,0.0,0.0,0.0,100.0,DISARMED,1,0.0,0.0,0.0,0.0,0.0,0.0,100.0,UNKNOWN,1,0.0,0.0,0.0,0.0,0.0,0.0,100.0,UNKNOWN,1,0.0,0.0,0.0,0.0,0.0,0.0,100.0,UNKNOWN,1,0.0,0.0,0.0,0.0,0.0,0.0,100.0,UNKNOWN,1,9.685040473937988,IDLE,0.0
1779448266.2039247,0.0,0.0,1.0,0.0,0.0,0.0,100.0,DISARMED,1,0.0,0.0,0.0,0.0,0.0,0.0,100.0,UNKNOWN,1,0.0,0.0,0.0,0.0,0.0,0.0,100.0,UNKNOWN,1,0.0,0.0,0.0,0.0,0.0,0.0,100.0,UNKNOWN,1,0.0,0.0,0.0,0.0,0.0,0.0,100.0,UNKNOWN,1,9.685040473937988,IDLE,0.0
1779448266.597339,0.0,0.0,1.0,0.0,0.0,0.0,100.0,DISARMED,1,0.0,0.0,0.0,0.0,0.0,0.0,100.0,UNKNOWN,1,0.0,0.0,0.0,0.0,0.0,0.0,100.0,UNKNOWN,1,0.0,0.0,0.0,0.0,0.0,0.0,100.0,UNKNOWN,1,0.0,0.0,0.0,0.0,0.0,0.0,100.0,UNKNOWN,1,9.685040473937988,IDLE,0.0
1779448266.7189927,0.0,0.0,1.0,0.0,0.0,0.0,100.0,DISARMED,1,0.0,0.0,0.0,0.0,0.0,0.0,100.0,UNKNOWN,1,0.0,0.0,0.0,0.0,0.0,0.0,100.0,UNKNOWN,1,0.0,0.0,0.0,0.0,0.0,0.0,100.0,UNKNOWN,1,0.0,0.0,0.0,0.0,0.0,0.0,100.0,UNKNOWN,1,9.685040473937988,IDLE,0.0
1779448266.8483722,0.0,0.0,1.0,0.0,0.0,0.0,100.0,DISARMED,1,0.0,0.0,0.0,0.0,0.0,0.0,100.0,UNKNOWN,1,0.0,0.0,0.0,0.0,0.0,0.0,100.0,UNKNOWN,1,0.0,0.0,0.0,0.0,0.0,0.0,100.0,UNKNOWN,1,0.0,0.0,0.0,0.0,0.0,0.0,100.0,UNKNOWN,1,9.685040473937988,IDLE,0.0
1779448266.907687,0.0,0.0,1.0,0.0,0.0,0.0,100.0,DISARMED,1,0.0,0.0,0.0,0.0,0.0,0.0,100.0,UNKNOWN,1,0.0,0.0,0.0,0.0,0.0,0.0,100.0,UNKNOWN,1,0.0,0.0,0.0,0.0,0.0,0.0,100.0,UNKNOWN,1,0.0,0.0,0.0,0.0,0.0,0.0,100.0,UNKNOWN,1,9.685040473937988,IDLE,0.0
1779448267.0826013,0.0,0.0,1.0,0.0,0.0,0.0,100.0,DISARMED,1,0.0,0.0,0.0,0.0,0.0,0.0,100.0,UNKNOWN,1,0.0,0.0,0.0,0.0,0.0,0.0,100.0,UNKNOWN,1,0.0,0.0,0.0,0.0,0.0,0.0,100.0,UNKNOWN,1,0.0,0.0,0.0,0.0,0.0,0.0,100.0,UNKNOWN,1,9.685040473937988,IDLE,0.0
1779448267.1138678,0.0,0.0,1.0,0.0,0.0,0.0,100.0,DISARMED,1,0.0,0.0,0.0,0.0,0.0,0.0,100.0,UNKNOWN,1,0.0,0.0,0.0,0.0,0.0,0.0,100.0,UNKNOWN,1,0.0,0.0,0.0,0.0,0.0,0.0,100.0,UNKNOWN,1,0.0,0.0,0.0,0.0,0.0,0.0,100.0,UNKNOWN,1,9.685040473937988,IDLE,0.0
1779448267.2449064,0.0,0.0,1.0,0.0,0.0,0.0,100.0,DISARMED,1,0.0,0.0,0.0,0.0,0.0,0.0,100.0,UNKNOWN,1,0.0,0.0,0.0,0.0,0.0,0.0,100.0,UNKNOWN,1,0.0,0.0,0.0,0.0,0.0,0.0,100.0,UNKNOWN,1,0.0,0.0,0.0,0.0,0.0,0.0,100.0,UNKNOWN,1,9.685040473937988,IDLE,0.0
1779448267.585116,0.0,0.0,1.0,0.0,0.0,0.0,100.0,DISARMED,1,0.0,0.0,0.0,0.0,0.0,0.0,100.0,UNKNOWN,1,0.0,0.0,0.0,0.0,0.0,0.0,100.0,UNKNOWN,1,0.0,0.0,0.0,0.0,0.0,0.0,100.0,UNKNOWN,1,0.0,0.0,0.0,0.0,0.0,0.0,100.0,UNKNOWN,1,9.685040473937988,IDLE,0.0
1779448267.6551924,0.0,0.0,1.0,0.0,0.0,0.0,100.0,DISARMED,1,0.0,0.0,0.0,0.0,0.0,0.0,100.0,UNKNOWN,1,0.0,0.0,0.0,0.0,0.0,0.0,100.0,UNKNOWN,1,0.0,0.0,0.0,0.0,0.0,0.0,100.0,UNKNOWN,1,0.0,0.0,0.0,0.0,0.0,0.0,100.0,UNKNOWN,1,9.685040473937988,IDLE,0.0
1779448267.8124578,0.0,0.0,1.0,0.0,0.0,0.0,100.0,DISARMED,1,0.0,0.0,0.0,0.0,0.0,0.0,100.0,UNKNOWN,1,0.0,0.0,0.0,0.0,0.0,0.0,100.0,UNKNOWN,1,0.0,0.0,0.0,0.0,0.0,0.0,100.0,UNKNOWN,1,0.0,0.0,0.0,0.0,0.0,0.0,100.0,UNKNOWN,1,9.685040473937988,IDLE,0.0
1779448267.9812613,0.0,0.0,1.0,0.0,0.0,0.0,100.0,DISARMED,1,0.0,0.0,0.0,0.0,0.0,0.0,100.0,UNKNOWN,1,0.0,0.0,0.0,0.0,0.0,0.0,100.0,UNKNOWN,1,0.0,0.0,0.0,0.0,0.0,0.0,100.0,UNKNOWN,1,0.0,0.0,0.0,0.0,0.0,0.0,100.0,UNKNOWN,1,9.685040473937988,IDLE,0.0
1779448268.0429726,0.0,0.0,1.0,0.0,0.0,0.0,100.0,DISARMED,1,0.0,0.0,0.0,0.0,0.0,0.0,100.0,UNKNOWN,1,0.0,0.0,0.0,0.0,0.0,0.0,100.0,UNKNOWN,1,0.0,0.0,0.0,0.0,0.0,0.0,100.0,UNKNOWN,1,0.0,0.0,0.0,0.0,0.0,0.0,100.0,UNKNOWN,1,9.685040473937988,IDLE,0.0
1779448268.0967472,0.0,0.0,1.0,0.0,0.0,0.0,100.0,DISARMED,1,0.0,0.0,0.0,0.0,0.0,0.0,100.0,UNKNOWN,1,0.0,0.0,0.0,0.0,0.0,0.0,100.0,UNKNOWN,1,0.0,0.0,0.0,0.0,0.0,0.0,100.0,UNKNOWN,1,0.0,0.0,0.0,0.0,0.0,0.0,100.0,UNKNOWN,1,9.685040473937988,IDLE,0.0
1779448268.2173982,0.0,0.0,1.0,0.0,0.0,0.0,100.0,DISARMED,1,0.0,0.0,0.0,0.0,0.0,0.0,100.0,UNKNOWN,1,0.0,0.0,0.0,0.0,0.0,0.0,100.0,UNKNOWN,1,0.0,0.0,0.0,0.0,0.0,0.0,100.0,UNKNOWN,1,0.0,0.0,0.0,0.0,0.0,0.0,100.0,UNKNOWN,1,9.685040473937988,IDLE,0.0
1779448268.5211613,0.0,0.0,1.0,0.0,0.0,0.0,100.0,DISARMED,1,0.0,0.0,0.0,0.0,0.0,0.0,100.0,UNKNOWN,1,0.0,0.0,0.0,0.0,0.0,0.0,100.0,UNKNOWN,1,0.0,0.0,0.0,0.0,0.0,0.0,100.0,UNKNOWN,1,0.0,0.0,0.0,0.0,0.0,0.0,100.0,UNKNOWN,1,9.685040473937988,IDLE,0.0
1779448268.719821,0.0,0.0,1.0,0.0,0.0,0.0,100.0,DISARMED,1,0.0,0.0,0.0,0.0,0.0,0.0,100.0,UNKNOWN,1,0.0,0.0,0.0,0.0,0.0,0.0,100.0,UNKNOWN,1,0.0,0.0,0.0,0.0,0.0,0.0,100.0,UNKNOWN,1,0.0,0.0,0.0,0.0,0.0,0.0,100.0,UNKNOWN,1,9.685040473937988,IDLE,0.0
1779448268.820939,0.0,0.0,1.0,0.0,0.0,0.0,100.0,DISARMED,1,0.0,0.0,0.0,0.0,0.0,0.0,100.0,UNKNOWN,1,0.0,0.0,0.0,0.0,0.0,0.0,100.0,UNKNOWN,1,0.0,0.0,0.0,0.0,0.0,0.0,100.0,UNKNOWN,1,0.0,0.0,0.0,0.0,0.0,0.0,100.0,UNKNOWN,1,9.685040473937988,IDLE,0.0
1779448268.9407232,0.0,0.0,1.0,0.0,0.0,0.0,100.0,DISARMED,1,0.0,0.0,0.0,0.0,0.0,0.0,100.0,UNKNOWN,1,0.0,0.0,0.0,0.0,0.0,0.0,100.0,UNKNOWN,1,0.0,0.0,0.0,0.0,0.0,0.0,100.0,UNKNOWN,1,0.0,0.0,0.0,0.0,0.0,0.0,100.0,UNKNOWN,1,9.685040473937988,IDLE,0.0
1779448269.1067755,0.0,0.0,1.0,0.0,0.0,0.0,100.0,DISARMED,1,0.0,0.0,0.0,0.0,0.0,0.0,100.0,UNKNOWN,1,0.0,0.0,0.0,0.0,0.0,0.0,100.0,UNKNOWN,1,0.0,0.0,0.0,0.0,0.0,0.0,100.0,UNKNOWN,1,0.0,0.0,0.0,0.0,0.0,0.0,100.0,UNKNOWN,1,9.685040473937988,IDLE,0.0
1779448269.4940598,0.0,0.0,1.0,0.0,0.0,0.0,100.0,DISARMED,1,0.0,0.0,0.0,0.0,0.0,0.0,100.0,UNKNOWN,1,0.0,0.0,0.0,0.0,0.0,0.0,100.0,UNKNOWN,1,0.0,0.0,0.0,0.0,0.0,0.0,100.0,UNKNOWN,1,0.0,0.0,0.0,0.0,0.0,0.0,100.0,UNKNOWN,1,9.685040473937988,IDLE,0.0
1779448269.6563156,0.0,0.0,1.0,0.0,0.0,0.0,100.0,DISARMED,1,0.0,0.0,0.0,0.0,0.0,0.0,100.0,UNKNOWN,1,0.0,0.0,0.0,0.0,0.0,0.0,100.0,UNKNOWN,1,0.0,0.0,0.0,0.0,0.0,0.0,100.0,UNKNOWN,1,0.0,0.0,0.0,0.0,0.0,0.0,100.0,UNKNOWN,1,9.685040473937988,IDLE,0.0
1779448269.8704255,0.0,0.0,1.0,0.0,0.0,0.0,100.0,DISARMED,1,0.0,0.0,0.0,0.0,0.0,0.0,100.0,UNKNOWN,1,0.0,0.0,0.0,0.0,0.0,0.0,100.0,UNKNOWN,1,0.0,0.0,0.0,0.0,0.0,0.0,100.0,UNKNOWN,1,0.0,0.0,0.0,0.0,0.0,0.0,100.0,UNKNOWN,1,9.685040473937988,IDLE,0.0
1779448270.069731,0.0,0.0,1.0,0.0,0.0,0.0,100.0,DISARMED,1,0.0,0.0,0.0,0.0,0.0,0.0,100.0,UNKNOWN,1,0.0,0.0,0.0,0.0,0.0,0.0,100.0,UNKNOWN,1,0.0,0.0,0.0,0.0,0.0,0.0,100.0,UNKNOWN,1,0.0,0.0,0.0,0.0,0.0,0.0,100.0,UNKNOWN,1,9.685040473937988,IDLE,0.0
1779448270.1584926,0.0,0.0,1.0,0.0,0.0,0.0,100.0,DISARMED,1,0.0,0.0,0.0,0.0,0.0,0.0,100.0,UNKNOWN,1,0.0,0.0,0.0,0.0,0.0,0.0,100.0,UNKNOWN,1,0.0,0.0,0.0,0.0,0.0,0.0,100.0,UNKNOWN,1,0.0,0.0,0.0,0.0,0.0,0.0,100.0,UNKNOWN,1,9.685040473937988,IDLE,0.0
1779448270.2102635,0.0,0.0,1.0,0.0,0.0,0.0,100.0,DISARMED,1,0.0,0.0,0.0,0.0,0.0,0.0,100.0,UNKNOWN,1,0.0,0.0,0.0,0.0,0.0,0.0,100.0,UNKNOWN,1,0.0,0.0,0.0,0.0,0.0,0.0,100.0,UNKNOWN,1,0.0,0.0,0.0,0.0,0.0,0.0,100.0,UNKNOWN,1,9.685040473937988,IDLE,0.0
1779448270.8445108,0.0,0.0,1.0,0.0,0.0,0.0,100.0,DISARMED,1,0.0,0.0,0.0,0.0,0.0,0.0,100.0,UNKNOWN,1,0.0,0.0,0.0,0.0,0.0,0.0,100.0,UNKNOWN,1,0.0,0.0,0.0,0.0,0.0,0.0,100.0,UNKNOWN,1,0.0,0.0,0.0,0.0,0.0,0.0,100.0,UNKNOWN,1,9.685040473937988,IDLE,0.0
1779448270.9222994,0.0,0.0,1.0,0.0,0.0,0.0,100.0,DISARMED,1,0.0,0.0,0.0,0.0,0.0,0.0,100.0,UNKNOWN,1,0.0,0.0,0.0,0.0,0.0,0.0,100.0,UNKNOWN,1,0.0,0.0,0.0,0.0,0.0,0.0,100.0,UNKNOWN,1,0.0,0.0,0.0,0.0,0.0,0.0,100.0,UNKNOWN,1,9.685040473937988,IDLE,0.0
1779448271.0228052,0.0,0.0,1.0,0.0,0.0,0.0,100.0,DISARMED,1,0.0,0.0,0.0,0.0,0.0,0.0,100.0,UNKNOWN,1,0.0,0.0,0.0,0.0,0.0,0.0,100.0,UNKNOWN,1,0.0,0.0,0.0,0.0,0.0,0.0,100.0,UNKNOWN,1,0.0,0.0,0.0,0.0,0.0,0.0,100.0,UNKNOWN,1,9.685040473937988,IDLE,0.0
1779448271.1902804,0.0,0.0,1.0,0.0,0.0,0.0,100.0,DISARMED,1,0.0,0.0,0.0,0.0,0.0,0.0,100.0,UNKNOWN,1,0.0,0.0,0.0,0.0,0.0,0.0,100.0,UNKNOWN,1,0.0,0.0,0.0,0.0,0.0,0.0,100.0,UNKNOWN,1,0.0,0.0,0.0,0.0,0.0,0.0,100.0,UNKNOWN,1,9.685040473937988,IDLE,0.0
1779448271.629831,0.0,0.0,1.0,0.0,0.0,0.0,100.0,DISARMED,1,0.0,0.0,0.0,0.0,0.0,0.0,100.0,UNKNOWN,1,0.0,0.0,0.0,0.0,0.0,0.0,100.0,UNKNOWN,1,0.0,0.0,0.0,0.0,0.0,0.0,100.0,UNKNOWN,1,0.0,0.0,0.0,0.0,0.0,0.0,100.0,UNKNOWN,1,9.685040473937988,IDLE,0.0
1779448271.7191668,0.0,0.0,1.0,0.0,0.0,0.0,100.0,DISARMED,1,0.0,0.0,0.0,0.0,0.0,0.0,100.0,UNKNOWN,1,0.0,0.0,0.0,0.0,0.0,0.0,100.0,UNKNOWN,1,0.0,0.0,0.0,0.0,0.0,0.0,100.0,UNKNOWN,1,0.0,0.0,0.0,0.0,0.0,0.0,100.0,UNKNOWN,1,9.685040473937988,IDLE,0.0
1779448271.8068469,0.0,0.0,1.0,0.0,0.0,0.0,100.0,DISARMED,1,0.0,0.0,0.0,0.0,0.0,0.0,100.0,UNKNOWN,1,0.0,0.0,0.0,0.0,0.0,0.0,100.0,UNKNOWN,1,0.0,0.0,0.0,0.0,0.0,0.0,100.0,UNKNOWN,1,0.0,0.0,0.0,0.0,0.0,0.0,100.0,UNKNOWN,1,9.685040473937988,IDLE,0.0
1779448271.9307745,0.0,0.0,1.0,0.0,0.0,0.0,100.0,DISARMED,1,0.0,0.0,0.0,0.0,0.0,0.0,100.0,UNKNOWN,1,0.0,0.0,0.0,0.0,0.0,0.0,100.0,UNKNOWN,1,0.0,0.0,0.0,0.0,0.0,0.0,100.0,UNKNOWN,1,0.0,0.0,0.0,0.0,0.0,0.0,100.0,UNKNOWN,1,9.685040473937988,IDLE,0.0
1779448272.0396569,0.0,0.0,1.0,0.0,0.0,0.0,100.0,DISARMED,1,0.0,0.0,0.0,0.0,0.0,0.0,100.0,UNKNOWN,1,0.0,0.0,0.0,0.0,0.0,0.0,100.0,UNKNOWN,1,0.0,0.0,0.0,0.0,0.0,0.0,100.0,UNKNOWN,1,0.0,0.0,0.0,0.0,0.0,0.0,100.0,UNKNOWN,1,9.685040473937988,IDLE,0.0
1779448272.1183727,0.0,0.0,1.0,0.0,0.0,0.0,100.0,DISARMED,1,0.0,0.0,0.0,0.0,0.0,0.0,100.0,UNKNOWN,1,0.0,0.0,0.0,0.0,0.0,0.0,100.0,UNKNOWN,1,0.0,0.0,0.0,0.0,0.0,0.0,100.0,UNKNOWN,1,0.0,0.0,0.0,0.0,0.0,0.0,100.0,UNKNOWN,1,9.685040473937988,IDLE,0.0
1779448272.2070007,0.0,0.0,1.0,0.0,0.0,0.0,100.0,DISARMED,1,0.0,0.0,0.0,0.0,0.0,0.0,100.0,UNKNOWN,1,0.0,0.0,0.0,0.0,0.0,0.0,100.0,UNKNOWN,1,0.0,0.0,0.0,0.0,0.0,0.0,100.0,UNKNOWN,1,0.0,0.0,0.0,0.0,0.0,0.0,100.0,UNKNOWN,1,9.685040473937988,IDLE,0.0
1779448272.4613109,0.0,0.0,1.0,0.0,0.0,0.0,100.0,DISARMED,1,0.0,0.0,0.0,0.0,0.0,0.0,100.0,UNKNOWN,1,0.0,0.0,0.0,0.0,0.0,0.0,100.0,UNKNOWN,1,0.0,0.0,0.0,0.0,0.0,0.0,100.0,UNKNOWN,1,0.0,0.0,0.0,0.0,0.0,0.0,100.0,UNKNOWN,1,9.685040473937988,IDLE,0.0
1779448272.5630746,0.0,0.0,1.0,0.0,0.0,0.0,100.0,DISARMED,1,0.0,0.0,0.0,0.0,0.0,0.0,100.0,UNKNOWN,1,0.0,0.0,0.0,0.0,0.0,0.0,100.0,UNKNOWN,1,0.0,0.0,0.0,0.0,0.0,0.0,100.0,UNKNOWN,1,0.0,0.0,0.0,0.0,0.0,0.0,100.0,UNKNOWN,1,9.685040473937988,IDLE,0.0
1779448272.7473643,0.0,0.0,1.0,0.0,0.0,0.0,100.0,DISARMED,1,0.0,0.0,0.0,0.0,0.0,0.0,100.0,UNKNOWN,1,0.0,0.0,0.0,0.0,0.0,0.0,100.0,UNKNOWN,1,0.0,0.0,0.0,0.0,0.0,0.0,100.0,UNKNOWN,1,0.0,0.0,0.0,0.0,0.0,0.0,100.0,UNKNOWN,1,9.685040473937988,IDLE,0.0
1779448272.8302531,0.0,0.0,1.0,0.0,0.0,0.0,100.0,DISARMED,1,0.0,0.0,0.0,0.0,0.0,0.0,100.0,UNKNOWN,1,0.0,0.0,0.0,0.0,0.0,0.0,100.0,UNKNOWN,1,0.0,0.0,0.0,0.0,0.0,0.0,100.0,UNKNOWN,1,0.0,0.0,0.0,0.0,0.0,0.0,100.0,UNKNOWN,1,9.685040473937988,IDLE,0.0
1779448273.2513106,0.0,0.0,1.0,0.0,0.0,0.0,100.0,DISARMED,1,0.0,0.0,0.0,0.0,0.0,0.0,100.0,UNKNOWN,1,0.0,0.0,0.0,0.0,0.0,0.0,100.0,UNKNOWN,1,0.0,0.0,0.0,0.0,0.0,0.0,100.0,UNKNOWN,1,0.0,0.0,0.0,0.0,0.0,0.0,100.0,UNKNOWN,1,9.685040473937988,IDLE,0.0
1779448273.6321104,0.0,0.0,1.0,0.0,0.0,0.0,100.0,DISARMED,1,0.0,0.0,0.0,0.0,0.0,0.0,100.0,UNKNOWN,1,0.0,0.0,0.0,0.0,0.0,0.0,100.0,UNKNOWN,1,0.0,0.0,0.0,0.0,0.0,0.0,100.0,UNKNOWN,1,0.0,0.0,0.0,0.0,0.0,0.0,100.0,UNKNOWN,1,9.685040473937988,IDLE,0.0
1779448273.7456038,0.0,0.0,1.0,0.0,0.0,0.0,100.0,DISARMED,1,0.0,0.0,0.0,0.0,0.0,0.0,100.0,UNKNOWN,1,0.0,0.0,0.0,0.0,0.0,0.0,100.0,UNKNOWN,1,0.0,0.0,0.0,0.0,0.0,0.0,100.0,UNKNOWN,1,0.0,0.0,0.0,0.0,0.0,0.0,100.0,UNKNOWN,1,9.685040473937988,IDLE,0.0
1779448273.8083875,0.0,0.0,1.0,0.0,0.0,0.0,100.0,DISARMED,1,0.0,0.0,0.0,0.0,0.0,0.0,100.0,UNKNOWN,1,0.0,0.0,0.0,0.0,0.0,0.0,100.0,UNKNOWN,1,0.0,0.0,0.0,0.0,0.0,0.0,100.0,UNKNOWN,1,0.0,0.0,0.0,0.0,0.0,0.0,100.0,UNKNOWN,1,9.685040473937988,IDLE,0.0
1779448273.978387,0.0,0.0,1.0,0.0,0.0,0.0,100.0,DISARMED,1,0.0,0.0,0.0,0.0,0.0,0.0,100.0,UNKNOWN,1,0.0,0.0,0.0,0.0,0.0,0.0,100.0,UNKNOWN,1,0.0,0.0,0.0,0.0,0.0,0.0,100.0,UNKNOWN,1,0.0,0.0,0.0,0.0,0.0,0.0,100.0,UNKNOWN,1,9.685040473937988,IDLE,0.0
1779448274.0616298,0.0,0.0,1.0,0.0,0.0,0.0,100.0,DISARMED,1,0.0,0.0,0.0,0.0,0.0,0.0,100.0,UNKNOWN,1,0.0,0.0,0.0,0.0,0.0,0.0,100.0,UNKNOWN,1,0.0,0.0,0.0,0.0,0.0,0.0,100.0,UNKNOWN,1,0.0,0.0,0.0,0.0,0.0,0.0,100.0,UNKNOWN,1,9.685040473937988,IDLE,0.0
1779448274.1895518,0.0,0.0,1.0,0.0,0.0,0.0,100.0,DISARMED,1,0.0,0.0,0.0,0.0,0.0,0.0,100.0,UNKNOWN,1,0.0,0.0,0.0,0.0,0.0,0.0,100.0,UNKNOWN,1,0.0,0.0,0.0,0.0,0.0,0.0,100.0,UNKNOWN,1,0.0,0.0,0.0,0.0,0.0,0.0,100.0,UNKNOWN,1,9.685040473937988,IDLE,0.0
1779448274.4421816,0.0,0.0,1.0,0.0,0.0,0.0,100.0,DISARMED,1,0.0,0.0,0.0,0.0,0.0,0.0,100.0,UNKNOWN,1,0.0,0.0,0.0,0.0,0.0,0.0,100.0,UNKNOWN,1,0.0,0.0,0.0,0.0,0.0,0.0,100.0,UNKNOWN,1,0.0,0.0,0.0,0.0,0.0,0.0,100.0,UNKNOWN,1,9.685040473937988,IDLE,0.0
1779448274.5084698,0.0,0.0,1.0,0.0,0.0,0.0,100.0,DISARMED,1,0.0,0.0,0.0,0.0,0.0,0.0,100.0,UNKNOWN,1,0.0,0.0,0.0,0.0,0.0,0.0,100.0,UNKNOWN,1,0.0,0.0,0.0,0.0,0.0,0.0,100.0,UNKNOWN,1,0.0,0.0,0.0,0.0,0.0,0.0,100.0,UNKNOWN,1,9.685040473937988,IDLE,0.0
1779448274.6439447,0.0,0.0,1.0,0.0,0.0,0.0,100.0,DISARMED,1,0.0,0.0,0.0,0.0,0.0,0.0,100.0,UNKNOWN,1,0.0,0.0,0.0,0.0,0.0,0.0,100.0,UNKNOWN,1,0.0,0.0,0.0,0.0,0.0,0.0,100.0,UNKNOWN,1,0.0,0.0,0.0,0.0,0.0,0.0,100.0,UNKNOWN,1,9.685040473937988,IDLE,0.0
1779448274.6934114,0.0,0.0,1.0,0.0,0.0,0.0,100.0,DISARMED,1,0.0,0.0,0.0,0.0,0.0,0.0,100.0,UNKNOWN,1,0.0,0.0,0.0,0.0,0.0,0.0,100.0,UNKNOWN,1,0.0,0.0,0.0,0.0,0.0,0.0,100.0,UNKNOWN,1,0.0,0.0,0.0,0.0,0.0,0.0,100.0,UNKNOWN,1,9.685040473937988,IDLE,0.0
1779448275.00295,0.0,0.0,1.0,0.0,0.0,0.0,100.0,DISARMED,1,0.0,0.0,0.0,0.0,0.0,0.0,100.0,UNKNOWN,1,0.0,0.0,0.0,0.0,0.0,0.0,100.0,UNKNOWN,1,0.0,0.0,0.0,0.0,0.0,0.0,100.0,UNKNOWN,1,0.0,0.0,0.0,0.0,0.0,0.0,100.0,UNKNOWN,1,9.685040473937988,IDLE,0.0
1779448275.0898964,0.0,0.0,1.0,0.0,0.0,0.0,100.0,DISARMED,1,0.0,0.0,0.0,0.0,0.0,0.0,100.0,UNKNOWN,1,0.0,0.0,0.0,0.0,0.0,0.0,100.0,UNKNOWN,1,0.0,0.0,0.0,0.0,0.0,0.0,100.0,UNKNOWN,1,0.0,0.0,0.0,0.0,0.0,0.0,100.0,UNKNOWN,1,9.685040473937988,IDLE,0.0
1779448275.5704956,0.0,0.0,1.0,0.0,0.0,0.0,100.0,DISARMED,1,0.0,0.0,0.0,0.0,0.0,0.0,100.0,UNKNOWN,1,0.0,0.0,0.0,0.0,0.0,0.0,100.0,UNKNOWN,1,0.0,0.0,0.0,0.0,0.0,0.0,100.0,UNKNOWN,1,0.0,0.0,0.0,0.0,0.0,0.0,100.0,UNKNOWN,1,9.685040473937988,IDLE,0.0
1779448275.602886,0.0,0.0,1.0,0.0,0.0,0.0,100.0,DISARMED,1,0.0,0.0,0.0,0.0,0.0,0.0,100.0,UNKNOWN,1,0.0,0.0,0.0,0.0,0.0,0.0,100.0,UNKNOWN,1,0.0,0.0,0.0,0.0,0.0,0.0,100.0,UNKNOWN,1,0.0,0.0,0.0,0.0,0.0,0.0,100.0,UNKNOWN,1,9.685040473937988,IDLE,0.0
1779448275.7070599,0.0,0.0,1.0,0.0,0.0,0.0,100.0,DISARMED,1,0.0,0.0,0.0,0.0,0.0,0.0,100.0,UNKNOWN,1,0.0,0.0,0.0,0.0,0.0,0.0,100.0,UNKNOWN,1,0.0,0.0,0.0,0.0,0.0,0.0,100.0,UNKNOWN,1,0.0,0.0,0.0,0.0,0.0,0.0,100.0,UNKNOWN,1,9.685040473937988,IDLE,0.0
1779448275.982386,0.0,0.0,1.0,0.0,0.0,0.0,100.0,DISARMED,1,0.0,0.0,0.0,0.0,0.0,0.0,100.0,UNKNOWN,1,0.0,0.0,0.0,0.0,0.0,0.0,100.0,UNKNOWN,1,0.0,0.0,0.0,0.0,0.0,0.0,100.0,UNKNOWN,1,0.0,0.0,0.0,0.0,0.0,0.0,100.0,UNKNOWN,1,9.685040473937988,IDLE,0.0
1779448276.178991,0.0,0.0,1.0,0.0,0.0,0.0,100.0,DISARMED,1,0.0,0.0,0.0,0.0,0.0,0.0,100.0,UNKNOWN,1,0.0,0.0,0.0,0.0,0.0,0.0,100.0,UNKNOWN,1,0.0,0.0,0.0,0.0,0.0,0.0,100.0,UNKNOWN,1,0.0,0.0,0.0,0.0,0.0,0.0,100.0,UNKNOWN,1,9.685040473937988,IDLE,0.0
1779448276.4872985,0.0,0.0,1.0,0.0,0.0,0.0,100.0,DISARMED,1,0.0,0.0,0.0,0.0,0.0,0.0,100.0,UNKNOWN,1,0.0,0.0,0.0,0.0,0.0,0.0,100.0,UNKNOWN,1,0.0,0.0,0.0,0.0,0.0,0.0,100.0,UNKNOWN,1,0.0,0.0,0.0,0.0,0.0,0.0,100.0,UNKNOWN,1,9.685040473937988,IDLE,0.0
1779448276.6241403,0.0,0.0,1.0,0.0,0.0,0.0,100.0,DISARMED,1,0.0,0.0,0.0,0.0,0.0,0.0,100.0,UNKNOWN,1,0.0,0.0,0.0,0.0,0.0,0.0,100.0,UNKNOWN,1,0.0,0.0,0.0,0.0,0.0,0.0,100.0,UNKNOWN,1,0.0,0.0,0.0,0.0,0.0,0.0,100.0,UNKNOWN,1,9.685040473937988,IDLE,0.0
1779448276.7314517,0.0,0.0,1.0,0.0,0.0,0.0,100.0,DISARMED,1,0.0,0.0,0.0,0.0,0.0,0.0,100.0,UNKNOWN,1,0.0,0.0,0.0,0.0,0.0,0.0,100.0,UNKNOWN,1,0.0,0.0,0.0,0.0,0.0,0.0,100.0,UNKNOWN,1,0.0,0.0,0.0,0.0,0.0,0.0,100.0,UNKNOWN,1,9.685040473937988,IDLE,0.0
1779448276.8137228,0.0,0.0,1.0,0.0,0.0,0.0,100.0,DISARMED,1,0.0,0.0,0.0,0.0,0.0,0.0,100.0,UNKNOWN,1,0.0,0.0,0.0,0.0,0.0,0.0,100.0,UNKNOWN,1,0.0,0.0,0.0,0.0,0.0,0.0,100.0,UNKNOWN,1,0.0,0.0,0.0,0.0,0.0,0.0,100.0,UNKNOWN,1,9.685040473937988,IDLE,0.0
1779448276.9434943,0.0,0.0,1.0,0.0,0.0,0.0,100.0,DISARMED,1,0.0,0.0,0.0,0.0,0.0,0.0,100.0,UNKNOWN,1,0.0,0.0,0.0,0.0,0.0,0.0,100.0,UNKNOWN,1,0.0,0.0,0.0,0.0,0.0,0.0,100.0,UNKNOWN,1,0.0,0.0,0.0,0.0,0.0,0.0,100.0,UNKNOWN,1,9.685040473937988,IDLE,0.0
1779448277.0583801,0.0,0.0,1.0,0.0,0.0,0.0,100.0,DISARMED,1,0.0,0.0,0.0,0.0,0.0,0.0,100.0,UNKNOWN,1,0.0,0.0,0.0,0.0,0.0,0.0,100.0,UNKNOWN,1,0.0,0.0,0.0,0.0,0.0,0.0,100.0,UNKNOWN,1,0.0,0.0,0.0,0.0,0.0,0.0,100.0,UNKNOWN,1,9.685040473937988,IDLE,0.0
1779448277.1381102,0.0,0.0,1.0,0.0,0.0,0.0,100.0,DISARMED,1,0.0,0.0,0.0,0.0,0.0,0.0,100.0,UNKNOWN,1,0.0,0.0,0.0,0.0,0.0,0.0,100.0,UNKNOWN,1,0.0,0.0,0.0,0.0,0.0,0.0,100.0,UNKNOWN,1,0.0,0.0,0.0,0.0,0.0,0.0,100.0,UNKNOWN,1,9.685040473937988,IDLE,0.0
1779448277.2146528,0.0,0.0,1.0,0.0,0.0,0.0,100.0,DISARMED,1,0.0,0.0,0.0,0.0,0.0,0.0,100.0,UNKNOWN,1,0.0,0.0,0.0,0.0,0.0,0.0,100.0,UNKNOWN,1,0.0,0.0,0.0,0.0,0.0,0.0,100.0,UNKNOWN,1,0.0,0.0,0.0,0.0,0.0,0.0,100.0,UNKNOWN,1,9.685040473937988,IDLE,0.0
1779448277.5562513,0.0,0.0,1.0,0.0,0.0,0.0,100.0,DISARMED,1,0.0,0.0,0.0,0.0,0.0,0.0,100.0,UNKNOWN,1,0.0,0.0,0.0,0.0,0.0,0.0,100.0,UNKNOWN,1,0.0,0.0,0.0,0.0,0.0,0.0,100.0,UNKNOWN,1,0.0,0.0,0.0,0.0,0.0,0.0,100.0,UNKNOWN,1,9.685040473937988,IDLE,0.0
1779448277.691635,0.0,0.0,1.0,0.0,0.0,0.0,100.0,DISARMED,1,0.0,0.0,0.0,0.0,0.0,0.0,100.0,UNKNOWN,1,0.0,0.0,0.0,0.0,0.0,0.0,100.0,UNKNOWN,1,0.0,0.0,0.0,0.0,0.0,0.0,100.0,UNKNOWN,1,0.0,0.0,0.0,0.0,0.0,0.0,100.0,UNKNOWN,1,9.685040473937988,IDLE,0.0
1779448277.869719,0.0,0.0,1.0,0.0,0.0,0.0,100.0,DISARMED,1,0.0,0.0,0.0,0.0,0.0,0.0,100.0,UNKNOWN,1,0.0,0.0,0.0,0.0,0.0,0.0,100.0,UNKNOWN,1,0.0,0.0,0.0,0.0,0.0,0.0,100.0,UNKNOWN,1,0.0,0.0,0.0,0.0,0.0,0.0,100.0,UNKNOWN,1,9.685040473937988,IDLE,0.0
1779448277.9575331,0.0,0.0,1.0,0.0,0.0,0.0,100.0,DISARMED,1,0.0,0.0,0.0,0.0,0.0,0.0,100.0,UNKNOWN,1,0.0,0.0,0.0,0.0,0.0,0.0,100.0,UNKNOWN,1,0.0,0.0,0.0,0.0,0.0,0.0,100.0,UNKNOWN,1,0.0,0.0,0.0,0.0,0.0,0.0,100.0,UNKNOWN,1,9.685040473937988,IDLE,0.0
1779448277.991311,0.0,0.0,1.0,0.0,0.0,0.0,100.0,DISARMED,1,0.0,0.0,0.0,0.0,0.0,0.0,100.0,UNKNOWN,1,0.0,0.0,0.0,0.0,0.0,0.0,100.0,UNKNOWN,1,0.0,0.0,0.0,0.0,0.0,0.0,100.0,UNKNOWN,1,0.0,0.0,0.0,0.0,0.0,0.0,100.0,UNKNOWN,1,9.685040473937988,IDLE,0.0
1779448278.1952772,0.0,0.0,1.0,0.0,0.0,0.0,100.0,DISARMED,1,0.0,0.0,0.0,0.0,0.0,0.0,100.0,UNKNOWN,1,0.0,0.0,0.0,0.0,0.0,0.0,100.0,UNKNOWN,1,0.0,0.0,0.0,0.0,0.0,0.0,100.0,UNKNOWN,1,0.0,0.0,0.0,0.0,0.0,0.0,100.0,UNKNOWN,1,9.685040473937988,IDLE,0.0
1779448278.5731559,0.0,0.0,1.0,0.0,0.0,0.0,100.0,DISARMED,1,0.0,0.0,0.0,0.0,0.0,0.0,100.0,UNKNOWN,1,0.0,0.0,0.0,0.0,0.0,0.0,100.0,UNKNOWN,1,0.0,0.0,0.0,0.0,0.0,0.0,100.0,UNKNOWN,1,0.0,0.0,0.0,0.0,0.0,0.0,100.0,UNKNOWN,1,9.685040473937988,IDLE,0.0
1779448278.722465,0.0,0.0,1.0,0.0,0.0,0.0,100.0,DISARMED,1,0.0,0.0,0.0,0.0,0.0,0.0,100.0,UNKNOWN,1,0.0,0.0,0.0,0.0,0.0,0.0,100.0,UNKNOWN,1,0.0,0.0,0.0,0.0,0.0,0.0,100.0,UNKNOWN,1,0.0,0.0,0.0,0.0,0.0,0.0,100.0,UNKNOWN,1,9.685040473937988,IDLE,0.0
1779448278.8944867,0.0,0.0,1.0,0.0,0.0,0.0,100.0,DISARMED,1,0.0,0.0,0.0,0.0,0.0,0.0,100.0,UNKNOWN,1,0.0,0.0,0.0,0.0,0.0,0.0,100.0,UNKNOWN,1,0.0,0.0,0.0,0.0,0.0,0.0,100.0,UNKNOWN,1,0.0,0.0,0.0,0.0,0.0,0.0,100.0,UNKNOWN,1,9.685040473937988,IDLE,0.0
1779448279.1509094,0.0,0.0,1.0,0.0,0.0,0.0,100.0,DISARMED,1,0.0,0.0,0.0,0.0,0.0,0.0,100.0,UNKNOWN,1,0.0,0.0,0.0,0.0,0.0,0.0,100.0,UNKNOWN,1,0.0,0.0,0.0,0.0,0.0,0.0,100.0,UNKNOWN,1,0.0,0.0,0.0,0.0,0.0,0.0,100.0,UNKNOWN,1,9.685040473937988,IDLE,0.0
1779448279.715403,0.0,0.0,1.0,0.0,0.0,0.0,100.0,DISARMED,1,0.0,0.0,0.0,0.0,0.0,0.0,100.0,UNKNOWN,1,0.0,0.0,0.0,0.0,0.0,0.0,100.0,UNKNOWN,1,0.0,0.0,0.0,0.0,0.0,0.0,100.0,UNKNOWN,1,0.0,0.0,0.0,0.0,0.0,0.0,100.0,UNKNOWN,1,9.685040473937988,IDLE,0.0
1779448279.8821197,0.0,0.0,1.0,0.0,0.0,0.0,100.0,DISARMED,1,0.0,0.0,0.0,0.0,0.0,0.0,100.0,UNKNOWN,1,0.0,0.0,0.0,0.0,0.0,0.0,100.0,UNKNOWN,1,0.0,0.0,0.0,0.0,0.0,0.0,100.0,UNKNOWN,1,0.0,0.0,0.0,0.0,0.0,0.0,100.0,UNKNOWN,1,9.685040473937988,IDLE,0.0
1779448279.9765642,0.0,0.0,1.0,0.0,0.0,0.0,100.0,DISARMED,1,0.0,0.0,0.0,0.0,0.0,0.0,100.0,UNKNOWN,1,0.0,0.0,0.0,0.0,0.0,0.0,100.0,UNKNOWN,1,0.0,0.0,0.0,0.0,0.0,0.0,100.0,UNKNOWN,1,0.0,0.0,0.0,0.0,0.0,0.0,100.0,UNKNOWN,1,9.685040473937988,IDLE,0.0
1779448280.1222057,0.0,0.0,1.0,0.0,0.0,0.0,100.0,DISARMED,1,0.0,0.0,0.0,0.0,0.0,0.0,100.0,UNKNOWN,1,0.0,0.0,0.0,0.0,0.0,0.0,100.0,UNKNOWN,1,0.0,0.0,0.0,0.0,0.0,0.0,100.0,UNKNOWN,1,0.0,0.0,0.0,0.0,0.0,0.0,100.0,UNKNOWN,1,9.685040473937988,IDLE,0.0
1779448280.670254,0.0,0.0,1.0,0.0,0.0,0.0,100.0,DISARMED,1,0.0,0.0,0.0,0.0,0.0,0.0,100.0,UNKNOWN,1,0.0,0.0,0.0,0.0,0.0,0.0,100.0,UNKNOWN,1,0.0,0.0,0.0,0.0,0.0,0.0,100.0,UNKNOWN,1,0.0,0.0,0.0,0.0,0.0,0.0,100.0,UNKNOWN,1,9.685040473937988,IDLE,0.0
1779448280.7117178,0.0,0.0,1.0,0.0,0.0,0.0,100.0,DISARMED,1,0.0,0.0,0.0,0.0,0.0,0.0,100.0,UNKNOWN,1,0.0,0.0,0.0,0.0,0.0,0.0,100.0,UNKNOWN,1,0.0,0.0,0.0,0.0,0.0,0.0,100.0,UNKNOWN,1,0.0,0.0,0.0,0.0,0.0,0.0,100.0,UNKNOWN,1,9.685040473937988,IDLE,0.0
1779448280.9797509,0.0,0.0,1.0,0.0,0.0,0.0,100.0,DISARMED,1,0.0,0.0,0.0,0.0,0.0,0.0,100.0,UNKNOWN,1,0.0,0.0,0.0,0.0,0.0,0.0,100.0,UNKNOWN,1,0.0,0.0,0.0,0.0,0.0,0.0,100.0,UNKNOWN,1,0.0,0.0,0.0,0.0,0.0,0.0,100.0,UNKNOWN,1,9.685040473937988,IDLE,0.0
1779448281.1066077,0.0,0.0,1.0,0.0,0.0,0.0,100.0,DISARMED,1,0.0,0.0,0.0,0.0,0.0,0.0,100.0,UNKNOWN,1,0.0,0.0,0.0,0.0,0.0,0.0,100.0,UNKNOWN,1,0.0,0.0,0.0,0.0,0.0,0.0,100.0,UNKNOWN,1,0.0,0.0,0.0,0.0,0.0,0.0,100.0,UNKNOWN,1,9.685040473937988,IDLE,0.0
1779448281.2688985,0.0,0.0,1.0,0.0,0.0,0.0,100.0,DISARMED,1,0.0,0.0,0.0,0.0,0.0,0.0,100.0,UNKNOWN,1,0.0,0.0,0.0,0.0,0.0,0.0,100.0,UNKNOWN,1,0.0,0.0,0.0,0.0,0.0,0.0,100.0,UNKNOWN,1,0.0,0.0,0.0,0.0,0.0,0.0,100.0,UNKNOWN,1,9.685040473937988,IDLE,0.0
1779448281.7096088,0.0,0.0,1.0,0.0,0.0,0.0,100.0,DISARMED,1,0.0,0.0,0.0,0.0,0.0,0.0,100.0,UNKNOWN,1,0.0,0.0,0.0,0.0,0.0,0.0,100.0,UNKNOWN,1,0.0,0.0,0.0,0.0,0.0,0.0,100.0,UNKNOWN,1,0.0,0.0,0.0,0.0,0.0,0.0,100.0,UNKNOWN,1,9.685040473937988,IDLE,0.0
1779448281.8473685,0.0,0.0,1.0,0.0,0.0,0.0,100.0,DISARMED,1,0.0,0.0,0.0,0.0,0.0,0.0,100.0,UNKNOWN,1,0.0,0.0,0.0,0.0,0.0,0.0,100.0,UNKNOWN,1,0.0,0.0,0.0,0.0,0.0,0.0,100.0,UNKNOWN,1,0.0,0.0,0.0,0.0,0.0,0.0,100.0,UNKNOWN,1,9.685040473937988,IDLE,0.0
1779448281.9163332,0.0,0.0,1.0,0.0,0.0,0.0,100.0,DISARMED,1,0.0,0.0,0.0,0.0,0.0,0.0,100.0,UNKNOWN,1,0.0,0.0,0.0,0.0,0.0,0.0,100.0,UNKNOWN,1,0.0,0.0,0.0,0.0,0.0,0.0,100.0,UNKNOWN,1,0.0,0.0,0.0,0.0,0.0,0.0,100.0,UNKNOWN,1,9.685040473937988,IDLE,0.0
1779448282.0954676,0.0,0.0,1.0,0.0,0.0,0.0,100.0,DISARMED,1,0.0,0.0,0.0,0.0,0.0,0.0,100.0,UNKNOWN,1,0.0,0.0,0.0,0.0,0.0,0.0,100.0,UNKNOWN,1,0.0,0.0,0.0,0.0,0.0,0.0,100.0,UNKNOWN,1,0.0,0.0,0.0,0.0,0.0,0.0,100.0,UNKNOWN,1,9.685040473937988,IDLE,0.0
1779448282.6366372,0.0,0.0,1.0,0.0,0.0,0.0,100.0,DISARMED,1,0.0,0.0,0.0,0.0,0.0,0.0,100.0,UNKNOWN,1,0.0,0.0,0.0,0.0,0.0,0.0,100.0,UNKNOWN,1,0.0,0.0,0.0,0.0,0.0,0.0,100.0,UNKNOWN,1,0.0,0.0,0.0,0.0,0.0,0.0,100.0,UNKNOWN,1,9.685040473937988,IDLE,0.0
1779448282.7045684,0.0,0.0,1.0,0.0,0.0,0.0,100.0,DISARMED,1,0.0,0.0,0.0,0.0,0.0,0.0,100.0,UNKNOWN,1,0.0,0.0,0.0,0.0,0.0,0.0,100.0,UNKNOWN,1,0.0,0.0,0.0,0.0,0.0,0.0,100.0,UNKNOWN,1,0.0,0.0,0.0,0.0,0.0,0.0,100.0,UNKNOWN,1,9.685040473937988,IDLE,0.0
1779448282.8175879,0.0,0.0,1.0,0.0,0.0,0.0,100.0,DISARMED,1,0.0,0.0,0.0,0.0,0.0,0.0,100.0,UNKNOWN,1,0.0,0.0,0.0,0.0,0.0,0.0,100.0,UNKNOWN,1,0.0,0.0,0.0,0.0,0.0,0.0,100.0,UNKNOWN,1,0.0,0.0,0.0,0.0,0.0,0.0,100.0,UNKNOWN,1,9.685040473937988,IDLE,0.0
1779448282.9302914,0.0,0.0,1.0,0.0,0.0,0.0,100.0,DISARMED,1,0.0,0.0,0.0,0.0,0.0,0.0,100.0,UNKNOWN,1,0.0,0.0,0.0,0.0,0.0,0.0,100.0,UNKNOWN,1,0.0,0.0,0.0,0.0,0.0,0.0,100.0,UNKNOWN,1,0.0,0.0,0.0,0.0,0.0,0.0,100.0,UNKNOWN,1,9.685040473937988,IDLE,0.0
1779448283.0559733,0.0,0.0,1.0,0.0,0.0,0.0,100.0,DISARMED,1,0.0,0.0,0.0,0.0,0.0,0.0,100.0,UNKNOWN,1,0.0,0.0,0.0,0.0,0.0,0.0,100.0,UNKNOWN,1,0.0,0.0,0.0,0.0,0.0,0.0,100.0,UNKNOWN,1,0.0,0.0,0.0,0.0,0.0,0.0,100.0,UNKNOWN,1,9.685040473937988,IDLE,0.0
1779448283.1351075,0.0,0.0,1.0,0.0,0.0,0.0,100.0,DISARMED,1,0.0,0.0,0.0,0.0,0.0,0.0,100.0,UNKNOWN,1,0.0,0.0,0.0,0.0,0.0,0.0,100.0,UNKNOWN,1,0.0,0.0,0.0,0.0,0.0,0.0,100.0,UNKNOWN,1,0.0,0.0,0.0,0.0,0.0,0.0,100.0,UNKNOWN,1,9.685040473937988,IDLE,0.0
1779448283.198068,0.0,0.0,1.0,0.0,0.0,0.0,100.0,DISARMED,1,0.0,0.0,0.0,0.0,0.0,0.0,100.0,UNKNOWN,1,0.0,0.0,0.0,0.0,0.0,0.0,100.0,UNKNOWN,1,0.0,0.0,0.0,0.0,0.0,0.0,100.0,UNKNOWN,1,0.0,0.0,0.0,0.0,0.0,0.0,100.0,UNKNOWN,1,9.685040473937988,IDLE,0.0
1779448283.6802297,0.0,0.0,1.0,0.0,0.0,0.0,100.0,DISARMED,1,0.0,0.0,0.0,0.0,0.0,0.0,100.0,UNKNOWN,1,0.0,0.0,0.0,0.0,0.0,0.0,100.0,UNKNOWN,1,0.0,0.0,0.0,0.0,0.0,0.0,100.0,UNKNOWN,1,0.0,0.0,0.0,0.0,0.0,0.0,100.0,UNKNOWN,1,9.685040473937988,IDLE,0.0
1779448283.7252953,0.0,0.0,1.0,0.0,0.0,0.0,100.0,DISARMED,1,0.0,0.0,0.0,0.0,0.0,0.0,100.0,UNKNOWN,1,0.0,0.0,0.0,0.0,0.0,0.0,100.0,UNKNOWN,1,0.0,0.0,0.0,0.0,0.0,0.0,100.0,UNKNOWN,1,0.0,0.0,0.0,0.0,0.0,0.0,100.0,UNKNOWN,1,9.685040473937988,IDLE,0.0
1779448283.787254,0.0,0.0,1.0,0.0,0.0,0.0,100.0,DISARMED,1,0.0,0.0,0.0,0.0,0.0,0.0,100.0,UNKNOWN,1,0.0,0.0,0.0,0.0,0.0,0.0,100.0,UNKNOWN,1,0.0,0.0,0.0,0.0,0.0,0.0,100.0,UNKNOWN,1,0.0,0.0,0.0,0.0,0.0,0.0,100.0,UNKNOWN,1,9.685040473937988,IDLE,0.0
1779448283.9072888,0.0,0.0,1.0,0.0,0.0,0.0,100.0,DISARMED,1,0.0,0.0,0.0,0.0,0.0,0.0,100.0,UNKNOWN,1,0.0,0.0,0.0,0.0,0.0,0.0,100.0,UNKNOWN,1,0.0,0.0,0.0,0.0,0.0,0.0,100.0,UNKNOWN,1,0.0,0.0,0.0,0.0,0.0,0.0,100.0,UNKNOWN,1,9.685040473937988,IDLE,0.0
1779448284.065914,0.0,0.0,1.0,0.0,0.0,0.0,100.0,DISARMED,1,0.0,0.0,0.0,0.0,0.0,0.0,100.0,UNKNOWN,1,0.0,0.0,0.0,0.0,0.0,0.0,100.0,UNKNOWN,1,0.0,0.0,0.0,0.0,0.0,0.0,100.0,UNKNOWN,1,0.0,0.0,0.0,0.0,0.0,0.0,100.0,UNKNOWN,1,9.685040473937988,IDLE,0.0
1779448284.0899959,0.0,0.0,1.0,0.0,0.0,0.0,100.0,DISARMED,1,0.0,0.0,0.0,0.0,0.0,0.0,100.0,UNKNOWN,1,0.0,0.0,0.0,0.0,0.0,0.0,100.0,UNKNOWN,1,0.0,0.0,0.0,0.0,0.0,0.0,100.0,UNKNOWN,1,0.0,0.0,0.0,0.0,0.0,0.0,100.0,UNKNOWN,1,9.685040473937988,IDLE,0.0
1779448284.2042618,0.0,0.0,1.0,0.0,0.0,0.0,100.0,DISARMED,1,0.0,0.0,0.0,0.0,0.0,0.0,100.0,UNKNOWN,1,0.0,0.0,0.0,0.0,0.0,0.0,100.0,UNKNOWN,1,0.0,0.0,0.0,0.0,0.0,0.0,100.0,UNKNOWN,1,0.0,0.0,0.0,0.0,0.0,0.0,100.0,UNKNOWN,1,9.685040473937988,IDLE,0.0
1779448284.529728,0.0,0.0,1.0,0.0,0.0,0.0,100.0,DISARMED,1,0.0,0.0,0.0,0.0,0.0,0.0,100.0,UNKNOWN,1,0.0,0.0,0.0,0.0,0.0,0.0,100.0,UNKNOWN,1,0.0,0.0,0.0,0.0,0.0,0.0,100.0,UNKNOWN,1,0.0,0.0,0.0,0.0,0.0,0.0,100.0,UNKNOWN,1,9.685040473937988,IDLE,0.0
1779448284.6190958,0.0,0.0,1.0,0.0,0.0,0.0,100.0,DISARMED,1,0.0,0.0,0.0,0.0,0.0,0.0,100.0,UNKNOWN,1,0.0,0.0,0.0,0.0,0.0,0.0,100.0,UNKNOWN,1,0.0,0.0,0.0,0.0,0.0,0.0,100.0,UNKNOWN,1,0.0,0.0,0.0,0.0,0.0,0.0,100.0,UNKNOWN,1,9.685040473937988,IDLE,0.0
1779448284.7561798,0.0,0.0,1.0,0.0,0.0,0.0,100.0,DISARMED,1,0.0,0.0,0.0,0.0,0.0,0.0,100.0,UNKNOWN,1,0.0,0.0,0.0,0.0,0.0,0.0,100.0,UNKNOWN,1,0.0,0.0,0.0,0.0,0.0,0.0,100.0,UNKNOWN,1,0.0,0.0,0.0,0.0,0.0,0.0,100.0,UNKNOWN,1,9.685040473937988,IDLE,0.0
1779448284.8108687,0.0,0.0,1.0,0.0,0.0,0.0,100.0,DISARMED,1,0.0,0.0,0.0,0.0,0.0,0.0,100.0,UNKNOWN,1,0.0,0.0,0.0,0.0,0.0,0.0,100.0,UNKNOWN,1,0.0,0.0,0.0,0.0,0.0,0.0,100.0,UNKNOWN,1,0.0,0.0,0.0,0.0,0.0,0.0,100.0,UNKNOWN,1,9.685040473937988,IDLE,0.0
1779448285.0584843,0.0,0.0,1.0,0.0,0.0,0.0,100.0,DISARMED,1,0.0,0.0,0.0,0.0,0.0,0.0,100.0,UNKNOWN,1,0.0,0.0,0.0,0.0,0.0,0.0,100.0,UNKNOWN,1,0.0,0.0,0.0,0.0,0.0,0.0,100.0,UNKNOWN,1,0.0,0.0,0.0,0.0,0.0,0.0,100.0,UNKNOWN,1,9.685040473937988,IDLE,0.0
1779448285.1166553,0.0,0.0,1.0,0.0,0.0,0.0,100.0,DISARMED,1,0.0,0.0,0.0,0.0,0.0,0.0,100.0,UNKNOWN,1,0.0,0.0,0.0,0.0,0.0,0.0,100.0,UNKNOWN,1,0.0,0.0,0.0,0.0,0.0,0.0,100.0,UNKNOWN,1,0.0,0.0,0.0,0.0,0.0,0.0,100.0,UNKNOWN,1,9.685040473937988,IDLE,0.0
1779448285.2294137,0.0,0.0,1.0,0.0,0.0,0.0,100.0,DISARMED,1,0.0,0.0,0.0,0.0,0.0,0.0,100.0,UNKNOWN,1,0.0,0.0,0.0,0.0,0.0,0.0,100.0,UNKNOWN,1,0.0,0.0,0.0,0.0,0.0,0.0,100.0,UNKNOWN,1,0.0,0.0,0.0,0.0,0.0,0.0,100.0,UNKNOWN,1,9.685040473937988,IDLE,0.0
1779448285.801868,0.0,0.0,1.0,0.0,0.0,0.0,100.0,DISARMED,1,0.0,0.0,0.0,0.0,0.0,0.0,100.0,UNKNOWN,1,0.0,0.0,0.0,0.0,0.0,0.0,100.0,UNKNOWN,1,0.0,0.0,0.0,0.0,0.0,0.0,100.0,UNKNOWN,1,0.0,0.0,0.0,0.0,0.0,0.0,100.0,UNKNOWN,1,9.685040473937988,IDLE,0.0
1779448285.9572678,0.0,0.0,1.0,0.0,0.0,0.0,100.0,DISARMED,1,0.0,0.0,0.0,0.0,0.0,0.0,100.0,UNKNOWN,1,0.0,0.0,0.0,0.0,0.0,0.0,100.0,UNKNOWN,1,0.0,0.0,0.0,0.0,0.0,0.0,100.0,UNKNOWN,1,0.0,0.0,0.0,0.0,0.0,0.0,100.0,UNKNOWN,1,9.685040473937988,IDLE,0.0
1779448286.041658,0.0,0.0,1.0,0.0,0.0,0.0,100.0,DISARMED,1,0.0,0.0,0.0,0.0,0.0,0.0,100.0,UNKNOWN,1,0.0,0.0,0.0,0.0,0.0,0.0,100.0,UNKNOWN,1,0.0,0.0,0.0,0.0,0.0,0.0,100.0,UNKNOWN,1,0.0,0.0,0.0,0.0,0.0,0.0,100.0,UNKNOWN,1,9.685040473937988,IDLE,0.0
1779448286.0990546,0.0,0.0,1.0,0.0,0.0,0.0,100.0,DISARMED,1,0.0,0.0,0.0,0.0,0.0,0.0,100.0,UNKNOWN,1,0.0,0.0,0.0,0.0,0.0,0.0,100.0,UNKNOWN,1,0.0,0.0,0.0,0.0,0.0,0.0,100.0,UNKNOWN,1,0.0,0.0,0.0,0.0,0.0,0.0,100.0,UNKNOWN,1,9.685040473937988,IDLE,0.0
1779448286.203393,0.0,0.0,1.0,0.0,0.0,0.0,100.0,DISARMED,1,0.0,0.0,0.0,0.0,0.0,0.0,100.0,UNKNOWN,1,0.0,0.0,0.0,0.0,0.0,0.0,100.0,UNKNOWN,1,0.0,0.0,0.0,0.0,0.0,0.0,100.0,UNKNOWN,1,0.0,0.0,0.0,0.0,0.0,0.0,100.0,UNKNOWN,1,9.685040473937988,IDLE,0.0
1779448286.5998828,0.0,0.0,1.0,0.0,0.0,0.0,100.0,DISARMED,1,0.0,0.0,0.0,0.0,0.0,0.0,100.0,UNKNOWN,1,0.0,0.0,0.0,0.0,0.0,0.0,100.0,UNKNOWN,1,0.0,0.0,0.0,0.0,0.0,0.0,100.0,UNKNOWN,1,0.0,0.0,0.0,0.0,0.0,0.0,100.0,UNKNOWN,1,9.685040473937988,IDLE,0.0
1779448286.7272434,0.0,0.0,1.0,0.0,0.0,0.0,100.0,DISARMED,1,0.0,0.0,0.0,0.0,0.0,0.0,100.0,UNKNOWN,1,0.0,0.0,0.0,0.0,0.0,0.0,100.0,UNKNOWN,1,0.0,0.0,0.0,0.0,0.0,0.0,100.0,UNKNOWN,1,0.0,0.0,0.0,0.0,0.0,0.0,100.0,UNKNOWN,1,9.685040473937988,IDLE,0.0
1779448286.81022,0.0,0.0,1.0,0.0,0.0,0.0,100.0,DISARMED,1,0.0,0.0,0.0,0.0,0.0,0.0,100.0,UNKNOWN,1,0.0,0.0,0.0,0.0,0.0,0.0,100.0,UNKNOWN,1,0.0,0.0,0.0,0.0,0.0,0.0,100.0,UNKNOWN,1,0.0,0.0,0.0,0.0,0.0,0.0,100.0,UNKNOWN,1,9.685040473937988,IDLE,0.0
1779448286.994726,0.0,0.0,1.0,0.0,0.0,0.0,100.0,DISARMED,1,0.0,0.0,0.0,0.0,0.0,0.0,100.0,UNKNOWN,1,0.0,0.0,0.0,0.0,0.0,0.0,100.0,UNKNOWN,1,0.0,0.0,0.0,0.0,0.0,0.0,100.0,UNKNOWN,1,0.0,0.0,0.0,0.0,0.0,0.0,100.0,UNKNOWN,1,9.685040473937988,IDLE,0.0
1779448287.1551719,0.0,0.0,1.0,0.0,0.0,0.0,100.0,DISARMED,1,0.0,0.0,0.0,0.0,0.0,0.0,100.0,UNKNOWN,1,0.0,0.0,0.0,0.0,0.0,0.0,100.0,UNKNOWN,1,0.0,0.0,0.0,0.0,0.0,0.0,100.0,UNKNOWN,1,0.0,0.0,0.0,0.0,0.0,0.0,100.0,UNKNOWN,1,9.685040473937988,IDLE,0.0
1779448287.2135613,0.0,0.0,1.0,0.0,0.0,0.0,100.0,DISARMED,1,0.0,0.0,0.0,0.0,0.0,0.0,100.0,UNKNOWN,1,0.0,0.0,0.0,0.0,0.0,0.0,100.0,UNKNOWN,1,0.0,0.0,0.0,0.0,0.0,0.0,100.0,UNKNOWN,1,0.0,0.0,0.0,0.0,0.0,0.0,100.0,UNKNOWN,1,9.685040473937988,IDLE,0.0
1779448287.472028,0.0,0.0,1.0,0.0,0.0,0.0,100.0,DISARMED,1,0.0,0.0,0.0,0.0,0.0,0.0,100.0,UNKNOWN,1,0.0,0.0,0.0,0.0,0.0,0.0,100.0,UNKNOWN,1,0.0,0.0,0.0,0.0,0.0,0.0,100.0,UNKNOWN,1,0.0,0.0,0.0,0.0,0.0,0.0,100.0,UNKNOWN,1,9.685040473937988,IDLE,0.0
1779448287.5273964,0.0,0.0,1.0,0.0,0.0,0.0,100.0,DISARMED,1,0.0,0.0,0.0,0.0,0.0,0.0,100.0,UNKNOWN,1,0.0,0.0,0.0,0.0,0.0,0.0,100.0,UNKNOWN,1,0.0,0.0,0.0,0.0,0.0,0.0,100.0,UNKNOWN,1,0.0,0.0,0.0,0.0,0.0,0.0,100.0,UNKNOWN,1,9.685040473937988,IDLE,0.0
1779448287.6153328,0.0,0.0,1.0,0.0,0.0,0.0,100.0,DISARMED,1,0.0,0.0,0.0,0.0,0.0,0.0,100.0,UNKNOWN,1,0.0,0.0,0.0,0.0,0.0,0.0,100.0,UNKNOWN,1,0.0,0.0,0.0,0.0,0.0,0.0,100.0,UNKNOWN,1,0.0,0.0,0.0,0.0,0.0,0.0,100.0,UNKNOWN,1,9.685040473937988,IDLE,0.0
1779448287.6937768,0.0,0.0,1.0,0.0,0.0,0.0,100.0,DISARMED,1,0.0,0.0,0.0,0.0,0.0,0.0,100.0,UNKNOWN,1,0.0,0.0,0.0,0.0,0.0,0.0,100.0,UNKNOWN,1,0.0,0.0,0.0,0.0,0.0,0.0,100.0,UNKNOWN,1,0.0,0.0,0.0,0.0,0.0,0.0,100.0,UNKNOWN,1,9.685040473937988,IDLE,0.0
1779448287.7932966,0.0,0.0,1.0,0.0,0.0,0.0,100.0,DISARMED,1,0.0,0.0,0.0,0.0,0.0,0.0,100.0,UNKNOWN,1,0.0,0.0,0.0,0.0,0.0,0.0,100.0,UNKNOWN,1,0.0,0.0,0.0,0.0,0.0,0.0,100.0,UNKNOWN,1,0.0,0.0,0.0,0.0,0.0,0.0,100.0,UNKNOWN,1,9.685040473937988,IDLE,0.0
1779448287.930224,0.0,0.0,1.0,0.0,0.0,0.0,100.0,DISARMED,1,0.0,0.0,0.0,0.0,0.0,0.0,100.0,UNKNOWN,1,0.0,0.0,0.0,0.0,0.0,0.0,100.0,UNKNOWN,1,0.0,0.0,0.0,0.0,0.0,0.0,100.0,UNKNOWN,1,0.0,0.0,0.0,0.0,0.0,0.0,100.0,UNKNOWN,1,9.685040473937988,IDLE,0.0
1779448288.013387,0.0,0.0,1.0,0.0,0.0,0.0,100.0,DISARMED,1,0.0,0.0,0.0,0.0,0.0,0.0,100.0,UNKNOWN,1,0.0,0.0,0.0,0.0,0.0,0.0,100.0,UNKNOWN,1,0.0,0.0,0.0,0.0,0.0,0.0,100.0,UNKNOWN,1,0.0,0.0,0.0,0.0,0.0,0.0,100.0,UNKNOWN,1,9.685040473937988,IDLE,0.0
1779448288.0908413,0.0,0.0,1.0,0.0,0.0,0.0,100.0,DISARMED,1,0.0,0.0,0.0,0.0,0.0,0.0,100.0,UNKNOWN,1,0.0,0.0,0.0,0.0,0.0,0.0,100.0,UNKNOWN,1,0.0,0.0,0.0,0.0,0.0,0.0,100.0,UNKNOWN,1,0.0,0.0,0.0,0.0,0.0,0.0,100.0,UNKNOWN,1,9.685040473937988,IDLE,0.0
1779448288.1976643,0.0,0.0,1.0,0.0,0.0,0.0,100.0,DISARMED,1,0.0,0.0,0.0,0.0,0.0,0.0,100.0,UNKNOWN,1,0.0,0.0,0.0,0.0,0.0,0.0,100.0,UNKNOWN,1,0.0,0.0,0.0,0.0,0.0,0.0,100.0,UNKNOWN,1,0.0,0.0,0.0,0.0,0.0,0.0,100.0,UNKNOWN,1,9.685040473937988,IDLE,0.0
1779448288.547701,0.0,0.0,1.0,0.0,0.0,0.0,100.0,DISARMED,1,0.0,0.0,0.0,0.0,0.0,0.0,100.0,UNKNOWN,1,0.0,0.0,0.0,0.0,0.0,0.0,100.0,UNKNOWN,1,0.0,0.0,0.0,0.0,0.0,0.0,100.0,UNKNOWN,1,0.0,0.0,0.0,0.0,0.0,0.0,100.0,UNKNOWN,1,9.685040473937988,IDLE,0.0
1779448288.6675396,0.0,0.0,1.0,0.0,0.0,0.0,100.0,DISARMED,1,0.0,0.0,0.0,0.0,0.0,0.0,100.0,UNKNOWN,1,0.0,0.0,0.0,0.0,0.0,0.0,100.0,UNKNOWN,1,0.0,0.0,0.0,0.0,0.0,0.0,100.0,UNKNOWN,1,0.0,0.0,0.0,0.0,0.0,0.0,100.0,UNKNOWN,1,9.685040473937988,IDLE,0.0
1779448288.693401,0.0,0.0,1.0,0.0,0.0,0.0,100.0,DISARMED,1,0.0,0.0,0.0,0.0,0.0,0.0,100.0,UNKNOWN,1,0.0,0.0,0.0,0.0,0.0,0.0,100.0,UNKNOWN,1,0.0,0.0,0.0,0.0,0.0,0.0,100.0,UNKNOWN,1,0.0,0.0,0.0,0.0,0.0,0.0,100.0,UNKNOWN,1,9.685040473937988,IDLE,0.0
1779448288.8235831,0.0,0.0,1.0,0.0,0.0,0.0,100.0,DISARMED,1,0.0,0.0,0.0,0.0,0.0,0.0,100.0,UNKNOWN,1,0.0,0.0,0.0,0.0,0.0,0.0,100.0,UNKNOWN,1,0.0,0.0,0.0,0.0,0.0,0.0,100.0,UNKNOWN,1,0.0,0.0,0.0,0.0,0.0,0.0,100.0,UNKNOWN,1,9.685040473937988,IDLE,0.0
1779448288.931123,0.0,0.0,1.0,0.0,0.0,0.0,100.0,DISARMED,1,0.0,0.0,0.0,0.0,0.0,0.0,100.0,UNKNOWN,1,0.0,0.0,0.0,0.0,0.0,0.0,100.0,UNKNOWN,1,0.0,0.0,0.0,0.0,0.0,0.0,100.0,UNKNOWN,1,0.0,0.0,0.0,0.0,0.0,0.0,100.0,UNKNOWN,1,9.685040473937988,IDLE,0.0
1779448289.0553582,0.0,0.0,1.0,0.0,0.0,0.0,100.0,DISARMED,1,0.0,0.0,0.0,0.0,0.0,0.0,100.0,UNKNOWN,1,0.0,0.0,0.0,0.0,0.0,0.0,100.0,UNKNOWN,1,0.0,0.0,0.0,0.0,0.0,0.0,100.0,UNKNOWN,1,0.0,0.0,0.0,0.0,0.0,0.0,100.0,UNKNOWN,1,9.685040473937988,IDLE,0.0
1779448289.160717,0.0,0.0,1.0,0.0,0.0,0.0,100.0,DISARMED,1,0.0,0.0,0.0,0.0,0.0,0.0,100.0,UNKNOWN,1,0.0,0.0,0.0,0.0,0.0,0.0,100.0,UNKNOWN,1,0.0,0.0,0.0,0.0,0.0,0.0,100.0,UNKNOWN,1,0.0,0.0,0.0,0.0,0.0,0.0,100.0,UNKNOWN,1,9.685040473937988,IDLE,0.0
1779448289.2029467,0.0,0.0,1.0,0.0,0.0,0.0,100.0,DISARMED,1,0.0,0.0,0.0,0.0,0.0,0.0,100.0,UNKNOWN,1,0.0,0.0,0.0,0.0,0.0,0.0,100.0,UNKNOWN,1,0.0,0.0,0.0,0.0,0.0,0.0,100.0,UNKNOWN,1,0.0,0.0,0.0,0.0,0.0,0.0,100.0,UNKNOWN,1,9.685040473937988,IDLE,0.0
1779448289.6748297,0.0,0.0,1.0,0.0,0.0,0.0,100.0,DISARMED,1,0.0,0.0,0.0,0.0,0.0,0.0,100.0,UNKNOWN,1,0.0,0.0,0.0,0.0,0.0,0.0,100.0,UNKNOWN,1,0.0,0.0,0.0,0.0,0.0,0.0,100.0,UNKNOWN,1,0.0,0.0,0.0,0.0,0.0,0.0,100.0,UNKNOWN,1,9.685040473937988,IDLE,0.0
1779448289.6983802,0.0,0.0,1.0,0.0,0.0,0.0,100.0,DISARMED,1,0.0,0.0,0.0,0.0,0.0,0.0,100.0,UNKNOWN,1,0.0,0.0,0.0,0.0,0.0,0.0,100.0,UNKNOWN,1,0.0,0.0,0.0,0.0,0.0,0.0,100.0,UNKNOWN,1,0.0,0.0,0.0,0.0,0.0,0.0,100.0,UNKNOWN,1,9.685040473937988,IDLE,0.0
1779448289.886072,0.0,0.0,1.0,0.0,0.0,0.0,100.0,DISARMED,1,0.0,0.0,0.0,0.0,0.0,0.0,100.0,UNKNOWN,1,0.0,0.0,0.0,0.0,0.0,0.0,100.0,UNKNOWN,1,0.0,0.0,0.0,0.0,0.0,0.0,100.0,UNKNOWN,1,0.0,0.0,0.0,0.0,0.0,0.0,100.0,UNKNOWN,1,9.685040473937988,IDLE,0.0
1779448290.1114979,0.0,0.0,1.0,0.0,0.0,0.0,100.0,DISARMED,1,0.0,0.0,0.0,0.0,0.0,0.0,100.0,UNKNOWN,1,0.0,0.0,0.0,0.0,0.0,0.0,100.0,UNKNOWN,1,0.0,0.0,0.0,0.0,0.0,0.0,100.0,UNKNOWN,1,0.0,0.0,0.0,0.0,0.0,0.0,100.0,UNKNOWN,1,9.685040473937988,IDLE,0.0
1779448290.2586637,0.0,0.0,1.0,0.0,0.0,0.0,100.0,DISARMED,1,0.0,0.0,0.0,0.0,0.0,0.0,100.0,UNKNOWN,1,0.0,0.0,0.0,0.0,0.0,0.0,100.0,UNKNOWN,1,0.0,0.0,0.0,0.0,0.0,0.0,100.0,UNKNOWN,1,0.0,0.0,0.0,0.0,0.0,0.0,100.0,UNKNOWN,1,9.685040473937988,IDLE,0.0
1779448290.7045677,0.0,0.0,1.0,0.0,0.0,0.0,100.0,DISARMED,1,0.0,0.0,0.0,0.0,0.0,0.0,100.0,UNKNOWN,1,0.0,0.0,0.0,0.0,0.0,0.0,100.0,UNKNOWN,1,0.0,0.0,0.0,0.0,0.0,0.0,100.0,UNKNOWN,1,0.0,0.0,0.0,0.0,0.0,0.0,100.0,UNKNOWN,1,9.685040473937988,IDLE,0.0
1779448290.7903788,0.0,0.0,1.0,0.0,0.0,0.0,100.0,DISARMED,1,0.0,0.0,0.0,0.0,0.0,0.0,100.0,UNKNOWN,1,0.0,0.0,0.0,0.0,0.0,0.0,100.0,UNKNOWN,1,0.0,0.0,0.0,0.0,0.0,0.0,100.0,UNKNOWN,1,0.0,0.0,0.0,0.0,0.0,0.0,100.0,UNKNOWN,1,9.685040473937988,IDLE,0.0
1779448290.9553962,0.0,0.0,1.0,0.0,0.0,0.0,100.0,DISARMED,1,0.0,0.0,0.0,0.0,0.0,0.0,100.0,UNKNOWN,1,0.0,0.0,0.0,0.0,0.0,0.0,100.0,UNKNOWN,1,0.0,0.0,0.0,0.0,0.0,0.0,100.0,UNKNOWN,1,0.0,0.0,0.0,0.0,0.0,0.0,100.0,UNKNOWN,1,9.685040473937988,IDLE,0.0
1779448291.0312307,0.0,0.0,1.0,0.0,0.0,0.0,100.0,DISARMED,1,0.0,0.0,0.0,0.0,0.0,0.0,100.0,UNKNOWN,1,0.0,0.0,0.0,0.0,0.0,0.0,100.0,UNKNOWN,1,0.0,0.0,0.0,0.0,0.0,0.0,100.0,UNKNOWN,1,0.0,0.0,0.0,0.0,0.0,0.0,100.0,UNKNOWN,1,9.685040473937988,IDLE,0.0
1779448291.164896,0.0,0.0,1.0,0.0,0.0,0.0,100.0,DISARMED,1,0.0,0.0,0.0,0.0,0.0,0.0,100.0,UNKNOWN,1,0.0,0.0,0.0,0.0,0.0,0.0,100.0,UNKNOWN,1,0.0,0.0,0.0,0.0,0.0,0.0,100.0,UNKNOWN,1,0.0,0.0,0.0,0.0,0.0,0.0,100.0,UNKNOWN,1,9.685040473937988,IDLE,0.0
1779448291.2339537,0.0,0.0,1.0,0.0,0.0,0.0,100.0,DISARMED,1,0.0,0.0,0.0,0.0,0.0,0.0,100.0,UNKNOWN,1,0.0,0.0,0.0,0.0,0.0,0.0,100.0,UNKNOWN,1,0.0,0.0,0.0,0.0,0.0,0.0,100.0,UNKNOWN,1,0.0,0.0,0.0,0.0,0.0,0.0,100.0,UNKNOWN,1,9.685040473937988,IDLE,0.0
1779448291.6901932,0.0,0.0,1.0,0.0,0.0,0.0,100.0,DISARMED,1,0.0,0.0,0.0,0.0,0.0,0.0,100.0,UNKNOWN,1,0.0,0.0,0.0,0.0,0.0,0.0,100.0,UNKNOWN,1,0.0,0.0,0.0,0.0,0.0,0.0,100.0,UNKNOWN,1,0.0,0.0,0.0,0.0,0.0,0.0,100.0,UNKNOWN,1,9.685040473937988,IDLE,0.0
1779448291.7885618,0.0,0.0,1.0,0.0,0.0,0.0,100.0,DISARMED,1,0.0,0.0,0.0,0.0,0.0,0.0,100.0,UNKNOWN,1,0.0,0.0,0.0,0.0,0.0,0.0,100.0,UNKNOWN,1,0.0,0.0,0.0,0.0,0.0,0.0,100.0,UNKNOWN,1,0.0,0.0,0.0,0.0,0.0,0.0,100.0,UNKNOWN,1,9.685040473937988,IDLE,0.0
1779448292.0315716,0.0,0.0,1.0,0.0,0.0,0.0,100.0,DISARMED,1,0.0,0.0,0.0,0.0,0.0,0.0,100.0,UNKNOWN,1,0.0,0.0,0.0,0.0,0.0,0.0,100.0,UNKNOWN,1,0.0,0.0,0.0,0.0,0.0,0.0,100.0,UNKNOWN,1,0.0,0.0,0.0,0.0,0.0,0.0,100.0,UNKNOWN,1,9.685040473937988,IDLE,0.0
1779448292.2274632,0.0,0.0,1.0,0.0,0.0,0.0,100.0,DISARMED,1,0.0,0.0,0.0,0.0,0.0,0.0,100.0,UNKNOWN,1,0.0,0.0,0.0,0.0,0.0,0.0,100.0,UNKNOWN,1,0.0,0.0,0.0,0.0,0.0,0.0,100.0,UNKNOWN,1,0.0,0.0,0.0,0.0,0.0,0.0,100.0,UNKNOWN,1,9.685040473937988,IDLE,0.0
1779448292.450189,0.0,0.0,1.0,0.0,0.0,0.0,100.0,DISARMED,1,0.0,0.0,0.0,0.0,0.0,0.0,100.0,UNKNOWN,1,0.0,0.0,0.0,0.0,0.0,0.0,100.0,UNKNOWN,1,0.0,0.0,0.0,0.0,0.0,0.0,100.0,UNKNOWN,1,0.0,0.0,0.0,0.0,0.0,0.0,100.0,UNKNOWN,1,9.685040473937988,IDLE,0.0
1779448292.488979,0.0,0.0,1.0,0.0,0.0,0.0,100.0,DISARMED,1,0.0,0.0,0.0,0.0,0.0,0.0,100.0,UNKNOWN,1,0.0,0.0,0.0,0.0,0.0,0.0,100.0,UNKNOWN,1,0.0,0.0,0.0,0.0,0.0,0.0,100.0,UNKNOWN,1,0.0,0.0,0.0,0.0,0.0,0.0,100.0,UNKNOWN,1,9.685040473937988,IDLE,0.0
1779448292.59462,0.0,0.0,1.0,0.0,0.0,0.0,100.0,DISARMED,1,0.0,0.0,0.0,0.0,0.0,0.0,100.0,UNKNOWN,1,0.0,0.0,0.0,0.0,0.0,0.0,100.0,UNKNOWN,1,0.0,0.0,0.0,0.0,0.0,0.0,100.0,UNKNOWN,1,0.0,0.0,0.0,0.0,0.0,0.0,100.0,UNKNOWN,1,9.685040473937988,IDLE,0.0
1779448292.6874232,0.0,0.0,1.0,0.0,0.0,0.0,100.0,DISARMED,1,0.0,0.0,0.0,0.0,0.0,0.0,100.0,UNKNOWN,1,0.0,0.0,0.0,0.0,0.0,0.0,100.0,UNKNOWN,1,0.0,0.0,0.0,0.0,0.0,0.0,100.0,UNKNOWN,1,0.0,0.0,0.0,0.0,0.0,0.0,100.0,UNKNOWN,1,9.685040473937988,IDLE,0.0
1779448292.935271,0.0,0.0,1.0,0.0,0.0,0.0,100.0,DISARMED,1,0.0,0.0,0.0,0.0,0.0,0.0,100.0,UNKNOWN,1,0.0,0.0,0.0,0.0,0.0,0.0,100.0,UNKNOWN,1,0.0,0.0,0.0,0.0,0.0,0.0,100.0,UNKNOWN,1,0.0,0.0,0.0,0.0,0.0,0.0,100.0,UNKNOWN,1,9.685040473937988,IDLE,0.0
1779448293.0957365,0.0,0.0,1.0,0.0,0.0,0.0,100.0,DISARMED,1,0.0,0.0,0.0,0.0,0.0,0.0,100.0,UNKNOWN,1,0.0,0.0,0.0,0.0,0.0,0.0,100.0,UNKNOWN,1,0.0,0.0,0.0,0.0,0.0,0.0,100.0,UNKNOWN,1,0.0,0.0,0.0,0.0,0.0,0.0,100.0,UNKNOWN,1,9.685040473937988,IDLE,0.0
1779448293.2668562,0.0,0.0,1.0,0.0,0.0,0.0,100.0,DISARMED,1,0.0,0.0,0.0,0.0,0.0,0.0,100.0,UNKNOWN,1,0.0,0.0,0.0,0.0,0.0,0.0,100.0,UNKNOWN,1,0.0,0.0,0.0,0.0,0.0,0.0,100.0,UNKNOWN,1,0.0,0.0,0.0,0.0,0.0,0.0,100.0,UNKNOWN,1,9.685040473937988,IDLE,0.0
1779448293.5623796,0.0,0.0,1.0,0.0,0.0,0.0,100.0,DISARMED,1,0.0,0.0,0.0,0.0,0.0,0.0,100.0,UNKNOWN,1,0.0,0.0,0.0,0.0,0.0,0.0,100.0,UNKNOWN,1,0.0,0.0,0.0,0.0,0.0,0.0,100.0,UNKNOWN,1,0.0,0.0,0.0,0.0,0.0,0.0,100.0,UNKNOWN,1,9.685040473937988,IDLE,0.0
1779448293.6182413,0.0,0.0,1.0,0.0,0.0,0.0,100.0,DISARMED,1,0.0,0.0,0.0,0.0,0.0,0.0,100.0,UNKNOWN,1,0.0,0.0,0.0,0.0,0.0,0.0,100.0,UNKNOWN,1,0.0,0.0,0.0,0.0,0.0,0.0,100.0,UNKNOWN,1,0.0,0.0,0.0,0.0,0.0,0.0,100.0,UNKNOWN,1,9.685040473937988,IDLE,0.0
1779448293.7512631,0.0,0.0,1.0,0.0,0.0,0.0,100.0,DISARMED,1,0.0,0.0,0.0,0.0,0.0,0.0,100.0,UNKNOWN,1,0.0,0.0,0.0,0.0,0.0,0.0,100.0,UNKNOWN,1,0.0,0.0,0.0,0.0,0.0,0.0,100.0,UNKNOWN,1,0.0,0.0,0.0,0.0,0.0,0.0,100.0,UNKNOWN,1,9.685040473937988,IDLE,0.0
1779448293.7952077,0.0,0.0,1.0,0.0,0.0,0.0,100.0,DISARMED,1,0.0,0.0,0.0,0.0,0.0,0.0,100.0,UNKNOWN,1,0.0,0.0,0.0,0.0,0.0,0.0,100.0,UNKNOWN,1,0.0,0.0,0.0,0.0,0.0,0.0,100.0,UNKNOWN,1,0.0,0.0,0.0,0.0,0.0,0.0,100.0,UNKNOWN,1,9.685040473937988,IDLE,0.0
1779448293.8871775,0.0,0.0,1.0,0.0,0.0,0.0,100.0,DISARMED,1,0.0,0.0,0.0,0.0,0.0,0.0,100.0,UNKNOWN,1,0.0,0.0,0.0,0.0,0.0,0.0,100.0,UNKNOWN,1,0.0,0.0,0.0,0.0,0.0,0.0,100.0,UNKNOWN,1,0.0,0.0,0.0,0.0,0.0,0.0,100.0,UNKNOWN,1,9.685040473937988,IDLE,0.0
1779448294.049111,0.0,0.0,1.0,0.0,0.0,0.0,100.0,DISARMED,1,0.0,0.0,0.0,0.0,0.0,0.0,100.0,UNKNOWN,1,0.0,0.0,0.0,0.0,0.0,0.0,100.0,UNKNOWN,1,0.0,0.0,0.0,0.0,0.0,0.0,100.0,UNKNOWN,1,0.0,0.0,0.0,0.0,0.0,0.0,100.0,UNKNOWN,1,9.685040473937988,IDLE,0.0
1779448294.09287,0.0,0.0,1.0,0.0,0.0,0.0,100.0,DISARMED,1,0.0,0.0,0.0,0.0,0.0,0.0,100.0,UNKNOWN,1,0.0,0.0,0.0,0.0,0.0,0.0,100.0,UNKNOWN,1,0.0,0.0,0.0,0.0,0.0,0.0,100.0,UNKNOWN,1,0.0,0.0,0.0,0.0,0.0,0.0,100.0,UNKNOWN,1,9.685040473937988,IDLE,0.0
1779448294.1902242,0.0,0.0,1.0,0.0,0.0,0.0,100.0,DISARMED,1,0.0,0.0,0.0,0.0,0.0,0.0,100.0,UNKNOWN,1,0.0,0.0,0.0,0.0,0.0,0.0,100.0,UNKNOWN,1,0.0,0.0,0.0,0.0,0.0,0.0,100.0,UNKNOWN,1,0.0,0.0,0.0,0.0,0.0,0.0,100.0,UNKNOWN,1,9.685040473937988,IDLE,0.0
1779448294.6053324,0.0,0.0,1.0,0.0,0.0,0.0,100.0,DISARMED,1,0.0,0.0,0.0,0.0,0.0,0.0,100.0,UNKNOWN,1,0.0,0.0,0.0,0.0,0.0,0.0,100.0,UNKNOWN,1,0.0,0.0,0.0,0.0,0.0,0.0,100.0,UNKNOWN,1,0.0,0.0,0.0,0.0,0.0,0.0,100.0,UNKNOWN,1,9.685040473937988,IDLE,0.0
1779448294.8836796,0.0,0.0,1.0,0.0,0.0,0.0,100.0,DISARMED,1,0.0,0.0,0.0,0.0,0.0,0.0,100.0,UNKNOWN,1,0.0,0.0,0.0,0.0,0.0,0.0,100.0,UNKNOWN,1,0.0,0.0,0.0,0.0,0.0,0.0,100.0,UNKNOWN,1,0.0,0.0,0.0,0.0,0.0,0.0,100.0,UNKNOWN,1,9.685040473937988,IDLE,0.0
1779448294.976348,0.0,0.0,1.0,0.0,0.0,0.0,100.0,DISARMED,1,0.0,0.0,0.0,0.0,0.0,0.0,100.0,UNKNOWN,1,0.0,0.0,0.0,0.0,0.0,0.0,100.0,UNKNOWN,1,0.0,0.0,0.0,0.0,0.0,0.0,100.0,UNKNOWN,1,0.0,0.0,0.0,0.0,0.0,0.0,100.0,UNKNOWN,1,9.685040473937988,IDLE,0.0
1779448295.0750816,0.0,0.0,1.0,0.0,0.0,0.0,100.0,DISARMED,1,0.0,0.0,0.0,0.0,0.0,0.0,100.0,UNKNOWN,1,0.0,0.0,0.0,0.0,0.0,0.0,100.0,UNKNOWN,1,0.0,0.0,0.0,0.0,0.0,0.0,100.0,UNKNOWN,1,0.0,0.0,0.0,0.0,0.0,0.0,100.0,UNKNOWN,1,9.685040473937988,IDLE,0.0
1779448295.143412,0.0,0.0,1.0,0.0,0.0,0.0,100.0,DISARMED,1,0.0,0.0,0.0,0.0,0.0,0.0,100.0,UNKNOWN,1,0.0,0.0,0.0,0.0,0.0,0.0,100.0,UNKNOWN,1,0.0,0.0,0.0,0.0,0.0,0.0,100.0,UNKNOWN,1,0.0,0.0,0.0,0.0,0.0,0.0,100.0,UNKNOWN,1,9.685040473937988,IDLE,0.0
1779448295.2196715,0.0,0.0,1.0,0.0,0.0,0.0,100.0,DISARMED,1,0.0,0.0,0.0,0.0,0.0,0.0,100.0,UNKNOWN,1,0.0,0.0,0.0,0.0,0.0,0.0,100.0,UNKNOWN,1,0.0,0.0,0.0,0.0,0.0,0.0,100.0,UNKNOWN,1,0.0,0.0,0.0,0.0,0.0,0.0,100.0,UNKNOWN,1,9.685040473937988,IDLE,0.0
1779448295.4685571,0.0,0.0,1.0,0.0,0.0,0.0,100.0,DISARMED,1,0.0,0.0,0.0,0.0,0.0,0.0,100.0,UNKNOWN,1,0.0,0.0,0.0,0.0,0.0,0.0,100.0,UNKNOWN,1,0.0,0.0,0.0,0.0,0.0,0.0,100.0,UNKNOWN,1,0.0,0.0,0.0,0.0,0.0,0.0,100.0,UNKNOWN,1,9.685040473937988,IDLE,0.0
1779448295.5191116,0.0,0.0,1.0,0.0,0.0,0.0,100.0,DISARMED,1,0.0,0.0,0.0,0.0,0.0,0.0,100.0,UNKNOWN,1,0.0,0.0,0.0,0.0,0.0,0.0,100.0,UNKNOWN,1,0.0,0.0,0.0,0.0,0.0,0.0,100.0,UNKNOWN,1,0.0,0.0,0.0,0.0,0.0,0.0,100.0,UNKNOWN,1,9.685040473937988,IDLE,0.0
1779448295.7000651,0.0,0.0,1.0,0.0,0.0,0.0,100.0,DISARMED,1,0.0,0.0,0.0,0.0,0.0,0.0,100.0,UNKNOWN,1,0.0,0.0,0.0,0.0,0.0,0.0,100.0,UNKNOWN,1,0.0,0.0,0.0,0.0,0.0,0.0,100.0,UNKNOWN,1,0.0,0.0,0.0,0.0,0.0,0.0,100.0,UNKNOWN,1,9.685040473937988,IDLE,0.0
1779448295.8517141,0.0,0.0,1.0,0.0,0.0,0.0,100.0,DISARMED,1,0.0,0.0,0.0,0.0,0.0,0.0,100.0,UNKNOWN,1,0.0,0.0,0.0,0.0,0.0,0.0,100.0,UNKNOWN,1,0.0,0.0,0.0,0.0,0.0,0.0,100.0,UNKNOWN,1,0.0,0.0,0.0,0.0,0.0,0.0,100.0,UNKNOWN,1,9.685040473937988,IDLE,0.0
1779448295.8892567,0.0,0.0,1.0,0.0,0.0,0.0,100.0,DISARMED,1,0.0,0.0,0.0,0.0,0.0,0.0,100.0,UNKNOWN,1,0.0,0.0,0.0,0.0,0.0,0.0,100.0,UNKNOWN,1,0.0,0.0,0.0,0.0,0.0,0.0,100.0,UNKNOWN,1,0.0,0.0,0.0,0.0,0.0,0.0,100.0,UNKNOWN,1,9.685040473937988,IDLE,0.0
1779448296.0392892,0.0,0.0,1.0,0.0,0.0,0.0,100.0,DISARMED,1,0.0,0.0,0.0,0.0,0.0,0.0,100.0,UNKNOWN,1,0.0,0.0,0.0,0.0,0.0,0.0,100.0,UNKNOWN,1,0.0,0.0,0.0,0.0,0.0,0.0,100.0,UNKNOWN,1,0.0,0.0,0.0,0.0,0.0,0.0,100.0,UNKNOWN,1,9.685040473937988,IDLE,0.0
1779448296.2874515,0.0,0.0,1.0,0.0,0.0,0.0,100.0,DISARMED,1,0.0,0.0,0.0,0.0,0.0,0.0,100.0,UNKNOWN,1,0.0,0.0,0.0,0.0,0.0,0.0,100.0,UNKNOWN,1,0.0,0.0,0.0,0.0,0.0,0.0,100.0,UNKNOWN,1,0.0,0.0,0.0,0.0,0.0,0.0,100.0,UNKNOWN,1,9.685040473937988,IDLE,0.0
1779448296.5300272,0.0,0.0,1.0,0.0,0.0,0.0,100.0,DISARMED,1,0.0,0.0,0.0,0.0,0.0,0.0,100.0,UNKNOWN,1,0.0,0.0,0.0,0.0,0.0,0.0,100.0,UNKNOWN,1,0.0,0.0,0.0,0.0,0.0,0.0,100.0,UNKNOWN,1,0.0,0.0,0.0,0.0,0.0,0.0,100.0,UNKNOWN,1,9.685040473937988,IDLE,0.0
1779448296.59557,0.0,0.0,1.0,0.0,0.0,0.0,100.0,DISARMED,1,0.0,0.0,0.0,0.0,0.0,0.0,100.0,UNKNOWN,1,0.0,0.0,0.0,0.0,0.0,0.0,100.0,UNKNOWN,1,0.0,0.0,0.0,0.0,0.0,0.0,100.0,UNKNOWN,1,0.0,0.0,0.0,0.0,0.0,0.0,100.0,UNKNOWN,1,9.685040473937988,IDLE,0.0
1779448296.833257,0.0,0.0,1.0,0.0,0.0,0.0,100.0,DISARMED,1,0.0,0.0,0.0,0.0,0.0,0.0,100.0,UNKNOWN,1,0.0,0.0,0.0,0.0,0.0,0.0,100.0,UNKNOWN,1,0.0,0.0,0.0,0.0,0.0,0.0,100.0,UNKNOWN,1,0.0,0.0,0.0,0.0,0.0,0.0,100.0,UNKNOWN,1,9.685040473937988,IDLE,0.0
1779448296.89128,0.0,0.0,1.0,0.0,0.0,0.0,100.0,DISARMED,1,0.0,0.0,0.0,0.0,0.0,0.0,100.0,UNKNOWN,1,0.0,0.0,0.0,0.0,0.0,0.0,100.0,UNKNOWN,1,0.0,0.0,0.0,0.0,0.0,0.0,100.0,UNKNOWN,1,0.0,0.0,0.0,0.0,0.0,0.0,100.0,UNKNOWN,1,9.685040473937988,IDLE,0.0
1779448296.9968636,0.0,0.0,1.0,0.0,0.0,0.0,100.0,DISARMED,1,0.0,0.0,0.0,0.0,0.0,0.0,100.0,UNKNOWN,1,0.0,0.0,0.0,0.0,0.0,0.0,100.0,UNKNOWN,1,0.0,0.0,0.0,0.0,0.0,0.0,100.0,UNKNOWN,1,0.0,0.0,0.0,0.0,0.0,0.0,100.0,UNKNOWN,1,9.685040473937988,IDLE,0.0
1779448297.229279,0.0,0.0,1.0,0.0,0.0,0.0,100.0,DISARMED,1,0.0,0.0,0.0,0.0,0.0,0.0,100.0,UNKNOWN,1,0.0,0.0,0.0,0.0,0.0,0.0,100.0,UNKNOWN,1,0.0,0.0,0.0,0.0,0.0,0.0,100.0,UNKNOWN,1,0.0,0.0,0.0,0.0,0.0,0.0,100.0,UNKNOWN,1,9.685040473937988,IDLE,0.0
1779448297.528708,0.0,0.0,1.0,0.0,0.0,0.0,100.0,DISARMED,1,0.0,0.0,0.0,0.0,0.0,0.0,100.0,UNKNOWN,1,0.0,0.0,0.0,0.0,0.0,0.0,100.0,UNKNOWN,1,0.0,0.0,0.0,0.0,0.0,0.0,100.0,UNKNOWN,1,0.0,0.0,0.0,0.0,0.0,0.0,100.0,UNKNOWN,1,9.685040473937988,IDLE,0.0
1779448297.71015,0.0,0.0,1.0,0.0,0.0,0.0,100.0,DISARMED,1,0.0,0.0,0.0,0.0,0.0,0.0,100.0,UNKNOWN,1,0.0,0.0,0.0,0.0,0.0,0.0,100.0,UNKNOWN,1,0.0,0.0,0.0,0.0,0.0,0.0,100.0,UNKNOWN,1,0.0,0.0,0.0,0.0,0.0,0.0,100.0,UNKNOWN,1,9.685040473937988,IDLE,0.0
1779448297.7480567,0.0,0.0,1.0,0.0,0.0,0.0,100.0,DISARMED,1,0.0,0.0,0.0,0.0,0.0,0.0,100.0,UNKNOWN,1,0.0,0.0,0.0,0.0,0.0,0.0,100.0,UNKNOWN,1,0.0,0.0,0.0,0.0,0.0,0.0,100.0,UNKNOWN,1,0.0,0.0,0.0,0.0,0.0,0.0,100.0,UNKNOWN,1,9.685040473937988,IDLE,0.0
1779448297.7869234,0.0,0.0,1.0,0.0,0.0,0.0,100.0,DISARMED,1,0.0,0.0,0.0,0.0,0.0,0.0,100.0,UNKNOWN,1,0.0,0.0,0.0,0.0,0.0,0.0,100.0,UNKNOWN,1,0.0,0.0,0.0,0.0,0.0,0.0,100.0,UNKNOWN,1,0.0,0.0,0.0,0.0,0.0,0.0,100.0,UNKNOWN,1,9.685040473937988,IDLE,0.0
1779448298.0035648,0.0,0.0,1.0,0.0,0.0,0.0,100.0,DISARMED,1,0.0,0.0,0.0,0.0,0.0,0.0,100.0,UNKNOWN,1,0.0,0.0,0.0,0.0,0.0,0.0,100.0,UNKNOWN,1,0.0,0.0,0.0,0.0,0.0,0.0,100.0,UNKNOWN,1,0.0,0.0,0.0,0.0,0.0,0.0,100.0,UNKNOWN,1,9.685040473937988,IDLE,0.0
1779448298.1436615,0.0,0.0,1.0,0.0,0.0,0.0,100.0,DISARMED,1,0.0,0.0,0.0,0.0,0.0,0.0,100.0,UNKNOWN,1,0.0,0.0,0.0,0.0,0.0,0.0,100.0,UNKNOWN,1,0.0,0.0,0.0,0.0,0.0,0.0,100.0,UNKNOWN,1,0.0,0.0,0.0,0.0,0.0,0.0,100.0,UNKNOWN,1,9.685040473937988,IDLE,0.0
1779448298.2041185,0.0,0.0,1.0,0.0,0.0,0.0,100.0,DISARMED,1,0.0,0.0,0.0,0.0,0.0,0.0,100.0,UNKNOWN,1,0.0,0.0,0.0,0.0,0.0,0.0,100.0,UNKNOWN,1,0.0,0.0,0.0,0.0,0.0,0.0,100.0,UNKNOWN,1,0.0,0.0,0.0,0.0,0.0,0.0,100.0,UNKNOWN,1,9.685040473937988,IDLE,0.0
1779448298.5636702,0.0,0.0,1.0,0.0,0.0,0.0,100.0,DISARMED,1,0.0,0.0,0.0,0.0,0.0,0.0,100.0,UNKNOWN,1,0.0,0.0,0.0,0.0,0.0,0.0,100.0,UNKNOWN,1,0.0,0.0,0.0,0.0,0.0,0.0,100.0,UNKNOWN,1,0.0,0.0,0.0,0.0,0.0,0.0,100.0,UNKNOWN,1,9.685040473937988,IDLE,0.0
1779448298.6351564,0.0,0.0,1.0,0.0,0.0,0.0,100.0,DISARMED,1,0.0,0.0,0.0,0.0,0.0,0.0,100.0,UNKNOWN,1,0.0,0.0,0.0,0.0,0.0,0.0,100.0,UNKNOWN,1,0.0,0.0,0.0,0.0,0.0,0.0,100.0,UNKNOWN,1,0.0,0.0,0.0,0.0,0.0,0.0,100.0,UNKNOWN,1,9.685040473937988,IDLE,0.0
1779448298.6943176,0.0,0.0,1.0,0.0,0.0,0.0,100.0,DISARMED,1,0.0,0.0,0.0,0.0,0.0,0.0,100.0,UNKNOWN,1,0.0,0.0,0.0,0.0,0.0,0.0,100.0,UNKNOWN,1,0.0,0.0,0.0,0.0,0.0,0.0,100.0,UNKNOWN,1,0.0,0.0,0.0,0.0,0.0,0.0,100.0,UNKNOWN,1,9.685040473937988,IDLE,0.0
1779448298.7886863,0.0,0.0,1.0,0.0,0.0,0.0,100.0,DISARMED,1,0.0,0.0,0.0,0.0,0.0,0.0,100.0,UNKNOWN,1,0.0,0.0,0.0,0.0,0.0,0.0,100.0,UNKNOWN,1,0.0,0.0,0.0,0.0,0.0,0.0,100.0,UNKNOWN,1,0.0,0.0,0.0,0.0,0.0,0.0,100.0,UNKNOWN,1,9.685040473937988,IDLE,0.0
1779448298.9168155,0.0,0.0,1.0,0.0,0.0,0.0,100.0,DISARMED,1,0.0,0.0,0.0,0.0,0.0,0.0,100.0,UNKNOWN,1,0.0,0.0,0.0,0.0,0.0,0.0,100.0,UNKNOWN,1,0.0,0.0,0.0,0.0,0.0,0.0,100.0,UNKNOWN,1,0.0,0.0,0.0,0.0,0.0,0.0,100.0,UNKNOWN,1,9.685040473937988,IDLE,0.0
1779448299.0323727,0.0,0.0,1.0,0.0,0.0,0.0,100.0,DISARMED,1,0.0,0.0,0.0,0.0,0.0,0.0,100.0,UNKNOWN,1,0.0,0.0,0.0,0.0,0.0,0.0,100.0,UNKNOWN,1,0.0,0.0,0.0,0.0,0.0,0.0,100.0,UNKNOWN,1,0.0,0.0,0.0,0.0,0.0,0.0,100.0,UNKNOWN,1,9.685040473937988,IDLE,0.0
1779448299.127461,0.0,0.0,1.0,0.0,0.0,0.0,100.0,DISARMED,1,0.0,0.0,0.0,0.0,0.0,0.0,100.0,UNKNOWN,1,0.0,0.0,0.0,0.0,0.0,0.0,100.0,UNKNOWN,1,0.0,0.0,0.0,0.0,0.0,0.0,100.0,UNKNOWN,1,0.0,0.0,0.0,0.0,0.0,0.0,100.0,UNKNOWN,1,9.685040473937988,IDLE,0.0
1779448299.1923115,0.0,0.0,1.0,0.0,0.0,0.0,100.0,DISARMED,1,0.0,0.0,0.0,0.0,0.0,0.0,100.0,UNKNOWN,1,0.0,0.0,0.0,0.0,0.0,0.0,100.0,UNKNOWN,1,0.0,0.0,0.0,0.0,0.0,0.0,100.0,UNKNOWN,1,0.0,0.0,0.0,0.0,0.0,0.0,100.0,UNKNOWN,1,9.685040473937988,IDLE,0.0
1779448299.5191345,0.0,0.0,1.0,0.0,0.0,0.0,100.0,DISARMED,1,0.0,0.0,0.0,0.0,0.0,0.0,100.0,UNKNOWN,1,0.0,0.0,0.0,0.0,0.0,0.0,100.0,UNKNOWN,1,0.0,0.0,0.0,0.0,0.0,0.0,100.0,UNKNOWN,1,0.0,0.0,0.0,0.0,0.0,0.0,100.0,UNKNOWN,1,9.685040473937988,IDLE,0.0
1779448299.6014786,0.0,0.0,1.0,0.0,0.0,0.0,100.0,DISARMED,1,0.0,0.0,0.0,0.0,0.0,0.0,100.0,UNKNOWN,1,0.0,0.0,0.0,0.0,0.0,0.0,100.0,UNKNOWN,1,0.0,0.0,0.0,0.0,0.0,0.0,100.0,UNKNOWN,1,0.0,0.0,0.0,0.0,0.0,0.0,100.0,UNKNOWN,1,9.685040473937988,IDLE,0.0
1779448299.7432294,0.0,0.0,1.0,0.0,0.0,0.0,100.0,DISARMED,1,0.0,0.0,0.0,0.0,0.0,0.0,100.0,UNKNOWN,1,0.0,0.0,0.0,0.0,0.0,0.0,100.0,UNKNOWN,1,0.0,0.0,0.0,0.0,0.0,0.0,100.0,UNKNOWN,1,0.0,0.0,0.0,0.0,0.0,0.0,100.0,UNKNOWN,1,9.685040473937988,IDLE,0.0
1779448299.8536775,0.0,0.0,1.0,0.0,0.0,0.0,100.0,DISARMED,1,0.0,0.0,0.0,0.0,0.0,0.0,100.0,UNKNOWN,1,0.0,0.0,0.0,0.0,0.0,0.0,100.0,UNKNOWN,1,0.0,0.0,0.0,0.0,0.0,0.0,100.0,UNKNOWN,1,0.0,0.0,0.0,0.0,0.0,0.0,100.0,UNKNOWN,1,9.685040473937988,IDLE,0.0
1779448299.9468093,0.0,0.0,1.0,0.0,0.0,0.0,100.0,DISARMED,1,0.0,0.0,0.0,0.0,0.0,0.0,100.0,UNKNOWN,1,0.0,0.0,0.0,0.0,0.0,0.0,100.0,UNKNOWN,1,0.0,0.0,0.0,0.0,0.0,0.0,100.0,UNKNOWN,1,0.0,0.0,0.0,0.0,0.0,0.0,100.0,UNKNOWN,1,9.685040473937988,IDLE,0.0
1779448299.987522,0.0,0.0,1.0,0.0,0.0,0.0,100.0,DISARMED,1,0.0,0.0,0.0,0.0,0.0,0.0,100.0,UNKNOWN,1,0.0,0.0,0.0,0.0,0.0,0.0,100.0,UNKNOWN,1,0.0,0.0,0.0,0.0,0.0,0.0,100.0,UNKNOWN,1,0.0,0.0,0.0,0.0,0.0,0.0,100.0,UNKNOWN,1,9.685040473937988,IDLE,0.0
1779448300.1344028,0.0,0.0,1.0,0.0,0.0,0.0,100.0,DISARMED,1,0.0,0.0,0.0,0.0,0.0,0.0,100.0,UNKNOWN,1,0.0,0.0,0.0,0.0,0.0,0.0,100.0,UNKNOWN,1,0.0,0.0,0.0,0.0,0.0,0.0,100.0,UNKNOWN,1,0.0,0.0,0.0,0.0,0.0,0.0,100.0,UNKNOWN,1,9.685040473937988,IDLE,0.0
1779448300.2084427,0.0,0.0,1.0,0.0,0.0,0.0,100.0,DISARMED,1,0.0,0.0,0.0,0.0,0.0,0.0,100.0,UNKNOWN,1,0.0,0.0,0.0,0.0,0.0,0.0,100.0,UNKNOWN,1,0.0,0.0,0.0,0.0,0.0,0.0,100.0,UNKNOWN,1,0.0,0.0,0.0,0.0,0.0,0.0,100.0,UNKNOWN,1,9.685040473937988,IDLE,0.0
1779448300.5113306,0.0,0.0,1.0,0.0,0.0,0.0,100.0,DISARMED,1,0.0,0.0,0.0,0.0,0.0,0.0,100.0,UNKNOWN,1,0.0,0.0,0.0,0.0,0.0,0.0,100.0,UNKNOWN,1,0.0,0.0,0.0,0.0,0.0,0.0,100.0,UNKNOWN,1,0.0,0.0,0.0,0.0,0.0,0.0,100.0,UNKNOWN,1,9.685040473937988,IDLE,0.0
1779448300.6429234,0.0,0.0,1.0,0.0,0.0,0.0,100.0,DISARMED,1,0.0,0.0,0.0,0.0,0.0,0.0,100.0,UNKNOWN,1,0.0,0.0,0.0,0.0,0.0,0.0,100.0,UNKNOWN,1,0.0,0.0,0.0,0.0,0.0,0.0,100.0,UNKNOWN,1,0.0,0.0,0.0,0.0,0.0,0.0,100.0,UNKNOWN,1,9.685040473937988,IDLE,0.0
1779448300.7726135,0.0,0.0,1.0,0.0,0.0,0.0,100.0,DISARMED,1,0.0,0.0,0.0,0.0,0.0,0.0,100.0,UNKNOWN,1,0.0,0.0,0.0,0.0,0.0,0.0,100.0,UNKNOWN,1,0.0,0.0,0.0,0.0,0.0,0.0,100.0,UNKNOWN,1,0.0,0.0,0.0,0.0,0.0,0.0,100.0,UNKNOWN,1,9.685040473937988,IDLE,0.0
1779448300.8876684,0.0,0.0,1.0,0.0,0.0,0.0,100.0,DISARMED,1,0.0,0.0,0.0,0.0,0.0,0.0,100.0,UNKNOWN,1,0.0,0.0,0.0,0.0,0.0,0.0,100.0,UNKNOWN,1,0.0,0.0,0.0,0.0,0.0,0.0,100.0,UNKNOWN,1,0.0,0.0,0.0,0.0,0.0,0.0,100.0,UNKNOWN,1,9.685040473937988,IDLE,0.0
1779448301.1418066,0.0,0.0,1.0,0.0,0.0,0.0,100.0,DISARMED,1,0.0,0.0,0.0,0.0,0.0,0.0,100.0,UNKNOWN,1,0.0,0.0,0.0,0.0,0.0,0.0,100.0,UNKNOWN,1,0.0,0.0,0.0,0.0,0.0,0.0,100.0,UNKNOWN,1,0.0,0.0,0.0,0.0,0.0,0.0,100.0,UNKNOWN,1,9.685040473937988,IDLE,0.0
1779448301.6710222,0.0,0.0,1.0,0.0,0.0,0.0,100.0,DISARMED,1,0.0,0.0,0.0,0.0,0.0,0.0,100.0,UNKNOWN,1,0.0,0.0,0.0,0.0,0.0,0.0,100.0,UNKNOWN,1,0.0,0.0,0.0,0.0,0.0,0.0,100.0,UNKNOWN,1,0.0,0.0,0.0,0.0,0.0,0.0,100.0,UNKNOWN,1,9.685040473937988,IDLE,0.0
1779448301.8770494,0.0,0.0,1.0,0.0,0.0,0.0,100.0,DISARMED,1,0.0,0.0,0.0,0.0,0.0,0.0,100.0,UNKNOWN,1,0.0,0.0,0.0,0.0,0.0,0.0,100.0,UNKNOWN,1,0.0,0.0,0.0,0.0,0.0,0.0,100.0,UNKNOWN,1,0.0,0.0,0.0,0.0,0.0,0.0,100.0,UNKNOWN,1,9.685040473937988,IDLE,0.0
1779448301.9301164,0.0,0.0,1.0,0.0,0.0,0.0,100.0,DISARMED,1,0.0,0.0,0.0,0.0,0.0,0.0,100.0,UNKNOWN,1,0.0,0.0,0.0,0.0,0.0,0.0,100.0,UNKNOWN,1,0.0,0.0,0.0,0.0,0.0,0.0,100.0,UNKNOWN,1,0.0,0.0,0.0,0.0,0.0,0.0,100.0,UNKNOWN,1,9.685040473937988,IDLE,0.0
1779448301.9873013,0.0,0.0,1.0,0.0,0.0,0.0,100.0,DISARMED,1,0.0,0.0,0.0,0.0,0.0,0.0,100.0,UNKNOWN,1,0.0,0.0,0.0,0.0,0.0,0.0,100.0,UNKNOWN,1,0.0,0.0,0.0,0.0,0.0,0.0,100.0,UNKNOWN,1,0.0,0.0,0.0,0.0,0.0,0.0,100.0,UNKNOWN,1,9.685040473937988,IDLE,0.0
1779448302.0902195,0.0,0.0,1.0,0.0,0.0,0.0,100.0,DISARMED,1,0.0,0.0,0.0,0.0,0.0,0.0,100.0,UNKNOWN,1,0.0,0.0,0.0,0.0,0.0,0.0,100.0,UNKNOWN,1,0.0,0.0,0.0,0.0,0.0,0.0,100.0,UNKNOWN,1,0.0,0.0,0.0,0.0,0.0,0.0,100.0,UNKNOWN,1,9.685040473937988,IDLE,0.0
1779448302.1866415,0.0,0.0,1.0,0.0,0.0,0.0,100.0,DISARMED,1,0.0,0.0,0.0,0.0,0.0,0.0,100.0,UNKNOWN,1,0.0,0.0,0.0,0.0,0.0,0.0,100.0,UNKNOWN,1,0.0,0.0,0.0,0.0,0.0,0.0,100.0,UNKNOWN,1,0.0,0.0,0.0,0.0,0.0,0.0,100.0,UNKNOWN,1,9.685040473937988,IDLE,0.0
1779448302.5778024,0.0,0.0,1.0,0.0,0.0,0.0,100.0,DISARMED,1,0.0,0.0,0.0,0.0,0.0,0.0,100.0,UNKNOWN,1,0.0,0.0,0.0,0.0,0.0,0.0,100.0,UNKNOWN,1,0.0,0.0,0.0,0.0,0.0,0.0,100.0,UNKNOWN,1,0.0,0.0,0.0,0.0,0.0,0.0,100.0,UNKNOWN,1,9.685040473937988,IDLE,0.0
1779448302.6066175,0.0,0.0,1.0,0.0,0.0,0.0,100.0,DISARMED,1,0.0,0.0,0.0,0.0,0.0,0.0,100.0,UNKNOWN,1,0.0,0.0,0.0,0.0,0.0,0.0,100.0,UNKNOWN,1,0.0,0.0,0.0,0.0,0.0,0.0,100.0,UNKNOWN,1,0.0,0.0,0.0,0.0,0.0,0.0,100.0,UNKNOWN,1,9.685040473937988,IDLE,0.0
1779448302.8286998,0.0,0.0,1.0,0.0,0.0,0.0,100.0,DISARMED,1,0.0,0.0,0.0,0.0,0.0,0.0,100.0,UNKNOWN,1,0.0,0.0,0.0,0.0,0.0,0.0,100.0,UNKNOWN,1,0.0,0.0,0.0,0.0,0.0,0.0,100.0,UNKNOWN,1,0.0,0.0,0.0,0.0,0.0,0.0,100.0,UNKNOWN,1,9.685040473937988,IDLE,0.0
1779448302.8913178,0.0,0.0,1.0,0.0,0.0,0.0,100.0,DISARMED,1,0.0,0.0,0.0,0.0,0.0,0.0,100.0,UNKNOWN,1,0.0,0.0,0.0,0.0,0.0,0.0,100.0,UNKNOWN,1,0.0,0.0,0.0,0.0,0.0,0.0,100.0,UNKNOWN,1,0.0,0.0,0.0,0.0,0.0,0.0,100.0,UNKNOWN,1,9.685040473937988,IDLE,0.0
1779448303.033329,0.0,0.0,1.0,0.0,0.0,0.0,100.0,DISARMED,1,0.0,0.0,0.0,0.0,0.0,0.0,100.0,UNKNOWN,1,0.0,0.0,0.0,0.0,0.0,0.0,100.0,UNKNOWN,1,0.0,0.0,0.0,0.0,0.0,0.0,100.0,UNKNOWN,1,0.0,0.0,0.0,0.0,0.0,0.0,100.0,UNKNOWN,1,9.685040473937988,IDLE,0.0
1779448303.1191094,0.0,0.0,1.0,0.0,0.0,0.0,100.0,DISARMED,1,0.0,0.0,0.0,0.0,0.0,0.0,100.0,UNKNOWN,1,0.0,0.0,0.0,0.0,0.0,0.0,100.0,UNKNOWN,1,0.0,0.0,0.0,0.0,0.0,0.0,100.0,UNKNOWN,1,0.0,0.0,0.0,0.0,0.0,0.0,100.0,UNKNOWN,1,9.685040473937988,IDLE,0.0
1779448303.2105105,0.0,0.0,1.0,0.0,0.0,0.0,100.0,DISARMED,1,0.0,0.0,0.0,0.0,0.0,0.0,100.0,UNKNOWN,1,0.0,0.0,0.0,0.0,0.0,0.0,100.0,UNKNOWN,1,0.0,0.0,0.0,0.0,0.0,0.0,100.0,UNKNOWN,1,0.0,0.0,0.0,0.0,0.0,0.0,100.0,UNKNOWN,1,9.685040473937988,IDLE,0.0
1779448303.4246893,0.0,0.0,1.0,0.0,0.0,0.0,100.0,DISARMED,1,0.0,0.0,0.0,0.0,0.0,0.0,100.0,UNKNOWN,1,0.0,0.0,0.0,0.0,0.0,0.0,100.0,UNKNOWN,1,0.0,0.0,0.0,0.0,0.0,0.0,100.0,UNKNOWN,1,0.0,0.0,0.0,0.0,0.0,0.0,100.0,UNKNOWN,1,9.685040473937988,IDLE,0.0
1779448303.5304875,0.0,0.0,1.0,0.0,0.0,0.0,100.0,DISARMED,1,0.0,0.0,0.0,0.0,0.0,0.0,100.0,UNKNOWN,1,0.0,0.0,0.0,0.0,0.0,0.0,100.0,UNKNOWN,1,0.0,0.0,0.0,0.0,0.0,0.0,100.0,UNKNOWN,1,0.0,0.0,0.0,0.0,0.0,0.0,100.0,UNKNOWN,1,9.685040473937988,IDLE,0.0
1779448303.5891979,0.0,0.0,1.0,0.0,0.0,0.0,100.0,DISARMED,1,0.0,0.0,0.0,0.0,0.0,0.0,100.0,UNKNOWN,1,0.0,0.0,0.0,0.0,0.0,0.0,100.0,UNKNOWN,1,0.0,0.0,0.0,0.0,0.0,0.0,100.0,UNKNOWN,1,0.0,0.0,0.0,0.0,0.0,0.0,100.0,UNKNOWN,1,9.685040473937988,IDLE,0.0
1779448303.69891,0.0,0.0,1.0,0.0,0.0,0.0,100.0,DISARMED,1,0.0,0.0,0.0,0.0,0.0,0.0,100.0,UNKNOWN,1,0.0,0.0,0.0,0.0,0.0,0.0,100.0,UNKNOWN,1,0.0,0.0,0.0,0.0,0.0,0.0,100.0,UNKNOWN,1,0.0,0.0,0.0,0.0,0.0,0.0,100.0,UNKNOWN,1,9.685040473937988,IDLE,0.0
1779448303.8448298,0.0,0.0,1.0,0.0,0.0,0.0,100.0,DISARMED,1,0.0,0.0,0.0,0.0,0.0,0.0,100.0,UNKNOWN,1,0.0,0.0,0.0,0.0,0.0,0.0,100.0,UNKNOWN,1,0.0,0.0,0.0,0.0,0.0,0.0,100.0,UNKNOWN,1,0.0,0.0,0.0,0.0,0.0,0.0,100.0,UNKNOWN,1,9.685040473937988,IDLE,0.0
1779448303.8882143,0.0,0.0,1.0,0.0,0.0,0.0,100.0,DISARMED,1,0.0,0.0,0.0,0.0,0.0,0.0,100.0,UNKNOWN,1,0.0,0.0,0.0,0.0,0.0,0.0,100.0,UNKNOWN,1,0.0,0.0,0.0,0.0,0.0,0.0,100.0,UNKNOWN,1,0.0,0.0,0.0,0.0,0.0,0.0,100.0,UNKNOWN,1,9.685040473937988,IDLE,0.0
1779448303.9881105,0.0,0.0,1.0,0.0,0.0,0.0,100.0,DISARMED,1,0.0,0.0,0.0,0.0,0.0,0.0,100.0,UNKNOWN,1,0.0,0.0,0.0,0.0,0.0,0.0,100.0,UNKNOWN,1,0.0,0.0,0.0,0.0,0.0,0.0,100.0,UNKNOWN,1,0.0,0.0,0.0,0.0,0.0,0.0,100.0,UNKNOWN,1,9.685040473937988,IDLE,0.0
1779448304.0937495,0.0,0.0,1.0,0.0,0.0,0.0,100.0,DISARMED,1,0.0,0.0,0.0,0.0,0.0,0.0,100.0,UNKNOWN,1,0.0,0.0,0.0,0.0,0.0,0.0,100.0,UNKNOWN,1,0.0,0.0,0.0,0.0,0.0,0.0,100.0,UNKNOWN,1,0.0,0.0,0.0,0.0,0.0,0.0,100.0,UNKNOWN,1,9.685040473937988,IDLE,0.0
1779448304.2406929,0.0,0.0,1.0,0.0,0.0,0.0,100.0,DISARMED,1,0.0,0.0,0.0,0.0,0.0,0.0,100.0,UNKNOWN,1,0.0,0.0,0.0,0.0,0.0,0.0,100.0,UNKNOWN,1,0.0,0.0,0.0,0.0,0.0,0.0,100.0,UNKNOWN,1,0.0,0.0,0.0,0.0,0.0,0.0,100.0,UNKNOWN,1,9.685040473937988,IDLE,0.0
1779448304.6082757,0.0,0.0,1.0,0.0,0.0,0.0,100.0,DISARMED,1,0.0,0.0,0.0,0.0,0.0,0.0,100.0,UNKNOWN,1,0.0,0.0,0.0,0.0,0.0,0.0,100.0,UNKNOWN,1,0.0,0.0,0.0,0.0,0.0,0.0,100.0,UNKNOWN,1,0.0,0.0,0.0,0.0,0.0,0.0,100.0,UNKNOWN,1,9.685040473937988,IDLE,0.0
1779448304.6919768,0.0,0.0,1.0,0.0,0.0,0.0,100.0,DISARMED,1,0.0,0.0,0.0,0.0,0.0,0.0,100.0,UNKNOWN,1,0.0,0.0,0.0,0.0,0.0,0.0,100.0,UNKNOWN,1,0.0,0.0,0.0,0.0,0.0,0.0,100.0,UNKNOWN,1,0.0,0.0,0.0,0.0,0.0,0.0,100.0,UNKNOWN,1,9.685040473937988,IDLE,0.0
1779448304.8210497,0.0,0.0,1.0,0.0,0.0,0.0,100.0,DISARMED,1,0.0,0.0,0.0,0.0,0.0,0.0,100.0,UNKNOWN,1,0.0,0.0,0.0,0.0,0.0,0.0,100.0,UNKNOWN,1,0.0,0.0,0.0,0.0,0.0,0.0,100.0,UNKNOWN,1,0.0,0.0,0.0,0.0,0.0,0.0,100.0,UNKNOWN,1,9.685040473937988,IDLE,0.0
1779448304.8994133,0.0,0.0,1.0,0.0,0.0,0.0,100.0,DISARMED,1,0.0,0.0,0.0,0.0,0.0,0.0,100.0,UNKNOWN,1,0.0,0.0,0.0,0.0,0.0,0.0,100.0,UNKNOWN,1,0.0,0.0,0.0,0.0,0.0,0.0,100.0,UNKNOWN,1,0.0,0.0,0.0,0.0,0.0,0.0,100.0,UNKNOWN,1,9.685040473937988,IDLE,0.0
1779448305.1010668,0.0,0.0,1.0,0.0,0.0,0.0,100.0,DISARMED,1,0.0,0.0,0.0,0.0,0.0,0.0,100.0,UNKNOWN,1,0.0,0.0,0.0,0.0,0.0,0.0,100.0,UNKNOWN,1,0.0,0.0,0.0,0.0,0.0,0.0,100.0,UNKNOWN,1,0.0,0.0,0.0,0.0,0.0,0.0,100.0,UNKNOWN,1,9.685040473937988,IDLE,0.0
1779448305.2103293,0.0,0.0,1.0,0.0,0.0,0.0,100.0,DISARMED,1,0.0,0.0,0.0,0.0,0.0,0.0,100.0,UNKNOWN,1,0.0,0.0,0.0,0.0,0.0,0.0,100.0,UNKNOWN,1,0.0,0.0,0.0,0.0,0.0,0.0,100.0,UNKNOWN,1,0.0,0.0,0.0,0.0,0.0,0.0,100.0,UNKNOWN,1,9.685040473937988,IDLE,0.0
1779448305.568544,0.0,0.0,1.0,0.0,0.0,0.0,100.0,DISARMED,1,0.0,0.0,0.0,0.0,0.0,0.0,100.0,UNKNOWN,1,0.0,0.0,0.0,0.0,0.0,0.0,100.0,UNKNOWN,1,0.0,0.0,0.0,0.0,0.0,0.0,100.0,UNKNOWN,1,0.0,0.0,0.0,0.0,0.0,0.0,100.0,UNKNOWN,1,9.685040473937988,IDLE,0.0
1779448305.6946244,0.0,0.0,1.0,0.0,0.0,0.0,100.0,DISARMED,1,0.0,0.0,0.0,0.0,0.0,0.0,100.0,UNKNOWN,1,0.0,0.0,0.0,0.0,0.0,0.0,100.0,UNKNOWN,1,0.0,0.0,0.0,0.0,0.0,0.0,100.0,UNKNOWN,1,0.0,0.0,0.0,0.0,0.0,0.0,100.0,UNKNOWN,1,9.685040473937988,IDLE,0.0
1779448305.8396213,0.0,0.0,1.0,0.0,0.0,0.0,100.0,DISARMED,1,0.0,0.0,0.0,0.0,0.0,0.0,100.0,UNKNOWN,1,0.0,0.0,0.0,0.0,0.0,0.0,100.0,UNKNOWN,1,0.0,0.0,0.0,0.0,0.0,0.0,100.0,UNKNOWN,1,0.0,0.0,0.0,0.0,0.0,0.0,100.0,UNKNOWN,1,9.685040473937988,IDLE,0.0
1779448305.9441807,0.0,0.0,1.0,0.0,0.0,0.0,100.0,DISARMED,1,0.0,0.0,0.0,0.0,0.0,0.0,100.0,UNKNOWN,1,0.0,0.0,0.0,0.0,0.0,0.0,100.0,UNKNOWN,1,0.0,0.0,0.0,0.0,0.0,0.0,100.0,UNKNOWN,1,0.0,0.0,0.0,0.0,0.0,0.0,100.0,UNKNOWN,1,9.685040473937988,IDLE,0.0
1779448306.0814779,0.0,0.0,1.0,0.0,0.0,0.0,100.0,DISARMED,1,0.0,0.0,0.0,0.0,0.0,0.0,100.0,UNKNOWN,1,0.0,0.0,0.0,0.0,0.0,0.0,100.0,UNKNOWN,1,0.0,0.0,0.0,0.0,0.0,0.0,100.0,UNKNOWN,1,0.0,0.0,0.0,0.0,0.0,0.0,100.0,UNKNOWN,1,9.685040473937988,IDLE,0.0
1779448306.1920981,0.0,0.0,1.0,0.0,0.0,0.0,100.0,DISARMED,1,0.0,0.0,0.0,0.0,0.0,0.0,100.0,UNKNOWN,1,0.0,0.0,0.0,0.0,0.0,0.0,100.0,UNKNOWN,1,0.0,0.0,0.0,0.0,0.0,0.0,100.0,UNKNOWN,1,0.0,0.0,0.0,0.0,0.0,0.0,100.0,UNKNOWN,1,9.685040473937988,IDLE,0.0
1779448306.5989444,0.0,0.0,1.0,0.0,0.0,0.0,100.0,DISARMED,1,0.0,0.0,0.0,0.0,0.0,0.0,100.0,UNKNOWN,1,0.0,0.0,0.0,0.0,0.0,0.0,100.0,UNKNOWN,1,0.0,0.0,0.0,0.0,0.0,0.0,100.0,UNKNOWN,1,0.0,0.0,0.0,0.0,0.0,0.0,100.0,UNKNOWN,1,9.685040473937988,IDLE,0.0
1779448306.7301319,0.0,0.0,1.0,0.0,0.0,0.0,100.0,DISARMED,1,0.0,0.0,0.0,0.0,0.0,0.0,100.0,UNKNOWN,1,0.0,0.0,0.0,0.0,0.0,0.0,100.0,UNKNOWN,1,0.0,0.0,0.0,0.0,0.0,0.0,100.0,UNKNOWN,1,0.0,0.0,0.0,0.0,0.0,0.0,100.0,UNKNOWN,1,9.685040473937988,IDLE,0.0
1779448306.8033805,0.0,0.0,1.0,0.0,0.0,0.0,100.0,DISARMED,1,0.0,0.0,0.0,0.0,0.0,0.0,100.0,UNKNOWN,1,0.0,0.0,0.0,0.0,0.0,0.0,100.0,UNKNOWN,1,0.0,0.0,0.0,0.0,0.0,0.0,100.0,UNKNOWN,1,0.0,0.0,0.0,0.0,0.0,0.0,100.0,UNKNOWN,1,9.685040473937988,IDLE,0.0
1779448306.8963516,0.0,0.0,1.0,0.0,0.0,0.0,100.0,DISARMED,1,0.0,0.0,0.0,0.0,0.0,0.0,100.0,UNKNOWN,1,0.0,0.0,0.0,0.0,0.0,0.0,100.0,UNKNOWN,1,0.0,0.0,0.0,0.0,0.0,0.0,100.0,UNKNOWN,1,0.0,0.0,0.0,0.0,0.0,0.0,100.0,UNKNOWN,1,9.685040473937988,IDLE,0.0
1779448307.0761907,0.0,0.0,1.0,0.0,0.0,0.0,100.0,DISARMED,1,0.0,0.0,0.0,0.0,0.0,0.0,100.0,UNKNOWN,1,0.0,0.0,0.0,0.0,0.0,0.0,100.0,UNKNOWN,1,0.0,0.0,0.0,0.0,0.0,0.0,100.0,UNKNOWN,1,0.0,0.0,0.0,0.0,0.0,0.0,100.0,UNKNOWN,1,9.685040473937988,IDLE,0.0
1779448307.186384,0.0,0.0,1.0,0.0,0.0,0.0,100.0,DISARMED,1,0.0,0.0,0.0,0.0,0.0,0.0,100.0,UNKNOWN,1,0.0,0.0,0.0,0.0,0.0,0.0,100.0,UNKNOWN,1,0.0,0.0,0.0,0.0,0.0,0.0,100.0,UNKNOWN,1,0.0,0.0,0.0,0.0,0.0,0.0,100.0,UNKNOWN,1,9.685040473937988,IDLE,0.0
1779448307.2546544,0.0,0.0,1.0,0.0,0.0,0.0,100.0,DISARMED,1,0.0,0.0,0.0,0.0,0.0,0.0,100.0,UNKNOWN,1,0.0,0.0,0.0,0.0,0.0,0.0,100.0,UNKNOWN,1,0.0,0.0,0.0,0.0,0.0,0.0,100.0,UNKNOWN,1,0.0,0.0,0.0,0.0,0.0,0.0,100.0,UNKNOWN,1,9.685040473937988,IDLE,0.0
1779448307.4445438,0.0,0.0,1.0,0.0,0.0,0.0,100.0,DISARMED,1,0.0,0.0,0.0,0.0,0.0,0.0,100.0,UNKNOWN,1,0.0,0.0,0.0,0.0,0.0,0.0,100.0,UNKNOWN,1,0.0,0.0,0.0,0.0,0.0,0.0,100.0,UNKNOWN,1,0.0,0.0,0.0,0.0,0.0,0.0,100.0,UNKNOWN,1,9.685040473937988,IDLE,0.0
1779448307.5242531,0.0,0.0,1.0,0.0,0.0,0.0,100.0,DISARMED,1,0.0,0.0,0.0,0.0,0.0,0.0,100.0,UNKNOWN,1,0.0,0.0,0.0,0.0,0.0,0.0,100.0,UNKNOWN,1,0.0,0.0,0.0,0.0,0.0,0.0,100.0,UNKNOWN,1,0.0,0.0,0.0,0.0,0.0,0.0,100.0,UNKNOWN,1,9.685040473937988,IDLE,0.0
1779448307.5970502,0.0,0.0,1.0,0.0,0.0,0.0,100.0,DISARMED,1,0.0,0.0,0.0,0.0,0.0,0.0,100.0,UNKNOWN,1,0.0,0.0,0.0,0.0,0.0,0.0,100.0,UNKNOWN,1,0.0,0.0,0.0,0.0,0.0,0.0,100.0,UNKNOWN,1,0.0,0.0,0.0,0.0,0.0,0.0,100.0,UNKNOWN,1,9.685040473937988,IDLE,0.0
1779448307.7302532,0.0,0.0,1.0,0.0,0.0,0.0,100.0,DISARMED,1,0.0,0.0,0.0,0.0,0.0,0.0,100.0,UNKNOWN,1,0.0,0.0,0.0,0.0,0.0,0.0,100.0,UNKNOWN,1,0.0,0.0,0.0,0.0,0.0,0.0,100.0,UNKNOWN,1,0.0,0.0,0.0,0.0,0.0,0.0,100.0,UNKNOWN,1,9.685040473937988,IDLE,0.0
1779448307.8345735,0.0,0.0,1.0,0.0,0.0,0.0,100.0,DISARMED,1,0.0,0.0,0.0,0.0,0.0,0.0,100.0,UNKNOWN,1,0.0,0.0,0.0,0.0,0.0,0.0,100.0,UNKNOWN,1,0.0,0.0,0.0,0.0,0.0,0.0,100.0,UNKNOWN,1,0.0,0.0,0.0,0.0,0.0,0.0,100.0,UNKNOWN,1,9.685040473937988,IDLE,0.0
1779448307.8981974,0.0,0.0,1.0,0.0,0.0,0.0,100.0,DISARMED,1,0.0,0.0,0.0,0.0,0.0,0.0,100.0,UNKNOWN,1,0.0,0.0,0.0,0.0,0.0,0.0,100.0,UNKNOWN,1,0.0,0.0,0.0,0.0,0.0,0.0,100.0,UNKNOWN,1,0.0,0.0,0.0,0.0,0.0,0.0,100.0,UNKNOWN,1,9.685040473937988,IDLE,0.0
1779448307.9930713,0.0,0.0,1.0,0.0,0.0,0.0,100.0,DISARMED,1,0.0,0.0,0.0,0.0,0.0,0.0,100.0,UNKNOWN,1,0.0,0.0,0.0,0.0,0.0,0.0,100.0,UNKNOWN,1,0.0,0.0,0.0,0.0,0.0,0.0,100.0,UNKNOWN,1,0.0,0.0,0.0,0.0,0.0,0.0,100.0,UNKNOWN,1,9.685040473937988,IDLE,0.0
1779448308.2096765,0.0,0.0,1.0,0.0,0.0,0.0,100.0,DISARMED,1,0.0,0.0,0.0,0.0,0.0,0.0,100.0,UNKNOWN,1,0.0,0.0,0.0,0.0,0.0,0.0,100.0,UNKNOWN,1,0.0,0.0,0.0,0.0,0.0,0.0,100.0,UNKNOWN,1,0.0,0.0,0.0,0.0,0.0,0.0,100.0,UNKNOWN,1,9.685040473937988,IDLE,0.0
1779448308.5831394,0.0,0.0,1.0,0.0,0.0,0.0,100.0,DISARMED,1,0.0,0.0,0.0,0.0,0.0,0.0,100.0,UNKNOWN,1,0.0,0.0,0.0,0.0,0.0,0.0,100.0,UNKNOWN,1,0.0,0.0,0.0,0.0,0.0,0.0,100.0,UNKNOWN,1,0.0,0.0,0.0,0.0,0.0,0.0,100.0,UNKNOWN,1,9.685040473937988,IDLE,0.0
1779448308.6753566,0.0,0.0,1.0,0.0,0.0,0.0,100.0,DISARMED,1,0.0,0.0,0.0,0.0,0.0,0.0,100.0,UNKNOWN,1,0.0,0.0,0.0,0.0,0.0,0.0,100.0,UNKNOWN,1,0.0,0.0,0.0,0.0,0.0,0.0,100.0,UNKNOWN,1,0.0,0.0,0.0,0.0,0.0,0.0,100.0,UNKNOWN,1,9.685040473937988,IDLE,0.0
1779448308.7582119,0.0,0.0,1.0,0.0,0.0,0.0,100.0,DISARMED,1,0.0,0.0,0.0,0.0,0.0,0.0,100.0,UNKNOWN,1,0.0,0.0,0.0,0.0,0.0,0.0,100.0,UNKNOWN,1,0.0,0.0,0.0,0.0,0.0,0.0,100.0,UNKNOWN,1,0.0,0.0,0.0,0.0,0.0,0.0,100.0,UNKNOWN,1,9.685040473937988,IDLE,0.0
1779448308.8500407,0.0,0.0,1.0,0.0,0.0,0.0,100.0,DISARMED,1,0.0,0.0,0.0,0.0,0.0,0.0,100.0,UNKNOWN,1,0.0,0.0,0.0,0.0,0.0,0.0,100.0,UNKNOWN,1,0.0,0.0,0.0,0.0,0.0,0.0,100.0,UNKNOWN,1,0.0,0.0,0.0,0.0,0.0,0.0,100.0,UNKNOWN,1,9.685040473937988,IDLE,0.0
1779448308.9204564,0.0,0.0,1.0,0.0,0.0,0.0,100.0,DISARMED,1,0.0,0.0,0.0,0.0,0.0,0.0,100.0,UNKNOWN,1,0.0,0.0,0.0,0.0,0.0,0.0,100.0,UNKNOWN,1,0.0,0.0,0.0,0.0,0.0,0.0,100.0,UNKNOWN,1,0.0,0.0,0.0,0.0,0.0,0.0,100.0,UNKNOWN,1,9.685040473937988,IDLE,0.0
1779448309.017741,0.0,0.0,1.0,0.0,0.0,0.0,100.0,DISARMED,1,0.0,0.0,0.0,0.0,0.0,0.0,100.0,UNKNOWN,1,0.0,0.0,0.0,0.0,0.0,0.0,100.0,UNKNOWN,1,0.0,0.0,0.0,0.0,0.0,0.0,100.0,UNKNOWN,1,0.0,0.0,0.0,0.0,0.0,0.0,100.0,UNKNOWN,1,9.685040473937988,IDLE,0.0
1779448309.1323524,0.0,0.0,1.0,0.0,0.0,0.0,100.0,DISARMED,1,0.0,0.0,0.0,0.0,0.0,0.0,100.0,UNKNOWN,1,0.0,0.0,0.0,0.0,0.0,0.0,100.0,UNKNOWN,1,0.0,0.0,0.0,0.0,0.0,0.0,100.0,UNKNOWN,1,0.0,0.0,0.0,0.0,0.0,0.0,100.0,UNKNOWN,1,9.685040473937988,IDLE,0.0
1779448309.208102,0.0,0.0,1.0,0.0,0.0,0.0,100.0,DISARMED,1,0.0,0.0,0.0,0.0,0.0,0.0,100.0,UNKNOWN,1,0.0,0.0,0.0,0.0,0.0,0.0,100.0,UNKNOWN,1,0.0,0.0,0.0,0.0,0.0,0.0,100.0,UNKNOWN,1,0.0,0.0,0.0,0.0,0.0,0.0,100.0,UNKNOWN,1,9.685040473937988,IDLE,0.0
1779448309.5640185,0.0,0.0,1.0,0.0,0.0,0.0,100.0,DISARMED,1,0.0,0.0,0.0,0.0,0.0,0.0,100.0,UNKNOWN,1,0.0,0.0,0.0,0.0,0.0,0.0,100.0,UNKNOWN,1,0.0,0.0,0.0,0.0,0.0,0.0,100.0,UNKNOWN,1,0.0,0.0,0.0,0.0,0.0,0.0,100.0,UNKNOWN,1,9.685040473937988,IDLE,0.0
1779448309.6996071,0.0,0.0,1.0,0.0,0.0,0.0,100.0,DISARMED,1,0.0,0.0,0.0,0.0,0.0,0.0,100.0,UNKNOWN,1,0.0,0.0,0.0,0.0,0.0,0.0,100.0,UNKNOWN,1,0.0,0.0,0.0,0.0,0.0,0.0,100.0,UNKNOWN,1,0.0,0.0,0.0,0.0,0.0,0.0,100.0,UNKNOWN,1,9.685040473937988,IDLE,0.0
1779448309.8050413,0.0,0.0,1.0,0.0,0.0,0.0,100.0,DISARMED,1,0.0,0.0,0.0,0.0,0.0,0.0,100.0,UNKNOWN,1,0.0,0.0,0.0,0.0,0.0,0.0,100.0,UNKNOWN,1,0.0,0.0,0.0,0.0,0.0,0.0,100.0,UNKNOWN,1,0.0,0.0,0.0,0.0,0.0,0.0,100.0,UNKNOWN,1,9.685040473937988,IDLE,0.0
1779448309.948772,0.0,0.0,1.0,0.0,0.0,0.0,100.0,DISARMED,1,0.0,0.0,0.0,0.0,0.0,0.0,100.0,UNKNOWN,1,0.0,0.0,0.0,0.0,0.0,0.0,100.0,UNKNOWN,1,0.0,0.0,0.0,0.0,0.0,0.0,100.0,UNKNOWN,1,0.0,0.0,0.0,0.0,0.0,0.0,100.0,UNKNOWN,1,9.685040473937988,IDLE,0.0
1779448309.9964974,0.0,0.0,1.0,0.0,0.0,0.0,100.0,DISARMED,1,0.0,0.0,0.0,0.0,0.0,0.0,100.0,UNKNOWN,1,0.0,0.0,0.0,0.0,0.0,0.0,100.0,UNKNOWN,1,0.0,0.0,0.0,0.0,0.0,0.0,100.0,UNKNOWN,1,0.0,0.0,0.0,0.0,0.0,0.0,100.0,UNKNOWN,1,9.685040473937988,IDLE,0.0
1779448310.282916,0.0,0.0,1.0,0.0,0.0,0.0,100.0,DISARMED,1,0.0,0.0,0.0,0.0,0.0,0.0,100.0,UNKNOWN,1,0.0,0.0,0.0,0.0,0.0,0.0,100.0,UNKNOWN,1,0.0,0.0,0.0,0.0,0.0,0.0,100.0,UNKNOWN,1,0.0,0.0,0.0,0.0,0.0,0.0,100.0,UNKNOWN,1,9.685040473937988,IDLE,0.0
1779448310.579926,0.0,0.0,1.0,0.0,0.0,0.0,100.0,DISARMED,1,0.0,0.0,0.0,0.0,0.0,0.0,100.0,UNKNOWN,1,0.0,0.0,0.0,0.0,0.0,0.0,100.0,UNKNOWN,1,0.0,0.0,0.0,0.0,0.0,0.0,100.0,UNKNOWN,1,0.0,0.0,0.0,0.0,0.0,0.0,100.0,UNKNOWN,1,9.685040473937988,IDLE,0.0
1779448310.643682,0.0,0.0,1.0,0.0,0.0,0.0,100.0,DISARMED,1,0.0,0.0,0.0,0.0,0.0,0.0,100.0,UNKNOWN,1,0.0,0.0,0.0,0.0,0.0,0.0,100.0,UNKNOWN,1,0.0,0.0,0.0,0.0,0.0,0.0,100.0,UNKNOWN,1,0.0,0.0,0.0,0.0,0.0,0.0,100.0,UNKNOWN,1,9.685040473937988,IDLE,0.0
1779448310.6897123,0.0,0.0,1.0,0.0,0.0,0.0,100.0,DISARMED,1,0.0,0.0,0.0,0.0,0.0,0.0,100.0,UNKNOWN,1,0.0,0.0,0.0,0.0,0.0,0.0,100.0,UNKNOWN,1,0.0,0.0,0.0,0.0,0.0,0.0,100.0,UNKNOWN,1,0.0,0.0,0.0,0.0,0.0,0.0,100.0,UNKNOWN,1,9.685040473937988,IDLE,0.0
1779448310.8029187,0.0,0.0,1.0,0.0,0.0,0.0,100.0,DISARMED,1,0.0,0.0,0.0,0.0,0.0,0.0,100.0,UNKNOWN,1,0.0,0.0,0.0,0.0,0.0,0.0,100.0,UNKNOWN,1,0.0,0.0,0.0,0.0,0.0,0.0,100.0,UNKNOWN,1,0.0,0.0,0.0,0.0,0.0,0.0,100.0,UNKNOWN,1,9.685040473937988,IDLE,0.0
1779448310.8921764,0.0,0.0,1.0,0.0,0.0,0.0,100.0,DISARMED,1,0.0,0.0,0.0,0.0,0.0,0.0,100.0,UNKNOWN,1,0.0,0.0,0.0,0.0,0.0,0.0,100.0,UNKNOWN,1,0.0,0.0,0.0,0.0,0.0,0.0,100.0,UNKNOWN,1,0.0,0.0,0.0,0.0,0.0,0.0,100.0,UNKNOWN,1,9.685040473937988,IDLE,0.0
1779448311.0109599,0.0,0.0,1.0,0.0,0.0,0.0,100.0,DISARMED,1,0.0,0.0,0.0,0.0,0.0,0.0,100.0,UNKNOWN,1,0.0,0.0,0.0,0.0,0.0,0.0,100.0,UNKNOWN,1,0.0,0.0,0.0,0.0,0.0,0.0,100.0,UNKNOWN,1,0.0,0.0,0.0,0.0,0.0,0.0,100.0,UNKNOWN,1,9.685040473937988,IDLE,0.0
1779448311.0992022,0.0,0.0,1.0,0.0,0.0,0.0,100.0,DISARMED,1,0.0,0.0,0.0,0.0,0.0,0.0,100.0,UNKNOWN,1,0.0,0.0,0.0,0.0,0.0,0.0,100.0,UNKNOWN,1,0.0,0.0,0.0,0.0,0.0,0.0,100.0,UNKNOWN,1,0.0,0.0,0.0,0.0,0.0,0.0,100.0,UNKNOWN,1,9.685040473937988,IDLE,0.0
1779448311.1935341,0.0,0.0,1.0,0.0,0.0,0.0,100.0,DISARMED,1,0.0,0.0,0.0,0.0,0.0,0.0,100.0,UNKNOWN,1,0.0,0.0,0.0,0.0,0.0,0.0,100.0,UNKNOWN,1,0.0,0.0,0.0,0.0,0.0,0.0,100.0,UNKNOWN,1,0.0,0.0,0.0,0.0,0.0,0.0,100.0,UNKNOWN,1,9.685040473937988,IDLE,0.0
1779448311.4840946,0.0,0.0,1.0,0.0,0.0,0.0,100.0,DISARMED,1,0.0,0.0,0.0,0.0,0.0,0.0,100.0,UNKNOWN,1,0.0,0.0,0.0,0.0,0.0,0.0,100.0,UNKNOWN,1,0.0,0.0,0.0,0.0,0.0,0.0,100.0,UNKNOWN,1,0.0,0.0,0.0,0.0,0.0,0.0,100.0,UNKNOWN,1,9.685040473937988,IDLE,0.0
1779448311.494234,0.0,0.0,1.0,0.0,0.0,0.0,100.0,DISARMED,1,0.0,0.0,0.0,0.0,0.0,0.0,100.0,UNKNOWN,1,0.0,0.0,0.0,0.0,0.0,0.0,100.0,UNKNOWN,1,0.0,0.0,0.0,0.0,0.0,0.0,100.0,UNKNOWN,1,0.0,0.0,0.0,0.0,0.0,0.0,100.0,UNKNOWN,1,9.685040473937988,IDLE,0.0
1779448311.6063876,0.0,0.0,1.0,0.0,0.0,0.0,100.0,DISARMED,1,0.0,0.0,0.0,0.0,0.0,0.0,100.0,UNKNOWN,1,0.0,0.0,0.0,0.0,0.0,0.0,100.0,UNKNOWN,1,0.0,0.0,0.0,0.0,0.0,0.0,100.0,UNKNOWN,1,0.0,0.0,0.0,0.0,0.0,0.0,100.0,UNKNOWN,1,9.685040473937988,IDLE,0.0
1779448311.8080885,0.0,0.0,1.0,0.0,0.0,0.0,100.0,DISARMED,1,0.0,0.0,0.0,0.0,0.0,0.0,100.0,UNKNOWN,1,0.0,0.0,0.0,0.0,0.0,0.0,100.0,UNKNOWN,1,0.0,0.0,0.0,0.0,0.0,0.0,100.0,UNKNOWN,1,0.0,0.0,0.0,0.0,0.0,0.0,100.0,UNKNOWN,1,9.685040473937988,IDLE,0.0
1779448311.9903567,0.0,0.0,1.0,0.0,0.0,0.0,100.0,DISARMED,1,0.0,0.0,0.0,0.0,0.0,0.0,100.0,UNKNOWN,1,0.0,0.0,0.0,0.0,0.0,0.0,100.0,UNKNOWN,1,0.0,0.0,0.0,0.0,0.0,0.0,100.0,UNKNOWN,1,0.0,0.0,0.0,0.0,0.0,0.0,100.0,UNKNOWN,1,9.685040473937988,IDLE,0.0
1779448312.089897,0.0,0.0,1.0,0.0,0.0,0.0,100.0,DISARMED,1,0.0,0.0,0.0,0.0,0.0,0.0,100.0,UNKNOWN,1,0.0,0.0,0.0,0.0,0.0,0.0,100.0,UNKNOWN,1,0.0,0.0,0.0,0.0,0.0,0.0,100.0,UNKNOWN,1,0.0,0.0,0.0,0.0,0.0,0.0,100.0,UNKNOWN,1,9.685040473937988,IDLE,0.0
1779448312.4879704,0.0,0.0,1.0,0.0,0.0,0.0,100.0,DISARMED,1,0.0,0.0,0.0,0.0,0.0,0.0,100.0,UNKNOWN,1,0.0,0.0,0.0,0.0,0.0,0.0,100.0,UNKNOWN,1,0.0,0.0,0.0,0.0,0.0,0.0,100.0,UNKNOWN,1,0.0,0.0,0.0,0.0,0.0,0.0,100.0,UNKNOWN,1,9.685040473937988,IDLE,0.0
1779448312.6094189,0.0,0.0,1.0,0.0,0.0,0.0,100.0,DISARMED,1,0.0,0.0,0.0,0.0,0.0,0.0,100.0,UNKNOWN,1,0.0,0.0,0.0,0.0,0.0,0.0,100.0,UNKNOWN,1,0.0,0.0,0.0,0.0,0.0,0.0,100.0,UNKNOWN,1,0.0,0.0,0.0,0.0,0.0,0.0,100.0,UNKNOWN,1,9.685040473937988,IDLE,0.0
1779448312.738588,0.0,0.0,1.0,0.0,0.0,0.0,100.0,DISARMED,1,0.0,0.0,0.0,0.0,0.0,0.0,100.0,UNKNOWN,1,0.0,0.0,0.0,0.0,0.0,0.0,100.0,UNKNOWN,1,0.0,0.0,0.0,0.0,0.0,0.0,100.0,UNKNOWN,1,0.0,0.0,0.0,0.0,0.0,0.0,100.0,UNKNOWN,1,9.685040473937988,IDLE,0.0
1779448312.8738418,0.0,0.0,1.0,0.0,0.0,0.0,100.0,DISARMED,1,0.0,0.0,0.0,0.0,0.0,0.0,100.0,UNKNOWN,1,0.0,0.0,0.0,0.0,0.0,0.0,100.0,UNKNOWN,1,0.0,0.0,0.0,0.0,0.0,0.0,100.0,UNKNOWN,1,0.0,0.0,0.0,0.0,0.0,0.0,100.0,UNKNOWN,1,9.685040473937988,IDLE,0.0
1779448312.9634678,0.0,0.0,1.0,0.0,0.0,0.0,100.0,DISARMED,1,0.0,0.0,0.0,0.0,0.0,0.0,100.0,UNKNOWN,1,0.0,0.0,0.0,0.0,0.0,0.0,100.0,UNKNOWN,1,0.0,0.0,0.0,0.0,0.0,0.0,100.0,UNKNOWN,1,0.0,0.0,0.0,0.0,0.0,0.0,100.0,UNKNOWN,1,9.685040473937988,IDLE,0.0
1779448313.1753402,0.0,0.0,1.0,0.0,0.0,0.0,100.0,DISARMED,1,0.0,0.0,0.0,0.0,0.0,0.0,100.0,UNKNOWN,1,0.0,0.0,0.0,0.0,0.0,0.0,100.0,UNKNOWN,1,0.0,0.0,0.0,0.0,0.0,0.0,100.0,UNKNOWN,1,0.0,0.0,0.0,0.0,0.0,0.0,100.0,UNKNOWN,1,9.685040473937988,IDLE,0.0
1779448313.2329645,0.0,0.0,1.0,0.0,0.0,0.0,100.0,DISARMED,1,0.0,0.0,0.0,0.0,0.0,0.0,100.0,UNKNOWN,1,0.0,0.0,0.0,0.0,0.0,0.0,100.0,UNKNOWN,1,0.0,0.0,0.0,0.0,0.0,0.0,100.0,UNKNOWN,1,0.0,0.0,0.0,0.0,0.0,0.0,100.0,UNKNOWN,1,9.685040473937988,IDLE,0.0
1779448313.4969122,0.0,0.0,1.0,0.0,0.0,0.0,100.0,DISARMED,1,0.0,0.0,0.0,0.0,0.0,0.0,100.0,UNKNOWN,1,0.0,0.0,0.0,0.0,0.0,0.0,100.0,UNKNOWN,1,0.0,0.0,0.0,0.0,0.0,0.0,100.0,UNKNOWN,1,0.0,0.0,0.0,0.0,0.0,0.0,100.0,UNKNOWN,1,9.685040473937988,IDLE,0.0
1779448313.6131318,0.0,0.0,1.0,0.0,0.0,0.0,100.0,DISARMED,1,0.0,0.0,0.0,0.0,0.0,0.0,100.0,UNKNOWN,1,0.0,0.0,0.0,0.0,0.0,0.0,100.0,UNKNOWN,1,0.0,0.0,0.0,0.0,0.0,0.0,100.0,UNKNOWN,1,0.0,0.0,0.0,0.0,0.0,0.0,100.0,UNKNOWN,1,9.685040473937988,IDLE,0.0
1779448313.6871686,0.0,0.0,1.0,0.0,0.0,0.0,100.0,DISARMED,1,0.0,0.0,0.0,0.0,0.0,0.0,100.0,UNKNOWN,1,0.0,0.0,0.0,0.0,0.0,0.0,100.0,UNKNOWN,1,0.0,0.0,0.0,0.0,0.0,0.0,100.0,UNKNOWN,1,0.0,0.0,0.0,0.0,0.0,0.0,100.0,UNKNOWN,1,9.685040473937988,IDLE,0.0
1779448313.8303533,0.0,0.0,1.0,0.0,0.0,0.0,100.0,DISARMED,1,0.0,0.0,0.0,0.0,0.0,0.0,100.0,UNKNOWN,1,0.0,0.0,0.0,0.0,0.0,0.0,100.0,UNKNOWN,1,0.0,0.0,0.0,0.0,0.0,0.0,100.0,UNKNOWN,1,0.0,0.0,0.0,0.0,0.0,0.0,100.0,UNKNOWN,1,9.685040473937988,IDLE,0.0
1779448313.8966017,0.0,0.0,1.0,0.0,0.0,0.0,100.0,DISARMED,1,0.0,0.0,0.0,0.0,0.0,0.0,100.0,UNKNOWN,1,0.0,0.0,0.0,0.0,0.0,0.0,100.0,UNKNOWN,1,0.0,0.0,0.0,0.0,0.0,0.0,100.0,UNKNOWN,1,0.0,0.0,0.0,0.0,0.0,0.0,100.0,UNKNOWN,1,9.685040473937988,IDLE,0.0
1779448313.99608,0.0,0.0,1.0,0.0,0.0,0.0,100.0,DISARMED,1,0.0,0.0,0.0,0.0,0.0,0.0,100.0,UNKNOWN,1,0.0,0.0,0.0,0.0,0.0,0.0,100.0,UNKNOWN,1,0.0,0.0,0.0,0.0,0.0,0.0,100.0,UNKNOWN,1,0.0,0.0,0.0,0.0,0.0,0.0,100.0,UNKNOWN,1,9.685040473937988,IDLE,0.0
1779448314.1146872,0.0,0.0,1.0,0.0,0.0,0.0,100.0,DISARMED,1,0.0,0.0,0.0,0.0,0.0,0.0,100.0,UNKNOWN,1,0.0,0.0,0.0,0.0,0.0,0.0,100.0,UNKNOWN,1,0.0,0.0,0.0,0.0,0.0,0.0,100.0,UNKNOWN,1,0.0,0.0,0.0,0.0,0.0,0.0,100.0,UNKNOWN,1,9.685040473937988,IDLE,0.0
1779448314.1895757,0.0,0.0,1.0,0.0,0.0,0.0,100.0,DISARMED,1,0.0,0.0,0.0,0.0,0.0,0.0,100.0,UNKNOWN,1,0.0,0.0,0.0,0.0,0.0,0.0,100.0,UNKNOWN,1,0.0,0.0,0.0,0.0,0.0,0.0,100.0,UNKNOWN,1,0.0,0.0,0.0,0.0,0.0,0.0,100.0,UNKNOWN,1,9.685040473937988,IDLE,0.0
1779448314.500305,0.0,0.0,1.0,0.0,0.0,0.0,100.0,DISARMED,1,0.0,0.0,0.0,0.0,0.0,0.0,100.0,UNKNOWN,1,0.0,0.0,0.0,0.0,0.0,0.0,100.0,UNKNOWN,1,0.0,0.0,0.0,0.0,0.0,0.0,100.0,UNKNOWN,1,0.0,0.0,0.0,0.0,0.0,0.0,100.0,UNKNOWN,1,9.685040473937988,IDLE,0.0
1779448314.603659,0.0,0.0,1.0,0.0,0.0,0.0,100.0,DISARMED,1,0.0,0.0,0.0,0.0,0.0,0.0,100.0,UNKNOWN,1,0.0,0.0,0.0,0.0,0.0,0.0,100.0,UNKNOWN,1,0.0,0.0,0.0,0.0,0.0,0.0,100.0,UNKNOWN,1,0.0,0.0,0.0,0.0,0.0,0.0,100.0,UNKNOWN,1,9.685040473937988,IDLE,0.0
1779448314.7470982,0.0,0.0,1.0,0.0,0.0,0.0,100.0,DISARMED,1,0.0,0.0,0.0,0.0,0.0,0.0,100.0,UNKNOWN,1,0.0,0.0,0.0,0.0,0.0,0.0,100.0,UNKNOWN,1,0.0,0.0,0.0,0.0,0.0,0.0,100.0,UNKNOWN,1,0.0,0.0,0.0,0.0,0.0,0.0,100.0,UNKNOWN,1,9.685040473937988,IDLE,0.0
1779448314.7886367,0.0,0.0,1.0,0.0,0.0,0.0,100.0,DISARMED,1,0.0,0.0,0.0,0.0,0.0,0.0,100.0,UNKNOWN,1,0.0,0.0,0.0,0.0,0.0,0.0,100.0,UNKNOWN,1,0.0,0.0,0.0,0.0,0.0,0.0,100.0,UNKNOWN,1,0.0,0.0,0.0,0.0,0.0,0.0,100.0,UNKNOWN,1,9.685040473937988,IDLE,0.0
1779448314.8872457,0.0,0.0,1.0,0.0,0.0,0.0,100.0,DISARMED,1,0.0,0.0,0.0,0.0,0.0,0.0,100.0,UNKNOWN,1,0.0,0.0,0.0,0.0,0.0,0.0,100.0,UNKNOWN,1,0.0,0.0,0.0,0.0,0.0,0.0,100.0,UNKNOWN,1,0.0,0.0,0.0,0.0,0.0,0.0,100.0,UNKNOWN,1,9.685040473937988,IDLE,0.0
1779448315.0297017,0.0,0.0,1.0,0.0,0.0,0.0,100.0,DISARMED,1,0.0,0.0,0.0,0.0,0.0,0.0,100.0,UNKNOWN,1,0.0,0.0,0.0,0.0,0.0,0.0,100.0,UNKNOWN,1,0.0,0.0,0.0,0.0,0.0,0.0,100.0,UNKNOWN,1,0.0,0.0,0.0,0.0,0.0,0.0,100.0,UNKNOWN,1,9.685040473937988,IDLE,0.0
1779448315.1707172,0.0,0.0,1.0,0.0,0.0,0.0,100.0,DISARMED,1,0.0,0.0,0.0,0.0,0.0,0.0,100.0,UNKNOWN,1,0.0,0.0,0.0,0.0,0.0,0.0,100.0,UNKNOWN,1,0.0,0.0,0.0,0.0,0.0,0.0,100.0,UNKNOWN,1,0.0,0.0,0.0,0.0,0.0,0.0,100.0,UNKNOWN,1,9.685040473937988,IDLE,0.0
1779448315.1935024,0.0,0.0,1.0,0.0,0.0,0.0,100.0,DISARMED,1,0.0,0.0,0.0,0.0,0.0,0.0,100.0,UNKNOWN,1,0.0,0.0,0.0,0.0,0.0,0.0,100.0,UNKNOWN,1,0.0,0.0,0.0,0.0,0.0,0.0,100.0,UNKNOWN,1,0.0,0.0,0.0,0.0,0.0,0.0,100.0,UNKNOWN,1,9.685040473937988,IDLE,0.0
1779448315.645313,0.0,0.0,1.0,0.0,0.0,0.0,100.0,DISARMED,1,0.0,0.0,0.0,0.0,0.0,0.0,100.0,UNKNOWN,1,0.0,0.0,0.0,0.0,0.0,0.0,100.0,UNKNOWN,1,0.0,0.0,0.0,0.0,0.0,0.0,100.0,UNKNOWN,1,0.0,0.0,0.0,0.0,0.0,0.0,100.0,UNKNOWN,1,9.685040473937988,IDLE,0.0
1779448315.7441914,0.0,0.0,1.0,0.0,0.0,0.0,100.0,DISARMED,1,0.0,0.0,0.0,0.0,0.0,0.0,100.0,UNKNOWN,1,0.0,0.0,0.0,0.0,0.0,0.0,100.0,UNKNOWN,1,0.0,0.0,0.0,0.0,0.0,0.0,100.0,UNKNOWN,1,0.0,0.0,0.0,0.0,0.0,0.0,100.0,UNKNOWN,1,9.685040473937988,IDLE,0.0
1779448315.8030622,0.0,0.0,1.0,0.0,0.0,0.0,100.0,DISARMED,1,0.0,0.0,0.0,0.0,0.0,0.0,100.0,UNKNOWN,1,0.0,0.0,0.0,0.0,0.0,0.0,100.0,UNKNOWN,1,0.0,0.0,0.0,0.0,0.0,0.0,100.0,UNKNOWN,1,0.0,0.0,0.0,0.0,0.0,0.0,100.0,UNKNOWN,1,9.685040473937988,IDLE,0.0
1779448315.9174194,0.0,0.0,1.0,0.0,0.0,0.0,100.0,DISARMED,1,0.0,0.0,0.0,0.0,0.0,0.0,100.0,UNKNOWN,1,0.0,0.0,0.0,0.0,0.0,0.0,100.0,UNKNOWN,1,0.0,0.0,0.0,0.0,0.0,0.0,100.0,UNKNOWN,1,0.0,0.0,0.0,0.0,0.0,0.0,100.0,UNKNOWN,1,9.685040473937988,IDLE,0.0
1779448315.9980555,0.0,0.0,1.0,0.0,0.0,0.0,100.0,DISARMED,1,0.0,0.0,0.0,0.0,0.0,0.0,100.0,UNKNOWN,1,0.0,0.0,0.0,0.0,0.0,0.0,100.0,UNKNOWN,1,0.0,0.0,0.0,0.0,0.0,0.0,100.0,UNKNOWN,1,0.0,0.0,0.0,0.0,0.0,0.0,100.0,UNKNOWN,1,9.685040473937988,IDLE,0.0
1779448316.2002285,0.0,0.0,1.0,0.0,0.0,0.0,100.0,DISARMED,1,0.0,0.0,0.0,0.0,0.0,0.0,100.0,UNKNOWN,1,0.0,0.0,0.0,0.0,0.0,0.0,100.0,UNKNOWN,1,0.0,0.0,0.0,0.0,0.0,0.0,100.0,UNKNOWN,1,0.0,0.0,0.0,0.0,0.0,0.0,100.0,UNKNOWN,1,9.685040473937988,IDLE,0.0
1779448316.6094651,0.0,0.0,1.0,0.0,0.0,0.0,100.0,DISARMED,1,0.0,0.0,0.0,0.0,0.0,0.0,100.0,UNKNOWN,1,0.0,0.0,0.0,0.0,0.0,0.0,100.0,UNKNOWN,1,0.0,0.0,0.0,0.0,0.0,0.0,100.0,UNKNOWN,1,0.0,0.0,0.0,0.0,0.0,0.0,100.0,UNKNOWN,1,9.685040473937988,IDLE,0.0
1779448316.716717,0.0,0.0,1.0,0.0,0.0,0.0,100.0,DISARMED,1,0.0,0.0,0.0,0.0,0.0,0.0,100.0,UNKNOWN,1,0.0,0.0,0.0,0.0,0.0,0.0,100.0,UNKNOWN,1,0.0,0.0,0.0,0.0,0.0,0.0,100.0,UNKNOWN,1,0.0,0.0,0.0,0.0,0.0,0.0,100.0,UNKNOWN,1,9.685040473937988,IDLE,0.0
1779448316.8464947,0.0,0.0,1.0,0.0,0.0,0.0,100.0,DISARMED,1,0.0,0.0,0.0,0.0,0.0,0.0,100.0,UNKNOWN,1,0.0,0.0,0.0,0.0,0.0,0.0,100.0,UNKNOWN,1,0.0,0.0,0.0,0.0,0.0,0.0,100.0,UNKNOWN,1,0.0,0.0,0.0,0.0,0.0,0.0,100.0,UNKNOWN,1,9.685040473937988,IDLE,0.0
1779448316.9572043,0.0,0.0,1.0,0.0,0.0,0.0,100.0,DISARMED,1,0.0,0.0,0.0,0.0,0.0,0.0,100.0,UNKNOWN,1,0.0,0.0,0.0,0.0,0.0,0.0,100.0,UNKNOWN,1,0.0,0.0,0.0,0.0,0.0,0.0,100.0,UNKNOWN,1,0.0,0.0,0.0,0.0,0.0,0.0,100.0,UNKNOWN,1,9.685040473937988,IDLE,0.0
1779448317.080927,0.0,0.0,1.0,0.0,0.0,0.0,100.0,DISARMED,1,0.0,0.0,0.0,0.0,0.0,0.0,100.0,UNKNOWN,1,0.0,0.0,0.0,0.0,0.0,0.0,100.0,UNKNOWN,1,0.0,0.0,0.0,0.0,0.0,0.0,100.0,UNKNOWN,1,0.0,0.0,0.0,0.0,0.0,0.0,100.0,UNKNOWN,1,9.685040473937988,IDLE,0.0
1779448317.1117718,0.0,0.0,1.0,0.0,0.0,0.0,100.0,DISARMED,1,0.0,0.0,0.0,0.0,0.0,0.0,100.0,UNKNOWN,1,0.0,0.0,0.0,0.0,0.0,0.0,100.0,UNKNOWN,1,0.0,0.0,0.0,0.0,0.0,0.0,100.0,UNKNOWN,1,0.0,0.0,0.0,0.0,0.0,0.0,100.0,UNKNOWN,1,9.685040473937988,IDLE,0.0
1779448317.2004116,0.0,0.0,1.0,0.0,0.0,0.0,100.0,DISARMED,1,0.0,0.0,0.0,0.0,0.0,0.0,100.0,UNKNOWN,1,0.0,0.0,0.0,0.0,0.0,0.0,100.0,UNKNOWN,1,0.0,0.0,0.0,0.0,0.0,0.0,100.0,UNKNOWN,1,0.0,0.0,0.0,0.0,0.0,0.0,100.0,UNKNOWN,1,9.685040473937988,IDLE,0.0
1779448317.4995487,0.0,0.0,1.0,0.0,0.0,0.0,100.0,DISARMED,1,0.0,0.0,0.0,0.0,0.0,0.0,100.0,UNKNOWN,1,0.0,0.0,0.0,0.0,0.0,0.0,100.0,UNKNOWN,1,0.0,0.0,0.0,0.0,0.0,0.0,100.0,UNKNOWN,1,0.0,0.0,0.0,0.0,0.0,0.0,100.0,UNKNOWN,1,9.685040473937988,IDLE,0.0
1779448317.6041653,0.0,0.0,1.0,0.0,0.0,0.0,100.0,DISARMED,1,0.0,0.0,0.0,0.0,0.0,0.0,100.0,UNKNOWN,1,0.0,0.0,0.0,0.0,0.0,0.0,100.0,UNKNOWN,1,0.0,0.0,0.0,0.0,0.0,0.0,100.0,UNKNOWN,1,0.0,0.0,0.0,0.0,0.0,0.0,100.0,UNKNOWN,1,9.685040473937988,IDLE,0.0
1779448317.6951623,0.0,0.0,1.0,0.0,0.0,0.0,100.0,DISARMED,1,0.0,0.0,0.0,0.0,0.0,0.0,100.0,UNKNOWN,1,0.0,0.0,0.0,0.0,0.0,0.0,100.0,UNKNOWN,1,0.0,0.0,0.0,0.0,0.0,0.0,100.0,UNKNOWN,1,0.0,0.0,0.0,0.0,0.0,0.0,100.0,UNKNOWN,1,9.685040473937988,IDLE,0.0
1779448317.8123567,0.0,0.0,1.0,0.0,0.0,0.0,100.0,DISARMED,1,0.0,0.0,0.0,0.0,0.0,0.0,100.0,UNKNOWN,1,0.0,0.0,0.0,0.0,0.0,0.0,100.0,UNKNOWN,1,0.0,0.0,0.0,0.0,0.0,0.0,100.0,UNKNOWN,1,0.0,0.0,0.0,0.0,0.0,0.0,100.0,UNKNOWN,1,9.685040473937988,IDLE,0.0
1779448317.9220874,0.0,0.0,1.0,0.0,0.0,0.0,100.0,DISARMED,1,0.0,0.0,0.0,0.0,0.0,0.0,100.0,UNKNOWN,1,0.0,0.0,0.0,0.0,0.0,0.0,100.0,UNKNOWN,1,0.0,0.0,0.0,0.0,0.0,0.0,100.0,UNKNOWN,1,0.0,0.0,0.0,0.0,0.0,0.0,100.0,UNKNOWN,1,9.685040473937988,IDLE,0.0
1779448318.0183702,0.0,0.0,1.0,0.0,0.0,0.0,100.0,DISARMED,1,0.0,0.0,0.0,0.0,0.0,0.0,100.0,UNKNOWN,1,0.0,0.0,0.0,0.0,0.0,0.0,100.0,UNKNOWN,1,0.0,0.0,0.0,0.0,0.0,0.0,100.0,UNKNOWN,1,0.0,0.0,0.0,0.0,0.0,0.0,100.0,UNKNOWN,1,9.685040473937988,IDLE,0.0
1779448318.0885777,0.0,0.0,1.0,0.0,0.0,0.0,100.0,DISARMED,1,0.0,0.0,0.0,0.0,0.0,0.0,100.0,UNKNOWN,1,0.0,0.0,0.0,0.0,0.0,0.0,100.0,UNKNOWN,1,0.0,0.0,0.0,0.0,0.0,0.0,100.0,UNKNOWN,1,0.0,0.0,0.0,0.0,0.0,0.0,100.0,UNKNOWN,1,9.685040473937988,IDLE,0.0
1779448318.2434123,0.0,0.0,1.0,0.0,0.0,0.0,100.0,DISARMED,1,0.0,0.0,0.0,0.0,0.0,0.0,100.0,UNKNOWN,1,0.0,0.0,0.0,0.0,0.0,0.0,100.0,UNKNOWN,1,0.0,0.0,0.0,0.0,0.0,0.0,100.0,UNKNOWN,1,0.0,0.0,0.0,0.0,0.0,0.0,100.0,UNKNOWN,1,9.685040473937988,IDLE,0.0
1779448318.5167727,0.0,0.0,1.0,0.0,0.0,0.0,100.0,DISARMED,1,0.0,0.0,0.0,0.0,0.0,0.0,100.0,UNKNOWN,1,0.0,0.0,0.0,0.0,0.0,0.0,100.0,UNKNOWN,1,0.0,0.0,0.0,0.0,0.0,0.0,100.0,UNKNOWN,1,0.0,0.0,0.0,0.0,0.0,0.0,100.0,UNKNOWN,1,9.685040473937988,IDLE,0.0
1779448318.7055066,0.0,0.0,1.0,0.0,0.0,0.0,100.0,DISARMED,1,0.0,0.0,0.0,0.0,0.0,0.0,100.0,UNKNOWN,1,0.0,0.0,0.0,0.0,0.0,0.0,100.0,UNKNOWN,1,0.0,0.0,0.0,0.0,0.0,0.0,100.0,UNKNOWN,1,0.0,0.0,0.0,0.0,0.0,0.0,100.0,UNKNOWN,1,9.685040473937988,IDLE,0.0
1779448318.7963963,0.0,0.0,1.0,0.0,0.0,0.0,100.0,DISARMED,1,0.0,0.0,0.0,0.0,0.0,0.0,100.0,UNKNOWN,1,0.0,0.0,0.0,0.0,0.0,0.0,100.0,UNKNOWN,1,0.0,0.0,0.0,0.0,0.0,0.0,100.0,UNKNOWN,1,0.0,0.0,0.0,0.0,0.0,0.0,100.0,UNKNOWN,1,9.685040473937988,IDLE,0.0
1779448318.9072585,0.0,0.0,1.0,0.0,0.0,0.0,100.0,DISARMED,1,0.0,0.0,0.0,0.0,0.0,0.0,100.0,UNKNOWN,1,0.0,0.0,0.0,0.0,0.0,0.0,100.0,UNKNOWN,1,0.0,0.0,0.0,0.0,0.0,0.0,100.0,UNKNOWN,1,0.0,0.0,0.0,0.0,0.0,0.0,100.0,UNKNOWN,1,9.685040473937988,IDLE,0.0
1779448319.0094812,0.0,0.0,1.0,0.0,0.0,0.0,100.0,DISARMED,1,0.0,0.0,0.0,0.0,0.0,0.0,100.0,UNKNOWN,1,0.0,0.0,0.0,0.0,0.0,0.0,100.0,UNKNOWN,1,0.0,0.0,0.0,0.0,0.0,0.0,100.0,UNKNOWN,1,0.0,0.0,0.0,0.0,0.0,0.0,100.0,UNKNOWN,1,9.685040473937988,IDLE,0.0
1779448319.1267455,0.0,0.0,1.0,0.0,0.0,0.0,100.0,DISARMED,1,0.0,0.0,0.0,0.0,0.0,0.0,100.0,UNKNOWN,1,0.0,0.0,0.0,0.0,0.0,0.0,100.0,UNKNOWN,1,0.0,0.0,0.0,0.0,0.0,0.0,100.0,UNKNOWN,1,0.0,0.0,0.0,0.0,0.0,0.0,100.0,UNKNOWN,1,9.685040473937988,IDLE,0.0
1779448319.1945536,0.0,0.0,1.0,0.0,0.0,0.0,100.0,DISARMED,1,0.0,0.0,0.0,0.0,0.0,0.0,100.0,UNKNOWN,1,0.0,0.0,0.0,0.0,0.0,0.0,100.0,UNKNOWN,1,0.0,0.0,0.0,0.0,0.0,0.0,100.0,UNKNOWN,1,0.0,0.0,0.0,0.0,0.0,0.0,100.0,UNKNOWN,1,9.685040473937988,IDLE,0.0
1779448319.7127087,0.0,0.0,1.0,0.0,0.0,0.0,100.0,DISARMED,1,0.0,0.0,0.0,0.0,0.0,0.0,100.0,UNKNOWN,1,0.0,0.0,0.0,0.0,0.0,0.0,100.0,UNKNOWN,1,0.0,0.0,0.0,0.0,0.0,0.0,100.0,UNKNOWN,1,0.0,0.0,0.0,0.0,0.0,0.0,100.0,UNKNOWN,1,9.685040473937988,IDLE,0.0
1779448319.8052332,0.0,0.0,1.0,0.0,0.0,0.0,100.0,DISARMED,1,0.0,0.0,0.0,0.0,0.0,0.0,100.0,UNKNOWN,1,0.0,0.0,0.0,0.0,0.0,0.0,100.0,UNKNOWN,1,0.0,0.0,0.0,0.0,0.0,0.0,100.0,UNKNOWN,1,0.0,0.0,0.0,0.0,0.0,0.0,100.0,UNKNOWN,1,9.685040473937988,IDLE,0.0
1779448319.898739,0.0,0.0,1.0,0.0,0.0,0.0,100.0,DISARMED,1,0.0,0.0,0.0,0.0,0.0,0.0,100.0,UNKNOWN,1,0.0,0.0,0.0,0.0,0.0,0.0,100.0,UNKNOWN,1,0.0,0.0,0.0,0.0,0.0,0.0,100.0,UNKNOWN,1,0.0,0.0,0.0,0.0,0.0,0.0,100.0,UNKNOWN,1,9.685040473937988,IDLE,0.0
1779448320.0062008,0.0,0.0,1.0,0.0,0.0,0.0,100.0,DISARMED,1,0.0,0.0,0.0,0.0,0.0,0.0,100.0,UNKNOWN,1,0.0,0.0,0.0,0.0,0.0,0.0,100.0,UNKNOWN,1,0.0,0.0,0.0,0.0,0.0,0.0,100.0,UNKNOWN,1,0.0,0.0,0.0,0.0,0.0,0.0,100.0,UNKNOWN,1,9.685040473937988,IDLE,0.0
1779448320.0905235,0.0,0.0,1.0,0.0,0.0,0.0,100.0,DISARMED,1,0.0,0.0,0.0,0.0,0.0,0.0,100.0,UNKNOWN,1,0.0,0.0,0.0,0.0,0.0,0.0,100.0,UNKNOWN,1,0.0,0.0,0.0,0.0,0.0,0.0,100.0,UNKNOWN,1,0.0,0.0,0.0,0.0,0.0,0.0,100.0,UNKNOWN,1,9.685040473937988,IDLE,0.0
1779448320.1951303,0.0,0.0,1.0,0.0,0.0,0.0,100.0,DISARMED,1,0.0,0.0,0.0,0.0,0.0,0.0,100.0,UNKNOWN,1,0.0,0.0,0.0,0.0,0.0,0.0,100.0,UNKNOWN,1,0.0,0.0,0.0,0.0,0.0,0.0,100.0,UNKNOWN,1,0.0,0.0,0.0,0.0,0.0,0.0,100.0,UNKNOWN,1,9.685040473937988,IDLE,0.0
1779448320.692378,0.0,0.0,1.0,0.0,0.0,0.0,100.0,DISARMED,1,0.0,0.0,0.0,0.0,0.0,0.0,100.0,UNKNOWN,1,0.0,0.0,0.0,0.0,0.0,0.0,100.0,UNKNOWN,1,0.0,0.0,0.0,0.0,0.0,0.0,100.0,UNKNOWN,1,0.0,0.0,0.0,0.0,0.0,0.0,100.0,UNKNOWN,1,9.685040473937988,IDLE,0.0
1779448320.7967913,0.0,0.0,1.0,0.0,0.0,0.0,100.0,DISARMED,1,0.0,0.0,0.0,0.0,0.0,0.0,100.0,UNKNOWN,1,0.0,0.0,0.0,0.0,0.0,0.0,100.0,UNKNOWN,1,0.0,0.0,0.0,0.0,0.0,0.0,100.0,UNKNOWN,1,0.0,0.0,0.0,0.0,0.0,0.0,100.0,UNKNOWN,1,9.685040473937988,IDLE,0.0
1779448320.8995306,0.0,0.0,1.0,0.0,0.0,0.0,100.0,DISARMED,1,0.0,0.0,0.0,0.0,0.0,0.0,100.0,UNKNOWN,1,0.0,0.0,0.0,0.0,0.0,0.0,100.0,UNKNOWN,1,0.0,0.0,0.0,0.0,0.0,0.0,100.0,UNKNOWN,1,0.0,0.0,0.0,0.0,0.0,0.0,100.0,UNKNOWN,1,9.685040473937988,IDLE,0.0
1779448321.0940313,0.0,0.0,1.0,0.0,0.0,0.0,100.0,DISARMED,1,0.0,0.0,0.0,0.0,0.0,0.0,100.0,UNKNOWN,1,0.0,0.0,0.0,0.0,0.0,0.0,100.0,UNKNOWN,1,0.0,0.0,0.0,0.0,0.0,0.0,100.0,UNKNOWN,1,0.0,0.0,0.0,0.0,0.0,0.0,100.0,UNKNOWN,1,9.685040473937988,IDLE,0.0
1779448321.1278665,0.0,0.0,1.0,0.0,0.0,0.0,100.0,DISARMED,1,0.0,0.0,0.0,0.0,0.0,0.0,100.0,UNKNOWN,1,0.0,0.0,0.0,0.0,0.0,0.0,100.0,UNKNOWN,1,0.0,0.0,0.0,0.0,0.0,0.0,100.0,UNKNOWN,1,0.0,0.0,0.0,0.0,0.0,0.0,100.0,UNKNOWN,1,9.685040473937988,IDLE,0.0
1779448321.2375796,0.0,0.0,1.0,0.0,0.0,0.0,100.0,DISARMED,1,0.0,0.0,0.0,0.0,0.0,0.0,100.0,UNKNOWN,1,0.0,0.0,0.0,0.0,0.0,0.0,100.0,UNKNOWN,1,0.0,0.0,0.0,0.0,0.0,0.0,100.0,UNKNOWN,1,0.0,0.0,0.0,0.0,0.0,0.0,100.0,UNKNOWN,1,9.685040473937988,IDLE,0.0
1779448321.7388356,0.0,0.0,1.0,0.0,0.0,0.0,100.0,DISARMED,1,0.0,0.0,0.0,0.0,0.0,0.0,100.0,UNKNOWN,1,0.0,0.0,0.0,0.0,0.0,0.0,100.0,UNKNOWN,1,0.0,0.0,0.0,0.0,0.0,0.0,100.0,UNKNOWN,1,0.0,0.0,0.0,0.0,0.0,0.0,100.0,UNKNOWN,1,9.685040473937988,IDLE,0.0
1779448321.873548,0.0,0.0,1.0,0.0,0.0,0.0,100.0,DISARMED,1,0.0,0.0,0.0,0.0,0.0,0.0,100.0,UNKNOWN,1,0.0,0.0,0.0,0.0,0.0,0.0,100.0,UNKNOWN,1,0.0,0.0,0.0,0.0,0.0,0.0,100.0,UNKNOWN,1,0.0,0.0,0.0,0.0,0.0,0.0,100.0,UNKNOWN,1,9.685040473937988,IDLE,0.0
1779448321.9058738,0.0,0.0,1.0,0.0,0.0,0.0,100.0,DISARMED,1,0.0,0.0,0.0,0.0,0.0,0.0,100.0,UNKNOWN,1,0.0,0.0,0.0,0.0,0.0,0.0,100.0,UNKNOWN,1,0.0,0.0,0.0,0.0,0.0,0.0,100.0,UNKNOWN,1,0.0,0.0,0.0,0.0,0.0,0.0,100.0,UNKNOWN,1,9.685040473937988,IDLE,0.0
1779448322.0087068,0.0,0.0,1.0,0.0,0.0,0.0,100.0,DISARMED,1,0.0,0.0,0.0,0.0,0.0,0.0,100.0,UNKNOWN,1,0.0,0.0,0.0,0.0,0.0,0.0,100.0,UNKNOWN,1,0.0,0.0,0.0,0.0,0.0,0.0,100.0,UNKNOWN,1,0.0,0.0,0.0,0.0,0.0,0.0,100.0,UNKNOWN,1,9.685040473937988,IDLE,0.0
1779448322.121908,0.0,0.0,1.0,0.0,0.0,0.0,100.0,DISARMED,1,0.0,0.0,0.0,0.0,0.0,0.0,100.0,UNKNOWN,1,0.0,0.0,0.0,0.0,0.0,0.0,100.0,UNKNOWN,1,0.0,0.0,0.0,0.0,0.0,0.0,100.0,UNKNOWN,1,0.0,0.0,0.0,0.0,0.0,0.0,100.0,UNKNOWN,1,9.685040473937988,IDLE,0.0
1779448322.2033799,0.0,0.0,1.0,0.0,0.0,0.0,100.0,DISARMED,1,0.0,0.0,0.0,0.0,0.0,0.0,100.0,UNKNOWN,1,0.0,0.0,0.0,0.0,0.0,0.0,100.0,UNKNOWN,1,0.0,0.0,0.0,0.0,0.0,0.0,100.0,UNKNOWN,1,0.0,0.0,0.0,0.0,0.0,0.0,100.0,UNKNOWN,1,9.685040473937988,IDLE,0.0
1779448322.4473712,0.0,0.0,1.0,0.0,0.0,0.0,100.0,DISARMED,1,0.0,0.0,0.0,0.0,0.0,0.0,100.0,UNKNOWN,1,0.0,0.0,0.0,0.0,0.0,0.0,100.0,UNKNOWN,1,0.0,0.0,0.0,0.0,0.0,0.0,100.0,UNKNOWN,1,0.0,0.0,0.0,0.0,0.0,0.0,100.0,UNKNOWN,1,9.685040473937988,IDLE,0.0
1779448322.5710208,0.0,0.0,1.0,0.0,0.0,0.0,100.0,DISARMED,1,0.0,0.0,0.0,0.0,0.0,0.0,100.0,UNKNOWN,1,0.0,0.0,0.0,0.0,0.0,0.0,100.0,UNKNOWN,1,0.0,0.0,0.0,0.0,0.0,0.0,100.0,UNKNOWN,1,0.0,0.0,0.0,0.0,0.0,0.0,100.0,UNKNOWN,1,9.685040473937988,IDLE,0.0
1779448322.6835659,0.0,0.0,1.0,0.0,0.0,0.0,100.0,DISARMED,1,0.0,0.0,0.0,0.0,0.0,0.0,100.0,UNKNOWN,1,0.0,0.0,0.0,0.0,0.0,0.0,100.0,UNKNOWN,1,0.0,0.0,0.0,0.0,0.0,0.0,100.0,UNKNOWN,1,0.0,0.0,0.0,0.0,0.0,0.0,100.0,UNKNOWN,1,9.685040473937988,IDLE,0.0
1779448322.7193983,0.0,0.0,1.0,0.0,0.0,0.0,100.0,DISARMED,1,0.0,0.0,0.0,0.0,0.0,0.0,100.0,UNKNOWN,1,0.0,0.0,0.0,0.0,0.0,0.0,100.0,UNKNOWN,1,0.0,0.0,0.0,0.0,0.0,0.0,100.0,UNKNOWN,1,0.0,0.0,0.0,0.0,0.0,0.0,100.0,UNKNOWN,1,9.685040473937988,IDLE,0.0
1779448322.9600792,0.0,0.0,1.0,0.0,0.0,0.0,100.0,DISARMED,1,0.0,0.0,0.0,0.0,0.0,0.0,100.0,UNKNOWN,1,0.0,0.0,0.0,0.0,0.0,0.0,100.0,UNKNOWN,1,0.0,0.0,0.0,0.0,0.0,0.0,100.0,UNKNOWN,1,0.0,0.0,0.0,0.0,0.0,0.0,100.0,UNKNOWN,1,9.685040473937988,IDLE,0.0
1779448322.9941664,0.0,0.0,1.0,0.0,0.0,0.0,100.0,DISARMED,1,0.0,0.0,0.0,0.0,0.0,0.0,100.0,UNKNOWN,1,0.0,0.0,0.0,0.0,0.0,0.0,100.0,UNKNOWN,1,0.0,0.0,0.0,0.0,0.0,0.0,100.0,UNKNOWN,1,0.0,0.0,0.0,0.0,0.0,0.0,100.0,UNKNOWN,1,9.685040473937988,IDLE,0.0
1779448323.181468,0.0,0.0,1.0,0.0,0.0,0.0,100.0,DISARMED,1,0.0,0.0,0.0,0.0,0.0,0.0,100.0,UNKNOWN,1,0.0,0.0,0.0,0.0,0.0,0.0,100.0,UNKNOWN,1,0.0,0.0,0.0,0.0,0.0,0.0,100.0,UNKNOWN,1,0.0,0.0,0.0,0.0,0.0,0.0,100.0,UNKNOWN,1,9.685040473937988,IDLE,0.0
1779448323.292167,0.0,0.0,1.0,0.0,0.0,0.0,100.0,DISARMED,1,0.0,0.0,0.0,0.0,0.0,0.0,100.0,UNKNOWN,1,0.0,0.0,0.0,0.0,0.0,0.0,100.0,UNKNOWN,1,0.0,0.0,0.0,0.0,0.0,0.0,100.0,UNKNOWN,1,0.0,0.0,0.0,0.0,0.0,0.0,100.0,UNKNOWN,1,9.685040473937988,IDLE,0.0
1779448323.70141,0.0,0.0,1.0,0.0,0.0,0.0,100.0,DISARMED,1,0.0,0.0,0.0,0.0,0.0,0.0,100.0,UNKNOWN,1,0.0,0.0,0.0,0.0,0.0,0.0,100.0,UNKNOWN,1,0.0,0.0,0.0,0.0,0.0,0.0,100.0,UNKNOWN,1,0.0,0.0,0.0,0.0,0.0,0.0,100.0,UNKNOWN,1,9.685040473937988,IDLE,0.0
1779448323.7890322,0.0,0.0,1.0,0.0,0.0,0.0,100.0,DISARMED,1,0.0,0.0,0.0,0.0,0.0,0.0,100.0,UNKNOWN,1,0.0,0.0,0.0,0.0,0.0,0.0,100.0,UNKNOWN,1,0.0,0.0,0.0,0.0,0.0,0.0,100.0,UNKNOWN,1,0.0,0.0,0.0,0.0,0.0,0.0,100.0,UNKNOWN,1,9.685040473937988,IDLE,0.0
1779448323.9128282,0.0,0.0,1.0,0.0,0.0,0.0,100.0,DISARMED,1,0.0,0.0,0.0,0.0,0.0,0.0,100.0,UNKNOWN,1,0.0,0.0,0.0,0.0,0.0,0.0,100.0,UNKNOWN,1,0.0,0.0,0.0,0.0,0.0,0.0,100.0,UNKNOWN,1,0.0,0.0,0.0,0.0,0.0,0.0,100.0,UNKNOWN,1,9.685040473937988,IDLE,0.0
1779448324.0727403,0.0,0.0,1.0,0.0,0.0,0.0,100.0,DISARMED,1,0.0,0.0,0.0,0.0,0.0,0.0,100.0,UNKNOWN,1,0.0,0.0,0.0,0.0,0.0,0.0,100.0,UNKNOWN,1,0.0,0.0,0.0,0.0,0.0,0.0,100.0,UNKNOWN,1,0.0,0.0,0.0,0.0,0.0,0.0,100.0,UNKNOWN,1,9.685040473937988,IDLE,0.0
1779448324.090387,0.0,0.0,1.0,0.0,0.0,0.0,100.0,DISARMED,1,0.0,0.0,0.0,0.0,0.0,0.0,100.0,UNKNOWN,1,0.0,0.0,0.0,0.0,0.0,0.0,100.0,UNKNOWN,1,0.0,0.0,0.0,0.0,0.0,0.0,100.0,UNKNOWN,1,0.0,0.0,0.0,0.0,0.0,0.0,100.0,UNKNOWN,1,9.685040473937988,IDLE,0.0
1779448324.235382,0.0,0.0,1.0,0.0,0.0,0.0,100.0,DISARMED,1,0.0,0.0,0.0,0.0,0.0,0.0,100.0,UNKNOWN,1,0.0,0.0,0.0,0.0,0.0,0.0,100.0,UNKNOWN,1,0.0,0.0,0.0,0.0,0.0,0.0,100.0,UNKNOWN,1,0.0,0.0,0.0,0.0,0.0,0.0,100.0,UNKNOWN,1,9.685040473937988,IDLE,0.0
1779448324.6131544,0.0,0.0,1.0,0.0,0.0,0.0,100.0,DISARMED,1,0.0,0.0,0.0,0.0,0.0,0.0,100.0,UNKNOWN,1,0.0,0.0,0.0,0.0,0.0,0.0,100.0,UNKNOWN,1,0.0,0.0,0.0,0.0,0.0,0.0,100.0,UNKNOWN,1,0.0,0.0,0.0,0.0,0.0,0.0,100.0,UNKNOWN,1,9.685040473937988,IDLE,0.0
1779448324.8082025,0.0,0.0,1.0,0.0,0.0,0.0,100.0,DISARMED,1,0.0,0.0,0.0,0.0,0.0,0.0,100.0,UNKNOWN,1,0.0,0.0,0.0,0.0,0.0,0.0,100.0,UNKNOWN,1,0.0,0.0,0.0,0.0,0.0,0.0,100.0,UNKNOWN,1,0.0,0.0,0.0,0.0,0.0,0.0,100.0,UNKNOWN,1,9.685040473937988,IDLE,0.0
1779448324.9175146,0.0,0.0,1.0,0.0,0.0,0.0,100.0,DISARMED,1,0.0,0.0,0.0,0.0,0.0,0.0,100.0,UNKNOWN,1,0.0,0.0,0.0,0.0,0.0,0.0,100.0,UNKNOWN,1,0.0,0.0,0.0,0.0,0.0,0.0,100.0,UNKNOWN,1,0.0,0.0,0.0,0.0,0.0,0.0,100.0,UNKNOWN,1,9.685040473937988,IDLE,0.0
1779448325.0533185,0.0,0.0,1.0,0.0,0.0,0.0,100.0,DISARMED,1,0.0,0.0,0.0,0.0,0.0,0.0,100.0,UNKNOWN,1,0.0,0.0,0.0,0.0,0.0,0.0,100.0,UNKNOWN,1,0.0,0.0,0.0,0.0,0.0,0.0,100.0,UNKNOWN,1,0.0,0.0,0.0,0.0,0.0,0.0,100.0,UNKNOWN,1,9.685040473937988,IDLE,0.0
1779448325.2506962,0.0,0.0,1.0,0.0,0.0,0.0,100.0,DISARMED,1,0.0,0.0,0.0,0.0,0.0,0.0,100.0,UNKNOWN,1,0.0,0.0,0.0,0.0,0.0,0.0,100.0,UNKNOWN,1,0.0,0.0,0.0,0.0,0.0,0.0,100.0,UNKNOWN,1,0.0,0.0,0.0,0.0,0.0,0.0,100.0,UNKNOWN,1,9.685040473937988,IDLE,0.0
1779448325.5674078,0.0,0.0,1.0,0.0,0.0,0.0,100.0,DISARMED,1,0.0,0.0,0.0,0.0,0.0,0.0,100.0,UNKNOWN,1,0.0,0.0,0.0,0.0,0.0,0.0,100.0,UNKNOWN,1,0.0,0.0,0.0,0.0,0.0,0.0,100.0,UNKNOWN,1,0.0,0.0,0.0,0.0,0.0,0.0,100.0,UNKNOWN,1,9.685040473937988,IDLE,0.0
1779448325.7169755,0.0,0.0,1.0,0.0,0.0,0.0,100.0,DISARMED,1,0.0,0.0,0.0,0.0,0.0,0.0,100.0,UNKNOWN,1,0.0,0.0,0.0,0.0,0.0,0.0,100.0,UNKNOWN,1,0.0,0.0,0.0,0.0,0.0,0.0,100.0,UNKNOWN,1,0.0,0.0,0.0,0.0,0.0,0.0,100.0,UNKNOWN,1,9.685040473937988,IDLE,0.0
1779448325.796889,0.0,0.0,1.0,0.0,0.0,0.0,100.0,DISARMED,1,0.0,0.0,0.0,0.0,0.0,0.0,100.0,UNKNOWN,1,0.0,0.0,0.0,0.0,0.0,0.0,100.0,UNKNOWN,1,0.0,0.0,0.0,0.0,0.0,0.0,100.0,UNKNOWN,1,0.0,0.0,0.0,0.0,0.0,0.0,100.0,UNKNOWN,1,9.685040473937988,IDLE,0.0
1779448325.9752574,0.0,0.0,1.0,0.0,0.0,0.0,100.0,DISARMED,1,0.0,0.0,0.0,0.0,0.0,0.0,100.0,UNKNOWN,1,0.0,0.0,0.0,0.0,0.0,0.0,100.0,UNKNOWN,1,0.0,0.0,0.0,0.0,0.0,0.0,100.0,UNKNOWN,1,0.0,0.0,0.0,0.0,0.0,0.0,100.0,UNKNOWN,1,9.685040473937988,IDLE,0.0
1779448326.1033056,0.0,0.0,1.0,0.0,0.0,0.0,100.0,DISARMED,1,0.0,0.0,0.0,0.0,0.0,0.0,100.0,UNKNOWN,1,0.0,0.0,0.0,0.0,0.0,0.0,100.0,UNKNOWN,1,0.0,0.0,0.0,0.0,0.0,0.0,100.0,UNKNOWN,1,0.0,0.0,0.0,0.0,0.0,0.0,100.0,UNKNOWN,1,9.685040473937988,IDLE,0.0
1779448326.275806,0.0,0.0,1.0,0.0,0.0,0.0,100.0,DISARMED,1,0.0,0.0,0.0,0.0,0.0,0.0,100.0,UNKNOWN,1,0.0,0.0,0.0,0.0,0.0,0.0,100.0,UNKNOWN,1,0.0,0.0,0.0,0.0,0.0,0.0,100.0,UNKNOWN,1,0.0,0.0,0.0,0.0,0.0,0.0,100.0,UNKNOWN,1,9.685040473937988,IDLE,0.0
1779448326.5143163,0.0,0.0,1.0,0.0,0.0,0.0,100.0,DISARMED,1,0.0,0.0,0.0,0.0,0.0,0.0,100.0,UNKNOWN,1,0.0,0.0,0.0,0.0,0.0,0.0,100.0,UNKNOWN,1,0.0,0.0,0.0,0.0,0.0,0.0,100.0,UNKNOWN,1,0.0,0.0,0.0,0.0,0.0,0.0,100.0,UNKNOWN,1,9.685040473937988,IDLE,0.0
1779448326.5973012,0.0,0.0,1.0,0.0,0.0,0.0,100.0,DISARMED,1,0.0,0.0,0.0,0.0,0.0,0.0,100.0,UNKNOWN,1,0.0,0.0,0.0,0.0,0.0,0.0,100.0,UNKNOWN,1,0.0,0.0,0.0,0.0,0.0,0.0,100.0,UNKNOWN,1,0.0,0.0,0.0,0.0,0.0,0.0,100.0,UNKNOWN,1,9.685040473937988,IDLE,0.0
1779448326.8566377,0.0,0.0,1.0,0.0,0.0,0.0,100.0,DISARMED,1,0.0,0.0,0.0,0.0,0.0,0.0,100.0,UNKNOWN,1,0.0,0.0,0.0,0.0,0.0,0.0,100.0,UNKNOWN,1,0.0,0.0,0.0,0.0,0.0,0.0,100.0,UNKNOWN,1,0.0,0.0,0.0,0.0,0.0,0.0,100.0,UNKNOWN,1,9.685040473937988,IDLE,0.0
1779448327.006047,0.0,0.0,1.0,0.0,0.0,0.0,100.0,DISARMED,1,0.0,0.0,0.0,0.0,0.0,0.0,100.0,UNKNOWN,1,0.0,0.0,0.0,0.0,0.0,0.0,100.0,UNKNOWN,1,0.0,0.0,0.0,0.0,0.0,0.0,100.0,UNKNOWN,1,0.0,0.0,0.0,0.0,0.0,0.0,100.0,UNKNOWN,1,9.685040473937988,IDLE,0.0
1779448327.2691307,0.0,0.0,1.0,0.0,0.0,0.0,100.0,DISARMED,1,0.0,0.0,0.0,0.0,0.0,0.0,100.0,UNKNOWN,1,0.0,0.0,0.0,0.0,0.0,0.0,100.0,UNKNOWN,1,0.0,0.0,0.0,0.0,0.0,0.0,100.0,UNKNOWN,1,0.0,0.0,0.0,0.0,0.0,0.0,100.0,UNKNOWN,1,9.685040473937988,IDLE,0.0
1779448327.6855423,0.0,0.0,1.0,0.0,0.0,0.0,100.0,DISARMED,1,0.0,0.0,0.0,0.0,0.0,0.0,100.0,UNKNOWN,1,0.0,0.0,0.0,0.0,0.0,0.0,100.0,UNKNOWN,1,0.0,0.0,0.0,0.0,0.0,0.0,100.0,UNKNOWN,1,0.0,0.0,0.0,0.0,0.0,0.0,100.0,UNKNOWN,1,9.685040473937988,IDLE,0.0
1779448327.826071,0.0,0.0,1.0,0.0,0.0,0.0,100.0,DISARMED,1,0.0,0.0,0.0,0.0,0.0,0.0,100.0,UNKNOWN,1,0.0,0.0,0.0,0.0,0.0,0.0,100.0,UNKNOWN,1,0.0,0.0,0.0,0.0,0.0,0.0,100.0,UNKNOWN,1,0.0,0.0,0.0,0.0,0.0,0.0,100.0,UNKNOWN,1,9.685040473937988,IDLE,0.0
1779448327.9135616,0.0,0.0,1.0,0.0,0.0,0.0,100.0,DISARMED,1,0.0,0.0,0.0,0.0,0.0,0.0,100.0,UNKNOWN,1,0.0,0.0,0.0,0.0,0.0,0.0,100.0,UNKNOWN,1,0.0,0.0,0.0,0.0,0.0,0.0,100.0,UNKNOWN,1,0.0,0.0,0.0,0.0,0.0,0.0,100.0,UNKNOWN,1,9.685040473937988,IDLE,0.0
1779448328.0754018,0.0,0.0,1.0,0.0,0.0,0.0,100.0,DISARMED,1,0.0,0.0,0.0,0.0,0.0,0.0,100.0,UNKNOWN,1,0.0,0.0,0.0,0.0,0.0,0.0,100.0,UNKNOWN,1,0.0,0.0,0.0,0.0,0.0,0.0,100.0,UNKNOWN,1,0.0,0.0,0.0,0.0,0.0,0.0,100.0,UNKNOWN,1,9.685040473937988,IDLE,0.0
1779448328.1734118,0.0,0.0,1.0,0.0,0.0,0.0,100.0,DISARMED,1,0.0,0.0,0.0,0.0,0.0,0.0,100.0,UNKNOWN,1,0.0,0.0,0.0,0.0,0.0,0.0,100.0,UNKNOWN,1,0.0,0.0,0.0,0.0,0.0,0.0,100.0,UNKNOWN,1,0.0,0.0,0.0,0.0,0.0,0.0,100.0,UNKNOWN,1,9.685040473937988,IDLE,0.0
1779448328.233355,0.0,0.0,1.0,0.0,0.0,0.0,100.0,DISARMED,1,0.0,0.0,0.0,0.0,0.0,0.0,100.0,UNKNOWN,1,0.0,0.0,0.0,0.0,0.0,0.0,100.0,UNKNOWN,1,0.0,0.0,0.0,0.0,0.0,0.0,100.0,UNKNOWN,1,0.0,0.0,0.0,0.0,0.0,0.0,100.0,UNKNOWN,1,9.685040473937988,IDLE,0.0
1779448328.8602622,0.0,0.0,1.0,0.0,0.0,0.0,100.0,DISARMED,1,0.0,0.0,0.0,0.0,0.0,0.0,100.0,UNKNOWN,1,0.0,0.0,0.0,0.0,0.0,0.0,100.0,UNKNOWN,1,0.0,0.0,0.0,0.0,0.0,0.0,100.0,UNKNOWN,1,0.0,0.0,0.0,0.0,0.0,0.0,100.0,UNKNOWN,1,9.685040473937988,IDLE,0.0
1779448328.9781444,0.0,0.0,1.0,0.0,0.0,0.0,100.0,DISARMED,1,0.0,0.0,0.0,0.0,0.0,0.0,100.0,UNKNOWN,1,0.0,0.0,0.0,0.0,0.0,0.0,100.0,UNKNOWN,1,0.0,0.0,0.0,0.0,0.0,0.0,100.0,UNKNOWN,1,0.0,0.0,0.0,0.0,0.0,0.0,100.0,UNKNOWN,1,9.685040473937988,IDLE,0.0
1779448329.068755,0.0,0.0,1.0,0.0,0.0,0.0,100.0,DISARMED,1,0.0,0.0,0.0,0.0,0.0,0.0,100.0,UNKNOWN,1,0.0,0.0,0.0,0.0,0.0,0.0,100.0,UNKNOWN,1,0.0,0.0,0.0,0.0,0.0,0.0,100.0,UNKNOWN,1,0.0,0.0,0.0,0.0,0.0,0.0,100.0,UNKNOWN,1,9.685040473937988,IDLE,0.0
1779448329.1678786,0.0,0.0,1.0,0.0,0.0,0.0,100.0,DISARMED,1,0.0,0.0,0.0,0.0,0.0,0.0,100.0,UNKNOWN,1,0.0,0.0,0.0,0.0,0.0,0.0,100.0,UNKNOWN,1,0.0,0.0,0.0,0.0,0.0,0.0,100.0,UNKNOWN,1,0.0,0.0,0.0,0.0,0.0,0.0,100.0,UNKNOWN,1,9.685040473937988,IDLE,0.0
1779448329.225793,0.0,0.0,1.0,0.0,0.0,0.0,100.0,DISARMED,1,0.0,0.0,0.0,0.0,0.0,0.0,100.0,UNKNOWN,1,0.0,0.0,0.0,0.0,0.0,0.0,100.0,UNKNOWN,1,0.0,0.0,0.0,0.0,0.0,0.0,100.0,UNKNOWN,1,0.0,0.0,0.0,0.0,0.0,0.0,100.0,UNKNOWN,1,9.685040473937988,IDLE,0.0
1779448329.4396174,0.0,0.0,1.0,0.0,0.0,0.0,100.0,DISARMED,1,0.0,0.0,0.0,0.0,0.0,0.0,100.0,UNKNOWN,1,0.0,0.0,0.0,0.0,0.0,0.0,100.0,UNKNOWN,1,0.0,0.0,0.0,0.0,0.0,0.0,100.0,UNKNOWN,1,0.0,0.0,0.0,0.0,0.0,0.0,100.0,UNKNOWN,1,9.685040473937988,IDLE,0.0
1779448329.4902844,0.0,0.0,1.0,0.0,0.0,0.0,100.0,DISARMED,1,0.0,0.0,0.0,0.0,0.0,0.0,100.0,UNKNOWN,1,0.0,0.0,0.0,0.0,0.0,0.0,100.0,UNKNOWN,1,0.0,0.0,0.0,0.0,0.0,0.0,100.0,UNKNOWN,1,0.0,0.0,0.0,0.0,0.0,0.0,100.0,UNKNOWN,1,9.685040473937988,IDLE,0.0
1779448329.6275249,0.0,0.0,1.0,0.0,0.0,0.0,100.0,DISARMED,1,0.0,0.0,0.0,0.0,0.0,0.0,100.0,UNKNOWN,1,0.0,0.0,0.0,0.0,0.0,0.0,100.0,UNKNOWN,1,0.0,0.0,0.0,0.0,0.0,0.0,100.0,UNKNOWN,1,0.0,0.0,0.0,0.0,0.0,0.0,100.0,UNKNOWN,1,9.685040473937988,IDLE,0.0
1779448329.6883907,0.0,0.0,1.0,0.0,0.0,0.0,100.0,DISARMED,1,0.0,0.0,0.0,0.0,0.0,0.0,100.0,UNKNOWN,1,0.0,0.0,0.0,0.0,0.0,0.0,100.0,UNKNOWN,1,0.0,0.0,0.0,0.0,0.0,0.0,100.0,UNKNOWN,1,0.0,0.0,0.0,0.0,0.0,0.0,100.0,UNKNOWN,1,9.685040473937988,IDLE,0.0
1779448329.8029065,0.0,0.0,1.0,0.0,0.0,0.0,100.0,DISARMED,1,0.0,0.0,0.0,0.0,0.0,0.0,100.0,UNKNOWN,1,0.0,0.0,0.0,0.0,0.0,0.0,100.0,UNKNOWN,1,0.0,0.0,0.0,0.0,0.0,0.0,100.0,UNKNOWN,1,0.0,0.0,0.0,0.0,0.0,0.0,100.0,UNKNOWN,1,9.685040473937988,IDLE,0.0
1779448329.9161744,0.0,0.0,1.0,0.0,0.0,0.0,100.0,DISARMED,1,0.0,0.0,0.0,0.0,0.0,0.0,100.0,UNKNOWN,1,0.0,0.0,0.0,0.0,0.0,0.0,100.0,UNKNOWN,1,0.0,0.0,0.0,0.0,0.0,0.0,100.0,UNKNOWN,1,0.0,0.0,0.0,0.0,0.0,0.0,100.0,UNKNOWN,1,9.685040473937988,IDLE,0.0
1779448329.9954462,0.0,0.0,1.0,0.0,0.0,0.0,100.0,DISARMED,1,0.0,0.0,0.0,0.0,0.0,0.0,100.0,UNKNOWN,1,0.0,0.0,0.0,0.0,0.0,0.0,100.0,UNKNOWN,1,0.0,0.0,0.0,0.0,0.0,0.0,100.0,UNKNOWN,1,0.0,0.0,0.0,0.0,0.0,0.0,100.0,UNKNOWN,1,9.685040473937988,IDLE,0.0
1779448330.166223,0.0,0.0,1.0,0.0,0.0,0.0,100.0,DISARMED,1,0.0,0.0,0.0,0.0,0.0,0.0,100.0,UNKNOWN,1,0.0,0.0,0.0,0.0,0.0,0.0,100.0,UNKNOWN,1,0.0,0.0,0.0,0.0,0.0,0.0,100.0,UNKNOWN,1,0.0,0.0,0.0,0.0,0.0,0.0,100.0,UNKNOWN,1,9.685040473937988,IDLE,0.0
1779448330.2401285,0.0,0.0,1.0,0.0,0.0,0.0,100.0,DISARMED,1,0.0,0.0,0.0,0.0,0.0,0.0,100.0,UNKNOWN,1,0.0,0.0,0.0,0.0,0.0,0.0,100.0,UNKNOWN,1,0.0,0.0,0.0,0.0,0.0,0.0,100.0,UNKNOWN,1,0.0,0.0,0.0,0.0,0.0,0.0,100.0,UNKNOWN,1,9.685040473937988,IDLE,0.0
1779448330.425263,0.0,0.0,1.0,0.0,0.0,0.0,100.0,DISARMED,1,0.0,0.0,0.0,0.0,0.0,0.0,100.0,UNKNOWN,1,0.0,0.0,0.0,0.0,0.0,0.0,100.0,UNKNOWN,1,0.0,0.0,0.0,0.0,0.0,0.0,100.0,UNKNOWN,1,0.0,0.0,0.0,0.0,0.0,0.0,100.0,UNKNOWN,1,9.685040473937988,IDLE,0.0
1779448330.552704,0.0,0.0,1.0,0.0,0.0,0.0,100.0,DISARMED,1,0.0,0.0,0.0,0.0,0.0,0.0,100.0,UNKNOWN,1,0.0,0.0,0.0,0.0,0.0,0.0,100.0,UNKNOWN,1,0.0,0.0,0.0,0.0,0.0,0.0,100.0,UNKNOWN,1,0.0,0.0,0.0,0.0,0.0,0.0,100.0,UNKNOWN,1,9.685040473937988,IDLE,0.0
1779448330.6706111,0.0,0.0,1.0,0.0,0.0,0.0,100.0,DISARMED,1,0.0,0.0,0.0,0.0,0.0,0.0,100.0,UNKNOWN,1,0.0,0.0,0.0,0.0,0.0,0.0,100.0,UNKNOWN,1,0.0,0.0,0.0,0.0,0.0,0.0,100.0,UNKNOWN,1,0.0,0.0,0.0,0.0,0.0,0.0,100.0,UNKNOWN,1,9.685040473937988,IDLE,0.0
1779448330.7128212,0.0,0.0,1.0,0.0,0.0,0.0,100.0,DISARMED,1,0.0,0.0,0.0,0.0,0.0,0.0,100.0,UNKNOWN,1,0.0,0.0,0.0,0.0,0.0,0.0,100.0,UNKNOWN,1,0.0,0.0,0.0,0.0,0.0,0.0,100.0,UNKNOWN,1,0.0,0.0,0.0,0.0,0.0,0.0,100.0,UNKNOWN,1,9.685040473937988,IDLE,0.0
1779448330.805419,0.0,0.0,1.0,0.0,0.0,0.0,100.0,DISARMED,1,0.0,0.0,0.0,0.0,0.0,0.0,100.0,UNKNOWN,1,0.0,0.0,0.0,0.0,0.0,0.0,100.0,UNKNOWN,1,0.0,0.0,0.0,0.0,0.0,0.0,100.0,UNKNOWN,1,0.0,0.0,0.0,0.0,0.0,0.0,100.0,UNKNOWN,1,9.685040473937988,IDLE,0.0
1779448330.9068894,0.0,0.0,1.0,0.0,0.0,0.0,100.0,DISARMED,1,0.0,0.0,0.0,0.0,0.0,0.0,100.0,UNKNOWN,1,0.0,0.0,0.0,0.0,0.0,0.0,100.0,UNKNOWN,1,0.0,0.0,0.0,0.0,0.0,0.0,100.0,UNKNOWN,1,0.0,0.0,0.0,0.0,0.0,0.0,100.0,UNKNOWN,1,9.685040473937988,IDLE,0.0
1779448331.0224936,0.0,0.0,1.0,0.0,0.0,0.0,100.0,DISARMED,1,0.0,0.0,0.0,0.0,0.0,0.0,100.0,UNKNOWN,1,0.0,0.0,0.0,0.0,0.0,0.0,100.0,UNKNOWN,1,0.0,0.0,0.0,0.0,0.0,0.0,100.0,UNKNOWN,1,0.0,0.0,0.0,0.0,0.0,0.0,100.0,UNKNOWN,1,9.685040473937988,IDLE,0.0
1779448331.1900368,0.0,0.0,1.0,0.0,0.0,0.0,100.0,DISARMED,1,0.0,0.0,0.0,0.0,0.0,0.0,100.0,UNKNOWN,1,0.0,0.0,0.0,0.0,0.0,0.0,100.0,UNKNOWN,1,0.0,0.0,0.0,0.0,0.0,0.0,100.0,UNKNOWN,1,0.0,0.0,0.0,0.0,0.0,0.0,100.0,UNKNOWN,1,9.685040473937988,IDLE,0.0
1779448432.072311,0.0,0.0,1.0,0.0,0.0,0.0,100.0,DISARMED,1,0.0,0.0,0.0,0.0,0.0,0.0,100.0,UNKNOWN,1,0.0,0.0,0.0,0.0,0.0,0.0,100.0,UNKNOWN,1,0.0,0.0,0.0,0.0,0.0,0.0,100.0,UNKNOWN,1,0.0,0.0,0.0,0.0,0.0,0.0,100.0,UNKNOWN,1,9.685040473937988,IDLE,0.0
1779448432.194503,0.0,0.0,1.0,0.0,0.0,0.0,100.0,DISARMED,1,0.0,0.0,0.0,0.0,0.0,0.0,100.0,UNKNOWN,1,0.0,0.0,0.0,0.0,0.0,0.0,100.0,UNKNOWN,1,0.0,0.0,0.0,0.0,0.0,0.0,100.0,UNKNOWN,1,0.0,0.0,0.0,0.0,0.0,0.0,100.0,UNKNOWN,1,9.685040473937988,IDLE,0.0
1779448432.6549227,0.0,0.0,1.0,0.0,0.0,0.0,100.0,DISARMED,1,0.0,0.0,0.0,0.0,0.0,0.0,100.0,UNKNOWN,1,0.0,0.0,0.0,0.0,0.0,0.0,100.0,UNKNOWN,1,0.0,0.0,0.0,0.0,0.0,0.0,100.0,UNKNOWN,1,0.0,0.0,0.0,0.0,0.0,0.0,100.0,UNKNOWN,1,9.685040473937988,IDLE,0.0
1779448432.9116638,0.0,0.0,1.0,0.0,0.0,0.0,100.0,DISARMED,1,0.0,0.0,0.0,0.0,0.0,0.0,100.0,UNKNOWN,1,0.0,0.0,0.0,0.0,0.0,0.0,100.0,UNKNOWN,1,0.0,0.0,0.0,0.0,0.0,0.0,100.0,UNKNOWN,1,0.0,0.0,0.0,0.0,0.0,0.0,100.0,UNKNOWN,1,9.685040473937988,IDLE,0.0
1779448433.217319,0.0,0.0,1.0,0.0,0.0,0.0,100.0,DISARMED,1,0.0,0.0,0.0,0.0,0.0,0.0,100.0,UNKNOWN,1,0.0,0.0,0.0,0.0,0.0,0.0,100.0,UNKNOWN,1,0.0,0.0,0.0,0.0,0.0,0.0,100.0,UNKNOWN,1,0.0,0.0,0.0,0.0,0.0,0.0,100.0,UNKNOWN,1,9.685040473937988,IDLE,0.0
1779448433.7601686,0.0,0.0,1.0,0.0,0.0,0.0,100.0,DISARMED,1,0.0,0.0,0.0,0.0,0.0,0.0,100.0,UNKNOWN,1,0.0,0.0,0.0,0.0,0.0,0.0,100.0,UNKNOWN,1,0.0,0.0,0.0,0.0,0.0,0.0,100.0,UNKNOWN,1,0.0,0.0,0.0,0.0,0.0,0.0,100.0,UNKNOWN,1,9.685040473937988,IDLE,0.0
1779448433.9092686,0.0,0.0,1.0,0.0,0.0,0.0,100.0,DISARMED,1,0.0,0.0,0.0,0.0,0.0,0.0,100.0,UNKNOWN,1,0.0,0.0,0.0,0.0,0.0,0.0,100.0,UNKNOWN,1,0.0,0.0,0.0,0.0,0.0,0.0,100.0,UNKNOWN,1,0.0,0.0,0.0,0.0,0.0,0.0,100.0,UNKNOWN,1,9.685040473937988,IDLE,0.0
1779448434.019366,0.0,0.0,1.0,0.0,0.0,0.0,100.0,DISARMED,1,0.0,0.0,0.0,0.0,0.0,0.0,100.0,UNKNOWN,1,0.0,0.0,0.0,0.0,0.0,0.0,100.0,UNKNOWN,1,0.0,0.0,0.0,0.0,0.0,0.0,100.0,UNKNOWN,1,0.0,0.0,0.0,0.0,0.0,0.0,100.0,UNKNOWN,1,9.685040473937988,IDLE,0.0
1779448434.5369835,0.0,0.0,1.0,0.0,0.0,0.0,100.0,DISARMED,1,0.0,0.0,0.0,0.0,0.0,0.0,100.0,UNKNOWN,1,0.0,0.0,0.0,0.0,0.0,0.0,100.0,UNKNOWN,1,0.0,0.0,0.0,0.0,0.0,0.0,100.0,UNKNOWN,1,0.0,0.0,0.0,0.0,0.0,0.0,100.0,UNKNOWN,1,9.685040473937988,IDLE,0.0
1779448434.8869662,0.0,0.0,1.0,0.0,0.0,0.0,100.0,DISARMED,1,0.0,0.0,0.0,0.0,0.0,0.0,100.0,UNKNOWN,1,0.0,0.0,0.0,0.0,0.0,0.0,100.0,UNKNOWN,1,0.0,0.0,0.0,0.0,0.0,0.0,100.0,UNKNOWN,1,0.0,0.0,0.0,0.0,0.0,0.0,100.0,UNKNOWN,1,9.685040473937988,IDLE,0.0
1779448435.0156748,0.0,0.0,1.0,0.0,0.0,0.0,100.0,DISARMED,1,0.0,0.0,0.0,0.0,0.0,0.0,100.0,UNKNOWN,1,0.0,0.0,0.0,0.0,0.0,0.0,100.0,UNKNOWN,1,0.0,0.0,0.0,0.0,0.0,0.0,100.0,UNKNOWN,1,0.0,0.0,0.0,0.0,0.0,0.0,100.0,UNKNOWN,1,9.685040473937988,IDLE,0.0
1779448435.0988028,0.0,0.0,1.0,0.0,0.0,0.0,100.0,DISARMED,1,0.0,0.0,0.0,0.0,0.0,0.0,100.0,UNKNOWN,1,0.0,0.0,0.0,0.0,0.0,0.0,100.0,UNKNOWN,1,0.0,0.0,0.0,0.0,0.0,0.0,100.0,UNKNOWN,1,0.0,0.0,0.0,0.0,0.0,0.0,100.0,UNKNOWN,1,9.685040473937988,IDLE,0.0
1779448435.2624319,0.0,0.0,1.0,0.0,0.0,0.0,100.0,DISARMED,1,0.0,0.0,0.0,0.0,0.0,0.0,100.0,UNKNOWN,1,0.0,0.0,0.0,0.0,0.0,0.0,100.0,UNKNOWN,1,0.0,0.0,0.0,0.0,0.0,0.0,100.0,UNKNOWN,1,0.0,0.0,0.0,0.0,0.0,0.0,100.0,UNKNOWN,1,9.685040473937988,IDLE,0.0
1779448435.5892828,0.0,0.0,1.0,0.0,0.0,0.0,100.0,DISARMED,1,0.0,0.0,0.0,0.0,0.0,0.0,100.0,UNKNOWN,1,0.0,0.0,0.0,0.0,0.0,0.0,100.0,UNKNOWN,1,0.0,0.0,0.0,0.0,0.0,0.0,100.0,UNKNOWN,1,0.0,0.0,0.0,0.0,0.0,0.0,100.0,UNKNOWN,1,9.685040473937988,IDLE,0.0
1779448435.732571,0.0,0.0,1.0,0.0,0.0,0.0,100.0,DISARMED,1,0.0,0.0,0.0,0.0,0.0,0.0,100.0,UNKNOWN,1,0.0,0.0,0.0,0.0,0.0,0.0,100.0,UNKNOWN,1,0.0,0.0,0.0,0.0,0.0,0.0,100.0,UNKNOWN,1,0.0,0.0,0.0,0.0,0.0,0.0,100.0,UNKNOWN,1,9.685040473937988,IDLE,0.0
1779448435.8043365,0.0,0.0,1.0,0.0,0.0,0.0,100.0,DISARMED,1,0.0,0.0,0.0,0.0,0.0,0.0,100.0,UNKNOWN,1,0.0,0.0,0.0,0.0,0.0,0.0,100.0,UNKNOWN,1,0.0,0.0,0.0,0.0,0.0,0.0,100.0,UNKNOWN,1,0.0,0.0,0.0,0.0,0.0,0.0,100.0,UNKNOWN,1,9.685040473937988,IDLE,0.0
1779448435.8924477,0.0,0.0,1.0,0.0,0.0,0.0,100.0,DISARMED,1,0.0,0.0,0.0,0.0,0.0,0.0,100.0,UNKNOWN,1,0.0,0.0,0.0,0.0,0.0,0.0,100.0,UNKNOWN,1,0.0,0.0,0.0,0.0,0.0,0.0,100.0,UNKNOWN,1,0.0,0.0,0.0,0.0,0.0,0.0,100.0,UNKNOWN,1,9.685040473937988,IDLE,0.0
1779448436.1976664,0.0,0.0,1.0,0.0,0.0,0.0,100.0,DISARMED,1,0.0,0.0,0.0,0.0,0.0,0.0,100.0,UNKNOWN,1,0.0,0.0,0.0,0.0,0.0,0.0,100.0,UNKNOWN,1,0.0,0.0,0.0,0.0,0.0,0.0,100.0,UNKNOWN,1,0.0,0.0,0.0,0.0,0.0,0.0,100.0,UNKNOWN,1,9.685040473937988,IDLE,0.0
1779448436.580075,0.0,0.0,1.0,0.0,0.0,0.0,100.0,DISARMED,1,0.0,0.0,0.0,0.0,0.0,0.0,100.0,UNKNOWN,1,0.0,0.0,0.0,0.0,0.0,0.0,100.0,UNKNOWN,1,0.0,0.0,0.0,0.0,0.0,0.0,100.0,UNKNOWN,1,0.0,0.0,0.0,0.0,0.0,0.0,100.0,UNKNOWN,1,9.685040473937988,IDLE,0.0
1779448436.6541245,0.0,0.0,1.0,0.0,0.0,0.0,100.0,DISARMED,1,0.0,0.0,0.0,0.0,0.0,0.0,100.0,UNKNOWN,1,0.0,0.0,0.0,0.0,0.0,0.0,100.0,UNKNOWN,1,0.0,0.0,0.0,0.0,0.0,0.0,100.0,UNKNOWN,1,0.0,0.0,0.0,0.0,0.0,0.0,100.0,UNKNOWN,1,9.685040473937988,IDLE,0.0
1779448436.7296631,0.0,0.0,1.0,0.0,0.0,0.0,100.0,DISARMED,1,0.0,0.0,0.0,0.0,0.0,0.0,100.0,UNKNOWN,1,0.0,0.0,0.0,0.0,0.0,0.0,100.0,UNKNOWN,1,0.0,0.0,0.0,0.0,0.0,0.0,100.0,UNKNOWN,1,0.0,0.0,0.0,0.0,0.0,0.0,100.0,UNKNOWN,1,9.685040473937988,IDLE,0.0
1779448436.8027413,0.0,0.0,1.0,0.0,0.0,0.0,100.0,DISARMED,1,0.0,0.0,0.0,0.0,0.0,0.0,100.0,UNKNOWN,1,0.0,0.0,0.0,0.0,0.0,0.0,100.0,UNKNOWN,1,0.0,0.0,0.0,0.0,0.0,0.0,100.0,UNKNOWN,1,0.0,0.0,0.0,0.0,0.0,0.0,100.0,UNKNOWN,1,9.685040473937988,IDLE,0.0
1779448436.9053376,0.0,0.0,1.0,0.0,0.0,0.0,100.0,DISARMED,1,0.0,0.0,0.0,0.0,0.0,0.0,100.0,UNKNOWN,1,0.0,0.0,0.0,0.0,0.0,0.0,100.0,UNKNOWN,1,0.0,0.0,0.0,0.0,0.0,0.0,100.0,UNKNOWN,1,0.0,0.0,0.0,0.0,0.0,0.0,100.0,UNKNOWN,1,9.685040473937988,IDLE,0.0
1779448436.9926457,0.0,0.0,1.0,0.0,0.0,0.0,100.0,DISARMED,1,0.0,0.0,0.0,0.0,0.0,0.0,100.0,UNKNOWN,1,0.0,0.0,0.0,0.0,0.0,0.0,100.0,UNKNOWN,1,0.0,0.0,0.0,0.0,0.0,0.0,100.0,UNKNOWN,1,0.0,0.0,0.0,0.0,0.0,0.0,100.0,UNKNOWN,1,9.685040473937988,IDLE,0.0
1779448437.1225739,0.0,0.0,1.0,0.0,0.0,0.0,100.0,DISARMED,1,0.0,0.0,0.0,0.0,0.0,0.0,100.0,UNKNOWN,1,0.0,0.0,0.0,0.0,0.0,0.0,100.0,UNKNOWN,1,0.0,0.0,0.0,0.0,0.0,0.0,100.0,UNKNOWN,1,0.0,0.0,0.0,0.0,0.0,0.0,100.0,UNKNOWN,1,9.685040473937988,IDLE,0.0
1779448437.2021873,0.0,0.0,1.0,0.0,0.0,0.0,100.0,DISARMED,1,0.0,0.0,0.0,0.0,0.0,0.0,100.0,UNKNOWN,1,0.0,0.0,0.0,0.0,0.0,0.0,100.0,UNKNOWN,1,0.0,0.0,0.0,0.0,0.0,0.0,100.0,UNKNOWN,1,0.0,0.0,0.0,0.0,0.0,0.0,100.0,UNKNOWN,1,9.685040473937988,IDLE,0.0
1779448437.56739,0.0,0.0,1.0,0.0,0.0,0.0,100.0,DISARMED,1,0.0,0.0,0.0,0.0,0.0,0.0,100.0,UNKNOWN,1,0.0,0.0,0.0,0.0,0.0,0.0,100.0,UNKNOWN,1,0.0,0.0,0.0,0.0,0.0,0.0,100.0,UNKNOWN,1,0.0,0.0,0.0,0.0,0.0,0.0,100.0,UNKNOWN,1,9.685040473937988,IDLE,0.0
1779448438.2941525,0.0,0.0,1.0,0.0,0.0,0.0,100.0,DISARMED,1,0.0,0.0,0.0,0.0,0.0,0.0,100.0,UNKNOWN,1,0.0,0.0,0.0,0.0,0.0,0.0,100.0,UNKNOWN,1,0.0,0.0,0.0,0.0,0.0,0.0,100.0,UNKNOWN,1,0.0,0.0,0.0,0.0,0.0,0.0,100.0,UNKNOWN,1,9.685040473937988,IDLE,0.0
1779448438.6094294,0.0,0.0,1.0,0.0,0.0,0.0,100.0,DISARMED,1,0.0,0.0,0.0,0.0,0.0,0.0,100.0,UNKNOWN,1,0.0,0.0,0.0,0.0,0.0,0.0,100.0,UNKNOWN,1,0.0,0.0,0.0,0.0,0.0,0.0,100.0,UNKNOWN,1,0.0,0.0,0.0,0.0,0.0,0.0,100.0,UNKNOWN,1,9.685040473937988,IDLE,0.0
1779448438.8098762,0.0,0.0,1.0,0.0,0.0,0.0,100.0,DISARMED,1,0.0,0.0,0.0,0.0,0.0,0.0,100.0,UNKNOWN,1,0.0,0.0,0.0,0.0,0.0,0.0,100.0,UNKNOWN,1,0.0,0.0,0.0,0.0,0.0,0.0,100.0,UNKNOWN,1,0.0,0.0,0.0,0.0,0.0,0.0,100.0,UNKNOWN,1,9.685040473937988,IDLE,0.0
1779448438.9080052,0.0,0.0,1.0,0.0,0.0,0.0,100.0,DISARMED,1,0.0,0.0,0.0,0.0,0.0,0.0,100.0,UNKNOWN,1,0.0,0.0,0.0,0.0,0.0,0.0,100.0,UNKNOWN,1,0.0,0.0,0.0,0.0,0.0,0.0,100.0,UNKNOWN,1,0.0,0.0,0.0,0.0,0.0,0.0,100.0,UNKNOWN,1,9.685040473937988,IDLE,0.0
1779448439.0706458,0.0,0.0,1.0,0.0,0.0,0.0,100.0,DISARMED,1,0.0,0.0,0.0,0.0,0.0,0.0,100.0,UNKNOWN,1,0.0,0.0,0.0,0.0,0.0,0.0,100.0,UNKNOWN,1,0.0,0.0,0.0,0.0,0.0,0.0,100.0,UNKNOWN,1,0.0,0.0,0.0,0.0,0.0,0.0,100.0,UNKNOWN,1,9.685040473937988,IDLE,0.0
1779448439.2840383,0.0,0.0,1.0,0.0,0.0,0.0,100.0,DISARMED,1,0.0,0.0,0.0,0.0,0.0,0.0,100.0,UNKNOWN,1,0.0,0.0,0.0,0.0,0.0,0.0,100.0,UNKNOWN,1,0.0,0.0,0.0,0.0,0.0,0.0,100.0,UNKNOWN,1,0.0,0.0,0.0,0.0,0.0,0.0,100.0,UNKNOWN,1,9.685040473937988,IDLE,0.0
1779448439.5465722,0.0,0.0,1.0,0.0,0.0,0.0,100.0,DISARMED,1,0.0,0.0,0.0,0.0,0.0,0.0,100.0,UNKNOWN,1,0.0,0.0,0.0,0.0,0.0,0.0,100.0,UNKNOWN,1,0.0,0.0,0.0,0.0,0.0,0.0,100.0,UNKNOWN,1,0.0,0.0,0.0,0.0,0.0,0.0,100.0,UNKNOWN,1,9.685040473937988,IDLE,0.0
1779448439.6187012,0.0,0.0,1.0,0.0,0.0,0.0,100.0,DISARMED,1,0.0,0.0,0.0,0.0,0.0,0.0,100.0,UNKNOWN,1,0.0,0.0,0.0,0.0,0.0,0.0,100.0,UNKNOWN,1,0.0,0.0,0.0,0.0,0.0,0.0,100.0,UNKNOWN,1,0.0,0.0,0.0,0.0,0.0,0.0,100.0,UNKNOWN,1,9.685040473937988,IDLE,0.0
1779448439.7891283,0.0,0.0,1.0,0.0,0.0,0.0,100.0,DISARMED,1,0.0,0.0,0.0,0.0,0.0,0.0,100.0,UNKNOWN,1,0.0,0.0,0.0,0.0,0.0,0.0,100.0,UNKNOWN,1,0.0,0.0,0.0,0.0,0.0,0.0,100.0,UNKNOWN,1,0.0,0.0,0.0,0.0,0.0,0.0,100.0,UNKNOWN,1,9.685040473937988,IDLE,0.0
1779448439.9124203,0.0,0.0,1.0,0.0,0.0,0.0,100.0,DISARMED,1,0.0,0.0,0.0,0.0,0.0,0.0,100.0,UNKNOWN,1,0.0,0.0,0.0,0.0,0.0,0.0,100.0,UNKNOWN,1,0.0,0.0,0.0,0.0,0.0,0.0,100.0,UNKNOWN,1,0.0,0.0,0.0,0.0,0.0,0.0,100.0,UNKNOWN,1,9.685040473937988,IDLE,0.0
1779448440.0174577,0.0,0.0,1.0,0.0,0.0,0.0,100.0,DISARMED,1,0.0,0.0,0.0,0.0,0.0,0.0,100.0,UNKNOWN,1,0.0,0.0,0.0,0.0,0.0,0.0,100.0,UNKNOWN,1,0.0,0.0,0.0,0.0,0.0,0.0,100.0,UNKNOWN,1,0.0,0.0,0.0,0.0,0.0,0.0,100.0,UNKNOWN,1,9.685040473937988,IDLE,0.0
1779448440.114309,0.0,0.0,1.0,0.0,0.0,0.0,100.0,DISARMED,1,0.0,0.0,0.0,0.0,0.0,0.0,100.0,UNKNOWN,1,0.0,0.0,0.0,0.0,0.0,0.0,100.0,UNKNOWN,1,0.0,0.0,0.0,0.0,0.0,0.0,100.0,UNKNOWN,1,0.0,0.0,0.0,0.0,0.0,0.0,100.0,UNKNOWN,1,9.685040473937988,IDLE,0.0
1779448440.2016954,0.0,0.0,1.0,0.0,0.0,0.0,100.0,DISARMED,1,0.0,0.0,0.0,0.0,0.0,0.0,100.0,UNKNOWN,1,0.0,0.0,0.0,0.0,0.0,0.0,100.0,UNKNOWN,1,0.0,0.0,0.0,0.0,0.0,0.0,100.0,UNKNOWN,1,0.0,0.0,0.0,0.0,0.0,0.0,100.0,UNKNOWN,1,9.685040473937988,IDLE,0.0
1779448440.4865963,0.0,0.0,1.0,0.0,0.0,0.0,100.0,DISARMED,1,0.0,0.0,0.0,0.0,0.0,0.0,100.0,UNKNOWN,1,0.0,0.0,0.0,0.0,0.0,0.0,100.0,UNKNOWN,1,0.0,0.0,0.0,0.0,0.0,0.0,100.0,UNKNOWN,1,0.0,0.0,0.0,0.0,0.0,0.0,100.0,UNKNOWN,1,9.685040473937988,IDLE,0.0
1779448440.7282407,0.0,0.0,1.0,0.0,0.0,0.0,100.0,DISARMED,1,0.0,0.0,0.0,0.0,0.0,0.0,100.0,UNKNOWN,1,0.0,0.0,0.0,0.0,0.0,0.0,100.0,UNKNOWN,1,0.0,0.0,0.0,0.0,0.0,0.0,100.0,UNKNOWN,1,0.0,0.0,0.0,0.0,0.0,0.0,100.0,UNKNOWN,1,9.685040473937988,IDLE,0.0
1779448440.9095566,0.0,0.0,1.0,0.0,0.0,0.0,100.0,DISARMED,1,0.0,0.0,0.0,0.0,0.0,0.0,100.0,UNKNOWN,1,0.0,0.0,0.0,0.0,0.0,0.0,100.0,UNKNOWN,1,0.0,0.0,0.0,0.0,0.0,0.0,100.0,UNKNOWN,1,0.0,0.0,0.0,0.0,0.0,0.0,100.0,UNKNOWN,1,9.685040473937988,IDLE,0.0
1779448441.0606263,0.0,0.0,1.0,0.0,0.0,0.0,100.0,DISARMED,1,0.0,0.0,0.0,0.0,0.0,0.0,100.0,UNKNOWN,1,0.0,0.0,0.0,0.0,0.0,0.0,100.0,UNKNOWN,1,0.0,0.0,0.0,0.0,0.0,0.0,100.0,UNKNOWN,1,0.0,0.0,0.0,0.0,0.0,0.0,100.0,UNKNOWN,1,9.685040473937988,IDLE,0.0
1779448441.1227705,0.0,0.0,1.0,0.0,0.0,0.0,100.0,DISARMED,1,0.0,0.0,0.0,0.0,0.0,0.0,100.0,UNKNOWN,1,0.0,0.0,0.0,0.0,0.0,0.0,100.0,UNKNOWN,1,0.0,0.0,0.0,0.0,0.0,0.0,100.0,UNKNOWN,1,0.0,0.0,0.0,0.0,0.0,0.0,100.0,UNKNOWN,1,9.685040473937988,IDLE,0.0
1779448441.2831886,0.0,0.0,1.0,0.0,0.0,0.0,100.0,DISARMED,1,0.0,0.0,0.0,0.0,0.0,0.0,100.0,UNKNOWN,1,0.0,0.0,0.0,0.0,0.0,0.0,100.0,UNKNOWN,1,0.0,0.0,0.0,0.0,0.0,0.0,100.0,UNKNOWN,1,0.0,0.0,0.0,0.0,0.0,0.0,100.0,UNKNOWN,1,9.685040473937988,IDLE,0.0
1779448441.6163902,0.0,0.0,1.0,0.0,0.0,0.0,100.0,DISARMED,1,0.0,0.0,0.0,0.0,0.0,0.0,100.0,UNKNOWN,1,0.0,0.0,0.0,0.0,0.0,0.0,100.0,UNKNOWN,1,0.0,0.0,0.0,0.0,0.0,0.0,100.0,UNKNOWN,1,0.0,0.0,0.0,0.0,0.0,0.0,100.0,UNKNOWN,1,9.685040473937988,IDLE,0.0
1779448441.735015,0.0,0.0,1.0,0.0,0.0,0.0,100.0,DISARMED,1,0.0,0.0,0.0,0.0,0.0,0.0,100.0,UNKNOWN,1,0.0,0.0,0.0,0.0,0.0,0.0,100.0,UNKNOWN,1,0.0,0.0,0.0,0.0,0.0,0.0,100.0,UNKNOWN,1,0.0,0.0,0.0,0.0,0.0,0.0,100.0,UNKNOWN,1,9.685040473937988,IDLE,0.0
1779448441.9232755,0.0,0.0,1.0,0.0,0.0,0.0,100.0,DISARMED,1,0.0,0.0,0.0,0.0,0.0,0.0,100.0,UNKNOWN,1,0.0,0.0,0.0,0.0,0.0,0.0,100.0,UNKNOWN,1,0.0,0.0,0.0,0.0,0.0,0.0,100.0,UNKNOWN,1,0.0,0.0,0.0,0.0,0.0,0.0,100.0,UNKNOWN,1,9.685040473937988,IDLE,0.0
1779448442.1054792,0.0,0.0,1.0,0.0,0.0,0.0,100.0,DISARMED,1,0.0,0.0,0.0,0.0,0.0,0.0,100.0,UNKNOWN,1,0.0,0.0,0.0,0.0,0.0,0.0,100.0,UNKNOWN,1,0.0,0.0,0.0,0.0,0.0,0.0,100.0,UNKNOWN,1,0.0,0.0,0.0,0.0,0.0,0.0,100.0,UNKNOWN,1,9.685040473937988,IDLE,0.0
1779448442.192956,0.0,0.0,1.0,0.0,0.0,0.0,100.0,DISARMED,1,0.0,0.0,0.0,0.0,0.0,0.0,100.0,UNKNOWN,1,0.0,0.0,0.0,0.0,0.0,0.0,100.0,UNKNOWN,1,0.0,0.0,0.0,0.0,0.0,0.0,100.0,UNKNOWN,1,0.0,0.0,0.0,0.0,0.0,0.0,100.0,UNKNOWN,1,9.685040473937988,IDLE,0.0
1779448442.5874202,0.0,0.0,1.0,0.0,0.0,0.0,100.0,DISARMED,1,0.0,0.0,0.0,0.0,0.0,0.0,100.0,UNKNOWN,1,0.0,0.0,0.0,0.0,0.0,0.0,100.0,UNKNOWN,1,0.0,0.0,0.0,0.0,0.0,0.0,100.0,UNKNOWN,1,0.0,0.0,0.0,0.0,0.0,0.0,100.0,UNKNOWN,1,9.685040473937988,IDLE,0.0
1779448442.75124,0.0,0.0,1.0,0.0,0.0,0.0,100.0,DISARMED,1,0.0,0.0,0.0,0.0,0.0,0.0,100.0,UNKNOWN,1,0.0,0.0,0.0,0.0,0.0,0.0,100.0,UNKNOWN,1,0.0,0.0,0.0,0.0,0.0,0.0,100.0,UNKNOWN,1,0.0,0.0,0.0,0.0,0.0,0.0,100.0,UNKNOWN,1,9.685040473937988,IDLE,0.0
1779448442.8480039,0.0,0.0,1.0,0.0,0.0,0.0,100.0,DISARMED,1,0.0,0.0,0.0,0.0,0.0,0.0,100.0,UNKNOWN,1,0.0,0.0,0.0,0.0,0.0,0.0,100.0,UNKNOWN,1,0.0,0.0,0.0,0.0,0.0,0.0,100.0,UNKNOWN,1,0.0,0.0,0.0,0.0,0.0,0.0,100.0,UNKNOWN,1,9.685040473937988,IDLE,0.0
1779448442.897654,0.0,0.0,1.0,0.0,0.0,0.0,100.0,DISARMED,1,0.0,0.0,0.0,0.0,0.0,0.0,100.0,UNKNOWN,1,0.0,0.0,0.0,0.0,0.0,0.0,100.0,UNKNOWN,1,0.0,0.0,0.0,0.0,0.0,0.0,100.0,UNKNOWN,1,0.0,0.0,0.0,0.0,0.0,0.0,100.0,UNKNOWN,1,9.685040473937988,IDLE,0.0
1779448443.0652623,0.0,0.0,1.0,0.0,0.0,0.0,100.0,DISARMED,1,0.0,0.0,0.0,0.0,0.0,0.0,100.0,UNKNOWN,1,0.0,0.0,0.0,0.0,0.0,0.0,100.0,UNKNOWN,1,0.0,0.0,0.0,0.0,0.0,0.0,100.0,UNKNOWN,1,0.0,0.0,0.0,0.0,0.0,0.0,100.0,UNKNOWN,1,9.685040473937988,IDLE,0.0
1779448443.1186466,0.0,0.0,1.0,0.0,0.0,0.0,100.0,DISARMED,1,0.0,0.0,0.0,0.0,0.0,0.0,100.0,UNKNOWN,1,0.0,0.0,0.0,0.0,0.0,0.0,100.0,UNKNOWN,1,0.0,0.0,0.0,0.0,0.0,0.0,100.0,UNKNOWN,1,0.0,0.0,0.0,0.0,0.0,0.0,100.0,UNKNOWN,1,9.685040473937988,IDLE,0.0
1779448443.199795,0.0,0.0,1.0,0.0,0.0,0.0,100.0,DISARMED,1,0.0,0.0,0.0,0.0,0.0,0.0,100.0,UNKNOWN,1,0.0,0.0,0.0,0.0,0.0,0.0,100.0,UNKNOWN,1,0.0,0.0,0.0,0.0,0.0,0.0,100.0,UNKNOWN,1,0.0,0.0,0.0,0.0,0.0,0.0,100.0,UNKNOWN,1,9.685040473937988,IDLE,0.0
1779448443.636899,0.0,0.0,1.0,0.0,0.0,0.0,100.0,DISARMED,1,0.0,0.0,0.0,0.0,0.0,0.0,100.0,UNKNOWN,1,0.0,0.0,0.0,0.0,0.0,0.0,100.0,UNKNOWN,1,0.0,0.0,0.0,0.0,0.0,0.0,100.0,UNKNOWN,1,0.0,0.0,0.0,0.0,0.0,0.0,100.0,UNKNOWN,1,9.685040473937988,IDLE,0.0
1779448443.783304,0.0,0.0,1.0,0.0,0.0,0.0,100.0,DISARMED,1,0.0,0.0,0.0,0.0,0.0,0.0,100.0,UNKNOWN,1,0.0,0.0,0.0,0.0,0.0,0.0,100.0,UNKNOWN,1,0.0,0.0,0.0,0.0,0.0,0.0,100.0,UNKNOWN,1,0.0,0.0,0.0,0.0,0.0,0.0,100.0,UNKNOWN,1,9.685040473937988,IDLE,0.0
1779448443.7885087,0.0,0.0,1.0,0.0,0.0,0.0,100.0,DISARMED,1,0.0,0.0,0.0,0.0,0.0,0.0,100.0,UNKNOWN,1,0.0,0.0,0.0,0.0,0.0,0.0,100.0,UNKNOWN,1,0.0,0.0,0.0,0.0,0.0,0.0,100.0,UNKNOWN,1,0.0,0.0,0.0,0.0,0.0,0.0,100.0,UNKNOWN,1,9.685040473937988,IDLE,0.0
1779448444.0627303,0.0,0.0,1.0,0.0,0.0,0.0,100.0,DISARMED,1,0.0,0.0,0.0,0.0,0.0,0.0,100.0,UNKNOWN,1,0.0,0.0,0.0,0.0,0.0,0.0,100.0,UNKNOWN,1,0.0,0.0,0.0,0.0,0.0,0.0,100.0,UNKNOWN,1,0.0,0.0,0.0,0.0,0.0,0.0,100.0,UNKNOWN,1,9.685040473937988,IDLE,0.0
1779448444.1572442,0.0,0.0,1.0,0.0,0.0,0.0,100.0,DISARMED,1,0.0,0.0,0.0,0.0,0.0,0.0,100.0,UNKNOWN,1,0.0,0.0,0.0,0.0,0.0,0.0,100.0,UNKNOWN,1,0.0,0.0,0.0,0.0,0.0,0.0,100.0,UNKNOWN,1,0.0,0.0,0.0,0.0,0.0,0.0,100.0,UNKNOWN,1,9.685040473937988,IDLE,0.0
1779448444.2150583,0.0,0.0,1.0,0.0,0.0,0.0,100.0,DISARMED,1,0.0,0.0,0.0,0.0,0.0,0.0,100.0,UNKNOWN,1,0.0,0.0,0.0,0.0,0.0,0.0,100.0,UNKNOWN,1,0.0,0.0,0.0,0.0,0.0,0.0,100.0,UNKNOWN,1,0.0,0.0,0.0,0.0,0.0,0.0,100.0,UNKNOWN,1,9.685040473937988,IDLE,0.0
1779448444.5474696,0.0,0.0,1.0,0.0,0.0,0.0,100.0,DISARMED,1,0.0,0.0,0.0,0.0,0.0,0.0,100.0,UNKNOWN,1,0.0,0.0,0.0,0.0,0.0,0.0,100.0,UNKNOWN,1,0.0,0.0,0.0,0.0,0.0,0.0,100.0,UNKNOWN,1,0.0,0.0,0.0,0.0,0.0,0.0,100.0,UNKNOWN,1,9.685040473937988,IDLE,0.0
1779448444.6188786,0.0,0.0,1.0,0.0,0.0,0.0,100.0,DISARMED,1,0.0,0.0,0.0,0.0,0.0,0.0,100.0,UNKNOWN,1,0.0,0.0,0.0,0.0,0.0,0.0,100.0,UNKNOWN,1,0.0,0.0,0.0,0.0,0.0,0.0,100.0,UNKNOWN,1,0.0,0.0,0.0,0.0,0.0,0.0,100.0,UNKNOWN,1,9.685040473937988,IDLE,0.0
1779448444.776221,0.0,0.0,1.0,0.0,0.0,0.0,100.0,DISARMED,1,0.0,0.0,0.0,0.0,0.0,0.0,100.0,UNKNOWN,1,0.0,0.0,0.0,0.0,0.0,0.0,100.0,UNKNOWN,1,0.0,0.0,0.0,0.0,0.0,0.0,100.0,UNKNOWN,1,0.0,0.0,0.0,0.0,0.0,0.0,100.0,UNKNOWN,1,9.685040473937988,IDLE,0.0
1779448444.853309,0.0,0.0,1.0,0.0,0.0,0.0,100.0,DISARMED,1,0.0,0.0,0.0,0.0,0.0,0.0,100.0,UNKNOWN,1,0.0,0.0,0.0,0.0,0.0,0.0,100.0,UNKNOWN,1,0.0,0.0,0.0,0.0,0.0,0.0,100.0,UNKNOWN,1,0.0,0.0,0.0,0.0,0.0,0.0,100.0,UNKNOWN,1,9.685040473937988,IDLE,0.0
1779448444.9796753,0.0,0.0,1.0,0.0,0.0,0.0,100.0,DISARMED,1,0.0,0.0,0.0,0.0,0.0,0.0,100.0,UNKNOWN,1,0.0,0.0,0.0,0.0,0.0,0.0,100.0,UNKNOWN,1,0.0,0.0,0.0,0.0,0.0,0.0,100.0,UNKNOWN,1,0.0,0.0,0.0,0.0,0.0,0.0,100.0,UNKNOWN,1,9.685040473937988,IDLE,0.0
1779448444.9943838,0.0,0.0,1.0,0.0,0.0,0.0,100.0,DISARMED,1,0.0,0.0,0.0,0.0,0.0,0.0,100.0,UNKNOWN,1,0.0,0.0,0.0,0.0,0.0,0.0,100.0,UNKNOWN,1,0.0,0.0,0.0,0.0,0.0,0.0,100.0,UNKNOWN,1,0.0,0.0,0.0,0.0,0.0,0.0,100.0,UNKNOWN,1,9.685040473937988,IDLE,0.0
1779448445.0989408,0.0,0.0,1.0,0.0,0.0,0.0,100.0,DISARMED,1,0.0,0.0,0.0,0.0,0.0,0.0,100.0,UNKNOWN,1,0.0,0.0,0.0,0.0,0.0,0.0,100.0,UNKNOWN,1,0.0,0.0,0.0,0.0,0.0,0.0,100.0,UNKNOWN,1,0.0,0.0,0.0,0.0,0.0,0.0,100.0,UNKNOWN,1,9.685040473937988,IDLE,0.0
1779448445.672296,0.0,0.0,1.0,0.0,0.0,0.0,100.0,DISARMED,1,0.0,0.0,0.0,0.0,0.0,0.0,100.0,UNKNOWN,1,0.0,0.0,0.0,0.0,0.0,0.0,100.0,UNKNOWN,1,0.0,0.0,0.0,0.0,0.0,0.0,100.0,UNKNOWN,1,0.0,0.0,0.0,0.0,0.0,0.0,100.0,UNKNOWN,1,9.685040473937988,IDLE,0.0
1779448445.7402956,0.0,0.0,1.0,0.0,0.0,0.0,100.0,DISARMED,1,0.0,0.0,0.0,0.0,0.0,0.0,100.0,UNKNOWN,1,0.0,0.0,0.0,0.0,0.0,0.0,100.0,UNKNOWN,1,0.0,0.0,0.0,0.0,0.0,0.0,100.0,UNKNOWN,1,0.0,0.0,0.0,0.0,0.0,0.0,100.0,UNKNOWN,1,9.685040473937988,IDLE,0.0
1779448445.7948472,0.0,0.0,1.0,0.0,0.0,0.0,100.0,DISARMED,1,0.0,0.0,0.0,0.0,0.0,0.0,100.0,UNKNOWN,1,0.0,0.0,0.0,0.0,0.0,0.0,100.0,UNKNOWN,1,0.0,0.0,0.0,0.0,0.0,0.0,100.0,UNKNOWN,1,0.0,0.0,0.0,0.0,0.0,0.0,100.0,UNKNOWN,1,9.685040473937988,IDLE,0.0
1779448445.9090161,0.0,0.0,1.0,0.0,0.0,0.0,100.0,DISARMED,1,0.0,0.0,0.0,0.0,0.0,0.0,100.0,UNKNOWN,1,0.0,0.0,0.0,0.0,0.0,0.0,100.0,UNKNOWN,1,0.0,0.0,0.0,0.0,0.0,0.0,100.0,UNKNOWN,1,0.0,0.0,0.0,0.0,0.0,0.0,100.0,UNKNOWN,1,9.685040473937988,IDLE,0.0
1779448446.020626,0.0,0.0,1.0,0.0,0.0,0.0,100.0,DISARMED,1,0.0,0.0,0.0,0.0,0.0,0.0,100.0,UNKNOWN,1,0.0,0.0,0.0,0.0,0.0,0.0,100.0,UNKNOWN,1,0.0,0.0,0.0,0.0,0.0,0.0,100.0,UNKNOWN,1,0.0,0.0,0.0,0.0,0.0,0.0,100.0,UNKNOWN,1,9.685040473937988,IDLE,0.0
1779448446.1230693,0.0,0.0,1.0,0.0,0.0,0.0,100.0,DISARMED,1,0.0,0.0,0.0,0.0,0.0,0.0,100.0,UNKNOWN,1,0.0,0.0,0.0,0.0,0.0,0.0,100.0,UNKNOWN,1,0.0,0.0,0.0,0.0,0.0,0.0,100.0,UNKNOWN,1,0.0,0.0,0.0,0.0,0.0,0.0,100.0,UNKNOWN,1,9.685040473937988,IDLE,0.0
1779448446.2164526,0.0,0.0,1.0,0.0,0.0,0.0,100.0,DISARMED,1,0.0,0.0,0.0,0.0,0.0,0.0,100.0,UNKNOWN,1,0.0,0.0,0.0,0.0,0.0,0.0,100.0,UNKNOWN,1,0.0,0.0,0.0,0.0,0.0,0.0,100.0,UNKNOWN,1,0.0,0.0,0.0,0.0,0.0,0.0,100.0,UNKNOWN,1,9.685040473937988,IDLE,0.0
1779448446.556691,0.0,0.0,1.0,0.0,0.0,0.0,100.0,DISARMED,1,0.0,0.0,0.0,0.0,0.0,0.0,100.0,UNKNOWN,1,0.0,0.0,0.0,0.0,0.0,0.0,100.0,UNKNOWN,1,0.0,0.0,0.0,0.0,0.0,0.0,100.0,UNKNOWN,1,0.0,0.0,0.0,0.0,0.0,0.0,100.0,UNKNOWN,1,9.685040473937988,IDLE,0.0
1779448446.5941505,0.0,0.0,1.0,0.0,0.0,0.0,100.0,DISARMED,1,0.0,0.0,0.0,0.0,0.0,0.0,100.0,UNKNOWN,1,0.0,0.0,0.0,0.0,0.0,0.0,100.0,UNKNOWN,1,0.0,0.0,0.0,0.0,0.0,0.0,100.0,UNKNOWN,1,0.0,0.0,0.0,0.0,0.0,0.0,100.0,UNKNOWN,1,9.685040473937988,IDLE,0.0
1779448446.696478,0.0,0.0,1.0,0.0,0.0,0.0,100.0,DISARMED,1,0.0,0.0,0.0,0.0,0.0,0.0,100.0,UNKNOWN,1,0.0,0.0,0.0,0.0,0.0,0.0,100.0,UNKNOWN,1,0.0,0.0,0.0,0.0,0.0,0.0,100.0,UNKNOWN,1,0.0,0.0,0.0,0.0,0.0,0.0,100.0,UNKNOWN,1,9.685040473937988,IDLE,0.0
1779448446.8716934,0.0,0.0,1.0,0.0,0.0,0.0,100.0,DISARMED,1,0.0,0.0,0.0,0.0,0.0,0.0,100.0,UNKNOWN,1,0.0,0.0,0.0,0.0,0.0,0.0,100.0,UNKNOWN,1,0.0,0.0,0.0,0.0,0.0,0.0,100.0,UNKNOWN,1,0.0,0.0,0.0,0.0,0.0,0.0,100.0,UNKNOWN,1,9.685040473937988,IDLE,0.0
1779448446.9546452,0.0,0.0,1.0,0.0,0.0,0.0,100.0,DISARMED,1,0.0,0.0,0.0,0.0,0.0,0.0,100.0,UNKNOWN,1,0.0,0.0,0.0,0.0,0.0,0.0,100.0,UNKNOWN,1,0.0,0.0,0.0,0.0,0.0,0.0,100.0,UNKNOWN,1,0.0,0.0,0.0,0.0,0.0,0.0,100.0,UNKNOWN,1,9.685040473937988,IDLE,0.0
1779448447.044516,0.0,0.0,1.0,0.0,0.0,0.0,100.0,DISARMED,1,0.0,0.0,0.0,0.0,0.0,0.0,100.0,UNKNOWN,1,0.0,0.0,0.0,0.0,0.0,0.0,100.0,UNKNOWN,1,0.0,0.0,0.0,0.0,0.0,0.0,100.0,UNKNOWN,1,0.0,0.0,0.0,0.0,0.0,0.0,100.0,UNKNOWN,1,9.685040473937988,IDLE,0.0
1779448447.173901,0.0,0.0,1.0,0.0,0.0,0.0,100.0,DISARMED,1,0.0,0.0,0.0,0.0,0.0,0.0,100.0,UNKNOWN,1,0.0,0.0,0.0,0.0,0.0,0.0,100.0,UNKNOWN,1,0.0,0.0,0.0,0.0,0.0,0.0,100.0,UNKNOWN,1,0.0,0.0,0.0,0.0,0.0,0.0,100.0,UNKNOWN,1,9.685040473937988,IDLE,0.0
1779448447.2776613,0.0,0.0,1.0,0.0,0.0,0.0,100.0,DISARMED,1,0.0,0.0,0.0,0.0,0.0,0.0,100.0,UNKNOWN,1,0.0,0.0,0.0,0.0,0.0,0.0,100.0,UNKNOWN,1,0.0,0.0,0.0,0.0,0.0,0.0,100.0,UNKNOWN,1,0.0,0.0,0.0,0.0,0.0,0.0,100.0,UNKNOWN,1,9.685040473937988,IDLE,0.0
1779448447.386467,0.0,0.0,1.0,0.0,0.0,0.0,100.0,DISARMED,1,0.0,0.0,0.0,0.0,0.0,0.0,100.0,UNKNOWN,1,0.0,0.0,0.0,0.0,0.0,0.0,100.0,UNKNOWN,1,0.0,0.0,0.0,0.0,0.0,0.0,100.0,UNKNOWN,1,0.0,0.0,0.0,0.0,0.0,0.0,100.0,UNKNOWN,1,9.685040473937988,IDLE,0.0
1779448447.5006733,0.0,0.0,1.0,0.0,0.0,0.0,100.0,DISARMED,1,0.0,0.0,0.0,0.0,0.0,0.0,100.0,UNKNOWN,1,0.0,0.0,0.0,0.0,0.0,0.0,100.0,UNKNOWN,1,0.0,0.0,0.0,0.0,0.0,0.0,100.0,UNKNOWN,1,0.0,0.0,0.0,0.0,0.0,0.0,100.0,UNKNOWN,1,9.685040473937988,IDLE,0.0
1779448447.6201522,0.0,0.0,1.0,0.0,0.0,0.0,100.0,DISARMED,1,0.0,0.0,0.0,0.0,0.0,0.0,100.0,UNKNOWN,1,0.0,0.0,0.0,0.0,0.0,0.0,100.0,UNKNOWN,1,0.0,0.0,0.0,0.0,0.0,0.0,100.0,UNKNOWN,1,0.0,0.0,0.0,0.0,0.0,0.0,100.0,UNKNOWN,1,9.685040473937988,IDLE,0.0
1779448447.6896772,0.0,0.0,1.0,0.0,0.0,0.0,100.0,DISARMED,1,0.0,0.0,0.0,0.0,0.0,0.0,100.0,UNKNOWN,1,0.0,0.0,0.0,0.0,0.0,0.0,100.0,UNKNOWN,1,0.0,0.0,0.0,0.0,0.0,0.0,100.0,UNKNOWN,1,0.0,0.0,0.0,0.0,0.0,0.0,100.0,UNKNOWN,1,9.685040473937988,IDLE,0.0
1779448447.8566945,0.0,0.0,1.0,0.0,0.0,0.0,100.0,DISARMED,1,0.0,0.0,0.0,0.0,0.0,0.0,100.0,UNKNOWN,1,0.0,0.0,0.0,0.0,0.0,0.0,100.0,UNKNOWN,1,0.0,0.0,0.0,0.0,0.0,0.0,100.0,UNKNOWN,1,0.0,0.0,0.0,0.0,0.0,0.0,100.0,UNKNOWN,1,9.685040473937988,IDLE,0.0
1779448447.8874207,0.0,0.0,1.0,0.0,0.0,0.0,100.0,DISARMED,1,0.0,0.0,0.0,0.0,0.0,0.0,100.0,UNKNOWN,1,0.0,0.0,0.0,0.0,0.0,0.0,100.0,UNKNOWN,1,0.0,0.0,0.0,0.0,0.0,0.0,100.0,UNKNOWN,1,0.0,0.0,0.0,0.0,0.0,0.0,100.0,UNKNOWN,1,9.685040473937988,IDLE,0.0
1779448447.987317,0.0,0.0,1.0,0.0,0.0,0.0,100.0,DISARMED,1,0.0,0.0,0.0,0.0,0.0,0.0,100.0,UNKNOWN,1,0.0,0.0,0.0,0.0,0.0,0.0,100.0,UNKNOWN,1,0.0,0.0,0.0,0.0,0.0,0.0,100.0,UNKNOWN,1,0.0,0.0,0.0,0.0,0.0,0.0,100.0,UNKNOWN,1,9.685040473937988,IDLE,0.0
1779448448.0955744,0.0,0.0,1.0,0.0,0.0,0.0,100.0,DISARMED,1,0.0,0.0,0.0,0.0,0.0,0.0,100.0,UNKNOWN,1,0.0,0.0,0.0,0.0,0.0,0.0,100.0,UNKNOWN,1,0.0,0.0,0.0,0.0,0.0,0.0,100.0,UNKNOWN,1,0.0,0.0,0.0,0.0,0.0,0.0,100.0,UNKNOWN,1,9.685040473937988,IDLE,0.0
1779448448.228422,0.0,0.0,1.0,0.0,0.0,0.0,100.0,DISARMED,1,0.0,0.0,0.0,0.0,0.0,0.0,100.0,UNKNOWN,1,0.0,0.0,0.0,0.0,0.0,0.0,100.0,UNKNOWN,1,0.0,0.0,0.0,0.0,0.0,0.0,100.0,UNKNOWN,1,0.0,0.0,0.0,0.0,0.0,0.0,100.0,UNKNOWN,1,9.685040473937988,IDLE,0.0
1779448448.7504346,0.0,0.0,1.0,0.0,0.0,0.0,100.0,DISARMED,1,0.0,0.0,0.0,0.0,0.0,0.0,100.0,UNKNOWN,1,0.0,0.0,0.0,0.0,0.0,0.0,100.0,UNKNOWN,1,0.0,0.0,0.0,0.0,0.0,0.0,100.0,UNKNOWN,1,0.0,0.0,0.0,0.0,0.0,0.0,100.0,UNKNOWN,1,9.685040473937988,IDLE,0.0
1779448448.8941898,0.0,0.0,1.0,0.0,0.0,0.0,100.0,DISARMED,1,0.0,0.0,0.0,0.0,0.0,0.0,100.0,UNKNOWN,1,0.0,0.0,0.0,0.0,0.0,0.0,100.0,UNKNOWN,1,0.0,0.0,0.0,0.0,0.0,0.0,100.0,UNKNOWN,1,0.0,0.0,0.0,0.0,0.0,0.0,100.0,UNKNOWN,1,9.685040473937988,IDLE,0.0
1779448449.006628,0.0,0.0,1.0,0.0,0.0,0.0,100.0,DISARMED,1,0.0,0.0,0.0,0.0,0.0,0.0,100.0,UNKNOWN,1,0.0,0.0,0.0,0.0,0.0,0.0,100.0,UNKNOWN,1,0.0,0.0,0.0,0.0,0.0,0.0,100.0,UNKNOWN,1,0.0,0.0,0.0,0.0,0.0,0.0,100.0,UNKNOWN,1,9.685040473937988,IDLE,0.0
1779448449.090115,0.0,0.0,1.0,0.0,0.0,0.0,100.0,DISARMED,1,0.0,0.0,0.0,0.0,0.0,0.0,100.0,UNKNOWN,1,0.0,0.0,0.0,0.0,0.0,0.0,100.0,UNKNOWN,1,0.0,0.0,0.0,0.0,0.0,0.0,100.0,UNKNOWN,1,0.0,0.0,0.0,0.0,0.0,0.0,100.0,UNKNOWN,1,9.685040473937988,IDLE,0.0
1779448449.1944108,0.0,0.0,1.0,0.0,0.0,0.0,100.0,DISARMED,1,0.0,0.0,0.0,0.0,0.0,0.0,100.0,UNKNOWN,1,0.0,0.0,0.0,0.0,0.0,0.0,100.0,UNKNOWN,1,0.0,0.0,0.0,0.0,0.0,0.0,100.0,UNKNOWN,1,0.0,0.0,0.0,0.0,0.0,0.0,100.0,UNKNOWN,1,9.685040473937988,IDLE,0.0
1779448449.4822154,0.0,0.0,1.0,0.0,0.0,0.0,100.0,DISARMED,1,0.0,0.0,0.0,0.0,0.0,0.0,100.0,UNKNOWN,1,0.0,0.0,0.0,0.0,0.0,0.0,100.0,UNKNOWN,1,0.0,0.0,0.0,0.0,0.0,0.0,100.0,UNKNOWN,1,0.0,0.0,0.0,0.0,0.0,0.0,100.0,UNKNOWN,1,9.685040473937988,IDLE,0.0
1779448449.4926014,0.0,0.0,1.0,0.0,0.0,0.0,100.0,DISARMED,1,0.0,0.0,0.0,0.0,0.0,0.0,100.0,UNKNOWN,1,0.0,0.0,0.0,0.0,0.0,0.0,100.0,UNKNOWN,1,0.0,0.0,0.0,0.0,0.0,0.0,100.0,UNKNOWN,1,0.0,0.0,0.0,0.0,0.0,0.0,100.0,UNKNOWN,1,9.685040473937988,IDLE,0.0
1779448449.601207,0.0,0.0,1.0,0.0,0.0,0.0,100.0,DISARMED,1,0.0,0.0,0.0,0.0,0.0,0.0,100.0,UNKNOWN,1,0.0,0.0,0.0,0.0,0.0,0.0,100.0,UNKNOWN,1,0.0,0.0,0.0,0.0,0.0,0.0,100.0,UNKNOWN,1,0.0,0.0,0.0,0.0,0.0,0.0,100.0,UNKNOWN,1,9.685040473937988,IDLE,0.0
1779448449.8124986,0.0,0.0,1.0,0.0,0.0,0.0,100.0,DISARMED,1,0.0,0.0,0.0,0.0,0.0,0.0,100.0,UNKNOWN,1,0.0,0.0,0.0,0.0,0.0,0.0,100.0,UNKNOWN,1,0.0,0.0,0.0,0.0,0.0,0.0,100.0,UNKNOWN,1,0.0,0.0,0.0,0.0,0.0,0.0,100.0,UNKNOWN,1,9.685040473937988,IDLE,0.0
1779448450.2261596,0.0,0.0,1.0,0.0,0.0,0.0,100.0,DISARMED,1,0.0,0.0,0.0,0.0,0.0,0.0,100.0,UNKNOWN,1,0.0,0.0,0.0,0.0,0.0,0.0,100.0,UNKNOWN,1,0.0,0.0,0.0,0.0,0.0,0.0,100.0,UNKNOWN,1,0.0,0.0,0.0,0.0,0.0,0.0,100.0,UNKNOWN,1,9.685040473937988,IDLE,0.0
1779448450.88531,0.0,0.0,1.0,0.0,0.0,0.0,100.0,DISARMED,1,0.0,0.0,0.0,0.0,0.0,0.0,100.0,UNKNOWN,1,0.0,0.0,0.0,0.0,0.0,0.0,100.0,UNKNOWN,1,0.0,0.0,0.0,0.0,0.0,0.0,100.0,UNKNOWN,1,0.0,0.0,0.0,0.0,0.0,0.0,100.0,UNKNOWN,1,9.685040473937988,IDLE,0.0
1779448451.1391628,0.0,0.0,1.0,0.0,0.0,0.0,100.0,DISARMED,1,0.0,0.0,0.0,0.0,0.0,0.0,100.0,UNKNOWN,1,0.0,0.0,0.0,0.0,0.0,0.0,100.0,UNKNOWN,1,0.0,0.0,0.0,0.0,0.0,0.0,100.0,UNKNOWN,1,0.0,0.0,0.0,0.0,0.0,0.0,100.0,UNKNOWN,1,9.685040473937988,IDLE,0.0
1779448451.4422865,0.0,0.0,1.0,0.0,0.0,0.0,100.0,DISARMED,1,0.0,0.0,0.0,0.0,0.0,0.0,100.0,UNKNOWN,1,0.0,0.0,0.0,0.0,0.0,0.0,100.0,UNKNOWN,1,0.0,0.0,0.0,0.0,0.0,0.0,100.0,UNKNOWN,1,0.0,0.0,0.0,0.0,0.0,0.0,100.0,UNKNOWN,1,9.685040473937988,IDLE,0.0
1779448451.5986414,0.0,0.0,1.0,0.0,0.0,0.0,100.0,DISARMED,1,0.0,0.0,0.0,0.0,0.0,0.0,100.0,UNKNOWN,1,0.0,0.0,0.0,0.0,0.0,0.0,100.0,UNKNOWN,1,0.0,0.0,0.0,0.0,0.0,0.0,100.0,UNKNOWN,1,0.0,0.0,0.0,0.0,0.0,0.0,100.0,UNKNOWN,1,9.685040473937988,IDLE,0.0
1779448451.819532,0.0,0.0,1.0,0.0,0.0,0.0,100.0,DISARMED,1,0.0,0.0,0.0,0.0,0.0,0.0,100.0,UNKNOWN,1,0.0,0.0,0.0,0.0,0.0,0.0,100.0,UNKNOWN,1,0.0,0.0,0.0,0.0,0.0,0.0,100.0,UNKNOWN,1,0.0,0.0,0.0,0.0,0.0,0.0,100.0,UNKNOWN,1,9.685040473937988,IDLE,0.0
1779448452.0088866,0.0,0.0,1.0,0.0,0.0,0.0,100.0,DISARMED,1,0.0,0.0,0.0,0.0,0.0,0.0,100.0,UNKNOWN,1,0.0,0.0,0.0,0.0,0.0,0.0,100.0,UNKNOWN,1,0.0,0.0,0.0,0.0,0.0,0.0,100.0,UNKNOWN,1,0.0,0.0,0.0,0.0,0.0,0.0,100.0,UNKNOWN,1,9.685040473937988,IDLE,0.0
1779448452.0913613,0.0,0.0,1.0,0.0,0.0,0.0,100.0,DISARMED,1,0.0,0.0,0.0,0.0,0.0,0.0,100.0,UNKNOWN,1,0.0,0.0,0.0,0.0,0.0,0.0,100.0,UNKNOWN,1,0.0,0.0,0.0,0.0,0.0,0.0,100.0,UNKNOWN,1,0.0,0.0,0.0,0.0,0.0,0.0,100.0,UNKNOWN,1,9.685040473937988,IDLE,0.0
1779448452.1935728,0.0,0.0,1.0,0.0,0.0,0.0,100.0,DISARMED,1,0.0,0.0,0.0,0.0,0.0,0.0,100.0,UNKNOWN,1,0.0,0.0,0.0,0.0,0.0,0.0,100.0,UNKNOWN,1,0.0,0.0,0.0,0.0,0.0,0.0,100.0,UNKNOWN,1,0.0,0.0,0.0,0.0,0.0,0.0,100.0,UNKNOWN,1,9.685040473937988,IDLE,0.0
1779448452.4855385,0.0,0.0,1.0,0.0,0.0,0.0,100.0,DISARMED,1,0.0,0.0,0.0,0.0,0.0,0.0,100.0,UNKNOWN,1,0.0,0.0,0.0,0.0,0.0,0.0,100.0,UNKNOWN,1,0.0,0.0,0.0,0.0,0.0,0.0,100.0,UNKNOWN,1,0.0,0.0,0.0,0.0,0.0,0.0,100.0,UNKNOWN,1,9.685040473937988,IDLE,0.0
1779448452.627879,0.0,0.0,1.0,0.0,0.0,0.0,100.0,DISARMED,1,0.0,0.0,0.0,0.0,0.0,0.0,100.0,UNKNOWN,1,0.0,0.0,0.0,0.0,0.0,0.0,100.0,UNKNOWN,1,0.0,0.0,0.0,0.0,0.0,0.0,100.0,UNKNOWN,1,0.0,0.0,0.0,0.0,0.0,0.0,100.0,UNKNOWN,1,9.685040473937988,IDLE,0.0
1779448452.6964264,0.0,0.0,1.0,0.0,0.0,0.0,100.0,DISARMED,1,0.0,0.0,0.0,0.0,0.0,0.0,100.0,UNKNOWN,1,0.0,0.0,0.0,0.0,0.0,0.0,100.0,UNKNOWN,1,0.0,0.0,0.0,0.0,0.0,0.0,100.0,UNKNOWN,1,0.0,0.0,0.0,0.0,0.0,0.0,100.0,UNKNOWN,1,9.685040473937988,IDLE,0.0
1779448452.8769267,0.0,0.0,1.0,0.0,0.0,0.0,100.0,DISARMED,1,0.0,0.0,0.0,0.0,0.0,0.0,100.0,UNKNOWN,1,0.0,0.0,0.0,0.0,0.0,0.0,100.0,UNKNOWN,1,0.0,0.0,0.0,0.0,0.0,0.0,100.0,UNKNOWN,1,0.0,0.0,0.0,0.0,0.0,0.0,100.0,UNKNOWN,1,9.685040473937988,IDLE,0.0
1779448453.0735621,0.0,0.0,1.0,0.0,0.0,0.0,100.0,DISARMED,1,0.0,0.0,0.0,0.0,0.0,0.0,100.0,UNKNOWN,1,0.0,0.0,0.0,0.0,0.0,0.0,100.0,UNKNOWN,1,0.0,0.0,0.0,0.0,0.0,0.0,100.0,UNKNOWN,1,0.0,0.0,0.0,0.0,0.0,0.0,100.0,UNKNOWN,1,9.685040473937988,IDLE,0.0
1779448453.149882,0.0,0.0,1.0,0.0,0.0,0.0,100.0,DISARMED,1,0.0,0.0,0.0,0.0,0.0,0.0,100.0,UNKNOWN,1,0.0,0.0,0.0,0.0,0.0,0.0,100.0,UNKNOWN,1,0.0,0.0,0.0,0.0,0.0,0.0,100.0,UNKNOWN,1,0.0,0.0,0.0,0.0,0.0,0.0,100.0,UNKNOWN,1,9.685040473937988,IDLE,0.0
1779448453.2330081,0.0,0.0,1.0,0.0,0.0,0.0,100.0,DISARMED,1,0.0,0.0,0.0,0.0,0.0,0.0,100.0,UNKNOWN,1,0.0,0.0,0.0,0.0,0.0,0.0,100.0,UNKNOWN,1,0.0,0.0,0.0,0.0,0.0,0.0,100.0,UNKNOWN,1,0.0,0.0,0.0,0.0,0.0,0.0,100.0,UNKNOWN,1,9.685040473937988,IDLE,0.0
1779448453.6156557,0.0,0.0,1.0,0.0,0.0,0.0,100.0,DISARMED,1,0.0,0.0,0.0,0.0,0.0,0.0,100.0,UNKNOWN,1,0.0,0.0,0.0,0.0,0.0,0.0,100.0,UNKNOWN,1,0.0,0.0,0.0,0.0,0.0,0.0,100.0,UNKNOWN,1,0.0,0.0,0.0,0.0,0.0,0.0,100.0,UNKNOWN,1,9.685040473937988,IDLE,0.0
1779448453.9026423,0.0,0.0,1.0,0.0,0.0,0.0,100.0,DISARMED,1,0.0,0.0,0.0,0.0,0.0,0.0,100.0,UNKNOWN,1,0.0,0.0,0.0,0.0,0.0,0.0,100.0,UNKNOWN,1,0.0,0.0,0.0,0.0,0.0,0.0,100.0,UNKNOWN,1,0.0,0.0,0.0,0.0,0.0,0.0,100.0,UNKNOWN,1,9.685040473937988,IDLE,0.0
1779448454.0531538,0.0,0.0,1.0,0.0,0.0,0.0,100.0,DISARMED,1,0.0,0.0,0.0,0.0,0.0,0.0,100.0,UNKNOWN,1,0.0,0.0,0.0,0.0,0.0,0.0,100.0,UNKNOWN,1,0.0,0.0,0.0,0.0,0.0,0.0,100.0,UNKNOWN,1,0.0,0.0,0.0,0.0,0.0,0.0,100.0,UNKNOWN,1,9.685040473937988,IDLE,0.0
1779448454.1868296,0.0,0.0,1.0,0.0,0.0,0.0,100.0,DISARMED,1,0.0,0.0,0.0,0.0,0.0,0.0,100.0,UNKNOWN,1,0.0,0.0,0.0,0.0,0.0,0.0,100.0,UNKNOWN,1,0.0,0.0,0.0,0.0,0.0,0.0,100.0,UNKNOWN,1,0.0,0.0,0.0,0.0,0.0,0.0,100.0,UNKNOWN,1,9.685040473937988,IDLE,0.0
1779448454.5838394,0.0,0.0,1.0,0.0,0.0,0.0,100.0,DISARMED,1,0.0,0.0,0.0,0.0,0.0,0.0,100.0,UNKNOWN,1,0.0,0.0,0.0,0.0,0.0,0.0,100.0,UNKNOWN,1,0.0,0.0,0.0,0.0,0.0,0.0,100.0,UNKNOWN,1,0.0,0.0,0.0,0.0,0.0,0.0,100.0,UNKNOWN,1,9.685040473937988,IDLE,0.0
1779448454.7075293,0.0,0.0,1.0,0.0,0.0,0.0,100.0,DISARMED,1,0.0,0.0,0.0,0.0,0.0,0.0,100.0,UNKNOWN,1,0.0,0.0,0.0,0.0,0.0,0.0,100.0,UNKNOWN,1,0.0,0.0,0.0,0.0,0.0,0.0,100.0,UNKNOWN,1,0.0,0.0,0.0,0.0,0.0,0.0,100.0,UNKNOWN,1,9.685040473937988,IDLE,0.0
1779448454.830397,0.0,0.0,1.0,0.0,0.0,0.0,100.0,DISARMED,1,0.0,0.0,0.0,0.0,0.0,0.0,100.0,UNKNOWN,1,0.0,0.0,0.0,0.0,0.0,0.0,100.0,UNKNOWN,1,0.0,0.0,0.0,0.0,0.0,0.0,100.0,UNKNOWN,1,0.0,0.0,0.0,0.0,0.0,0.0,100.0,UNKNOWN,1,9.685040473937988,IDLE,0.0
1779448454.9210746,0.0,0.0,1.0,0.0,0.0,0.0,100.0,DISARMED,1,0.0,0.0,0.0,0.0,0.0,0.0,100.0,UNKNOWN,1,0.0,0.0,0.0,0.0,0.0,0.0,100.0,UNKNOWN,1,0.0,0.0,0.0,0.0,0.0,0.0,100.0,UNKNOWN,1,0.0,0.0,0.0,0.0,0.0,0.0,100.0,UNKNOWN,1,9.685040473937988,IDLE,0.0
1779448455.0110888,0.0,0.0,1.0,0.0,0.0,0.0,100.0,DISARMED,1,0.0,0.0,0.0,0.0,0.0,0.0,100.0,UNKNOWN,1,0.0,0.0,0.0,0.0,0.0,0.0,100.0,UNKNOWN,1,0.0,0.0,0.0,0.0,0.0,0.0,100.0,UNKNOWN,1,0.0,0.0,0.0,0.0,0.0,0.0,100.0,UNKNOWN,1,9.685040473937988,IDLE,0.0
1779448455.4022584,0.0,0.0,1.0,0.0,0.0,0.0,100.0,DISARMED,1,0.0,0.0,0.0,0.0,0.0,0.0,100.0,UNKNOWN,1,0.0,0.0,0.0,0.0,0.0,0.0,100.0,UNKNOWN,1,0.0,0.0,0.0,0.0,0.0,0.0,100.0,UNKNOWN,1,0.0,0.0,0.0,0.0,0.0,0.0,100.0,UNKNOWN,1,9.685040473937988,IDLE,0.0
1779448455.5140252,0.0,0.0,1.0,0.0,0.0,0.0,100.0,DISARMED,1,0.0,0.0,0.0,0.0,0.0,0.0,100.0,UNKNOWN,1,0.0,0.0,0.0,0.0,0.0,0.0,100.0,UNKNOWN,1,0.0,0.0,0.0,0.0,0.0,0.0,100.0,UNKNOWN,1,0.0,0.0,0.0,0.0,0.0,0.0,100.0,UNKNOWN,1,9.685040473937988,IDLE,0.0
1779448455.8724377,0.0,0.0,1.0,0.0,0.0,0.0,100.0,DISARMED,1,0.0,0.0,0.0,0.0,0.0,0.0,100.0,UNKNOWN,1,0.0,0.0,0.0,0.0,0.0,0.0,100.0,UNKNOWN,1,0.0,0.0,0.0,0.0,0.0,0.0,100.0,UNKNOWN,1,0.0,0.0,0.0,0.0,0.0,0.0,100.0,UNKNOWN,1,9.685040473937988,IDLE,0.0
1779448456.023508,0.0,0.0,1.0,0.0,0.0,0.0,100.0,DISARMED,1,0.0,0.0,0.0,0.0,0.0,0.0,100.0,UNKNOWN,1,0.0,0.0,0.0,0.0,0.0,0.0,100.0,UNKNOWN,1,0.0,0.0,0.0,0.0,0.0,0.0,100.0,UNKNOWN,1,0.0,0.0,0.0,0.0,0.0,0.0,100.0,UNKNOWN,1,9.685040473937988,IDLE,0.0
1779448456.1116374,0.0,0.0,1.0,0.0,0.0,0.0,100.0,DISARMED,1,0.0,0.0,0.0,0.0,0.0,0.0,100.0,UNKNOWN,1,0.0,0.0,0.0,0.0,0.0,0.0,100.0,UNKNOWN,1,0.0,0.0,0.0,0.0,0.0,0.0,100.0,UNKNOWN,1,0.0,0.0,0.0,0.0,0.0,0.0,100.0,UNKNOWN,1,9.685040473937988,IDLE,0.0
1779448456.189794,0.0,0.0,1.0,0.0,0.0,0.0,100.0,DISARMED,1,0.0,0.0,0.0,0.0,0.0,0.0,100.0,UNKNOWN,1,0.0,0.0,0.0,0.0,0.0,0.0,100.0,UNKNOWN,1,0.0,0.0,0.0,0.0,0.0,0.0,100.0,UNKNOWN,1,0.0,0.0,0.0,0.0,0.0,0.0,100.0,UNKNOWN,1,9.685040473937988,IDLE,0.0
1779448456.6604655,0.0,0.0,1.0,0.0,0.0,0.0,100.0,DISARMED,1,0.0,0.0,0.0,0.0,0.0,0.0,100.0,UNKNOWN,1,0.0,0.0,0.0,0.0,0.0,0.0,100.0,UNKNOWN,1,0.0,0.0,0.0,0.0,0.0,0.0,100.0,UNKNOWN,1,0.0,0.0,0.0,0.0,0.0,0.0,100.0,UNKNOWN,1,9.685040473937988,IDLE,0.0
1779448456.763345,0.0,0.0,1.0,0.0,0.0,0.0,100.0,DISARMED,1,0.0,0.0,0.0,0.0,0.0,0.0,100.0,UNKNOWN,1,0.0,0.0,0.0,0.0,0.0,0.0,100.0,UNKNOWN,1,0.0,0.0,0.0,0.0,0.0,0.0,100.0,UNKNOWN,1,0.0,0.0,0.0,0.0,0.0,0.0,100.0,UNKNOWN,1,9.685040473937988,IDLE,0.0
1779448457.7968576,0.0,0.0,1.0,0.0,0.0,0.0,100.0,DISARMED,1,0.0,0.0,0.0,0.0,0.0,0.0,100.0,UNKNOWN,1,0.0,0.0,0.0,0.0,0.0,0.0,100.0,UNKNOWN,1,0.0,0.0,0.0,0.0,0.0,0.0,100.0,UNKNOWN,1,0.0,0.0,0.0,0.0,0.0,0.0,100.0,UNKNOWN,1,9.685040473937988,IDLE,0.0
1779448457.8972251,0.0,0.0,1.0,0.0,0.0,0.0,100.0,DISARMED,1,0.0,0.0,0.0,0.0,0.0,0.0,100.0,UNKNOWN,1,0.0,0.0,0.0,0.0,0.0,0.0,100.0,UNKNOWN,1,0.0,0.0,0.0,0.0,0.0,0.0,100.0,UNKNOWN,1,0.0,0.0,0.0,0.0,0.0,0.0,100.0,UNKNOWN,1,9.685040473937988,IDLE,0.0
1779448458.051281,0.0,0.0,1.0,0.0,0.0,0.0,100.0,DISARMED,1,0.0,0.0,0.0,0.0,0.0,0.0,100.0,UNKNOWN,1,0.0,0.0,0.0,0.0,0.0,0.0,100.0,UNKNOWN,1,0.0,0.0,0.0,0.0,0.0,0.0,100.0,UNKNOWN,1,0.0,0.0,0.0,0.0,0.0,0.0,100.0,UNKNOWN,1,9.685040473937988,IDLE,0.0
1779448458.1068778,0.0,0.0,1.0,0.0,0.0,0.0,100.0,DISARMED,1,0.0,0.0,0.0,0.0,0.0,0.0,100.0,UNKNOWN,1,0.0,0.0,0.0,0.0,0.0,0.0,100.0,UNKNOWN,1,0.0,0.0,0.0,0.0,0.0,0.0,100.0,UNKNOWN,1,0.0,0.0,0.0,0.0,0.0,0.0,100.0,UNKNOWN,1,9.685040473937988,IDLE,0.0
1779448458.253498,0.0,0.0,1.0,0.0,0.0,0.0,100.0,DISARMED,1,0.0,0.0,0.0,0.0,0.0,0.0,100.0,UNKNOWN,1,0.0,0.0,0.0,0.0,0.0,0.0,100.0,UNKNOWN,1,0.0,0.0,0.0,0.0,0.0,0.0,100.0,UNKNOWN,1,0.0,0.0,0.0,0.0,0.0,0.0,100.0,UNKNOWN,1,9.685040473937988,IDLE,0.0
1779448458.8403623,0.0,0.0,1.0,0.0,0.0,0.0,100.0,DISARMED,1,0.0,0.0,0.0,0.0,0.0,0.0,100.0,UNKNOWN,1,0.0,0.0,0.0,0.0,0.0,0.0,100.0,UNKNOWN,1,0.0,0.0,0.0,0.0,0.0,0.0,100.0,UNKNOWN,1,0.0,0.0,0.0,0.0,0.0,0.0,100.0,UNKNOWN,1,9.685040473937988,IDLE,0.0
1779448458.899605,0.0,0.0,1.0,0.0,0.0,0.0,100.0,DISARMED,1,0.0,0.0,0.0,0.0,0.0,0.0,100.0,UNKNOWN,1,0.0,0.0,0.0,0.0,0.0,0.0,100.0,UNKNOWN,1,0.0,0.0,0.0,0.0,0.0,0.0,100.0,UNKNOWN,1,0.0,0.0,0.0,0.0,0.0,0.0,100.0,UNKNOWN,1,9.685040473937988,IDLE,0.0
1779448459.161413,0.0,0.0,1.0,0.0,0.0,0.0,100.0,DISARMED,1,0.0,0.0,0.0,0.0,0.0,0.0,100.0,UNKNOWN,1,0.0,0.0,0.0,0.0,0.0,0.0,100.0,UNKNOWN,1,0.0,0.0,0.0,0.0,0.0,0.0,100.0,UNKNOWN,1,0.0,0.0,0.0,0.0,0.0,0.0,100.0,UNKNOWN,1,9.685040473937988,IDLE,0.0
1779448460.060962,0.0,0.0,1.0,0.0,0.0,0.0,100.0,DISARMED,1,0.0,0.0,0.0,0.0,0.0,0.0,100.0,UNKNOWN,1,0.0,0.0,0.0,0.0,0.0,0.0,100.0,UNKNOWN,1,0.0,0.0,0.0,0.0,0.0,0.0,100.0,UNKNOWN,1,0.0,0.0,0.0,0.0,0.0,0.0,100.0,UNKNOWN,1,9.685040473937988,IDLE,0.0
1779448460.138643,0.0,0.0,1.0,0.0,0.0,0.0,100.0,DISARMED,1,0.0,0.0,0.0,0.0,0.0,0.0,100.0,UNKNOWN,1,0.0,0.0,0.0,0.0,0.0,0.0,100.0,UNKNOWN,1,0.0,0.0,0.0,0.0,0.0,0.0,100.0,UNKNOWN,1,0.0,0.0,0.0,0.0,0.0,0.0,100.0,UNKNOWN,1,9.685040473937988,IDLE,0.0
1779448460.8534138,0.0,0.0,1.0,0.0,0.0,0.0,100.0,DISARMED,1,0.0,0.0,0.0,0.0,0.0,0.0,100.0,UNKNOWN,1,0.0,0.0,0.0,0.0,0.0,0.0,100.0,UNKNOWN,1,0.0,0.0,0.0,0.0,0.0,0.0,100.0,UNKNOWN,1,0.0,0.0,0.0,0.0,0.0,0.0,100.0,UNKNOWN,1,9.685040473937988,IDLE,0.0
1779448460.8963432,0.0,0.0,1.0,0.0,0.0,0.0,100.0,DISARMED,1,0.0,0.0,0.0,0.0,0.0,0.0,100.0,UNKNOWN,1,0.0,0.0,0.0,0.0,0.0,0.0,100.0,UNKNOWN,1,0.0,0.0,0.0,0.0,0.0,0.0,100.0,UNKNOWN,1,0.0,0.0,0.0,0.0,0.0,0.0,100.0,UNKNOWN,1,9.685040473937988,IDLE,0.0
1779448461.0258179,0.0,0.0,1.0,0.0,0.0,0.0,100.0,DISARMED,1,0.0,0.0,0.0,0.0,0.0,0.0,100.0,UNKNOWN,1,0.0,0.0,0.0,0.0,0.0,0.0,100.0,UNKNOWN,1,0.0,0.0,0.0,0.0,0.0,0.0,100.0,UNKNOWN,1,0.0,0.0,0.0,0.0,0.0,0.0,100.0,UNKNOWN,1,9.685040473937988,IDLE,0.0
1779448461.1640341,0.0,0.0,1.0,0.0,0.0,0.0,100.0,DISARMED,1,0.0,0.0,0.0,0.0,0.0,0.0,100.0,UNKNOWN,1,0.0,0.0,0.0,0.0,0.0,0.0,100.0,UNKNOWN,1,0.0,0.0,0.0,0.0,0.0,0.0,100.0,UNKNOWN,1,0.0,0.0,0.0,0.0,0.0,0.0,100.0,UNKNOWN,1,9.685040473937988,IDLE,0.0
1779448461.44376,0.0,0.0,1.0,0.0,0.0,0.0,100.0,DISARMED,1,0.0,0.0,0.0,0.0,0.0,0.0,100.0,UNKNOWN,1,0.0,0.0,0.0,0.0,0.0,0.0,100.0,UNKNOWN,1,0.0,0.0,0.0,0.0,0.0,0.0,100.0,UNKNOWN,1,0.0,0.0,0.0,0.0,0.0,0.0,100.0,UNKNOWN,1,9.685040473937988,IDLE,0.0
1779448461.56981,0.0,0.0,1.0,0.0,0.0,0.0,100.0,DISARMED,1,0.0,0.0,0.0,0.0,0.0,0.0,100.0,UNKNOWN,1,0.0,0.0,0.0,0.0,0.0,0.0,100.0,UNKNOWN,1,0.0,0.0,0.0,0.0,0.0,0.0,100.0,UNKNOWN,1,0.0,0.0,0.0,0.0,0.0,0.0,100.0,UNKNOWN,1,9.685040473937988,IDLE,0.0
1779448461.6598494,0.0,0.0,1.0,0.0,0.0,0.0,100.0,DISARMED,1,0.0,0.0,0.0,0.0,0.0,0.0,100.0,UNKNOWN,1,0.0,0.0,0.0,0.0,0.0,0.0,100.0,UNKNOWN,1,0.0,0.0,0.0,0.0,0.0,0.0,100.0,UNKNOWN,1,0.0,0.0,0.0,0.0,0.0,0.0,100.0,UNKNOWN,1,9.685040473937988,IDLE,0.0
1779448461.6932993,0.0,0.0,1.0,0.0,0.0,0.0,100.0,DISARMED,1,0.0,0.0,0.0,0.0,0.0,0.0,100.0,UNKNOWN,1,0.0,0.0,0.0,0.0,0.0,0.0,100.0,UNKNOWN,1,0.0,0.0,0.0,0.0,0.0,0.0,100.0,UNKNOWN,1,0.0,0.0,0.0,0.0,0.0,0.0,100.0,UNKNOWN,1,9.685040473937988,IDLE,0.0
1779448461.8076036,0.0,0.0,1.0,0.0,0.0,0.0,100.0,DISARMED,1,0.0,0.0,0.0,0.0,0.0,0.0,100.0,UNKNOWN,1,0.0,0.0,0.0,0.0,0.0,0.0,100.0,UNKNOWN,1,0.0,0.0,0.0,0.0,0.0,0.0,100.0,UNKNOWN,1,0.0,0.0,0.0,0.0,0.0,0.0,100.0,UNKNOWN,1,9.685040473937988,IDLE,0.0
1779448461.9338,0.0,0.0,1.0,0.0,0.0,0.0,100.0,DISARMED,1,0.0,0.0,0.0,0.0,0.0,0.0,100.0,UNKNOWN,1,0.0,0.0,0.0,0.0,0.0,0.0,100.0,UNKNOWN,1,0.0,0.0,0.0,0.0,0.0,0.0,100.0,UNKNOWN,1,0.0,0.0,0.0,0.0,0.0,0.0,100.0,UNKNOWN,1,9.685040473937988,IDLE,0.0
1779448462.2250364,0.0,0.0,1.0,0.0,0.0,0.0,100.0,DISARMED,1,0.0,0.0,0.0,0.0,0.0,0.0,100.0,UNKNOWN,1,0.0,0.0,0.0,0.0,0.0,0.0,100.0,UNKNOWN,1,0.0,0.0,0.0,0.0,0.0,0.0,100.0,UNKNOWN,1,0.0,0.0,0.0,0.0,0.0,0.0,100.0,UNKNOWN,1,9.685040473937988,IDLE,0.0
1779448462.6183453,0.0,0.0,1.0,0.0,0.0,0.0,100.0,DISARMED,1,0.0,0.0,0.0,0.0,0.0,0.0,100.0,UNKNOWN,1,0.0,0.0,0.0,0.0,0.0,0.0,100.0,UNKNOWN,1,0.0,0.0,0.0,0.0,0.0,0.0,100.0,UNKNOWN,1,0.0,0.0,0.0,0.0,0.0,0.0,100.0,UNKNOWN,1,9.685040473937988,IDLE,0.0
1779448462.7193587,0.0,0.0,1.0,0.0,0.0,0.0,100.0,DISARMED,1,0.0,0.0,0.0,0.0,0.0,0.0,100.0,UNKNOWN,1,0.0,0.0,0.0,0.0,0.0,0.0,100.0,UNKNOWN,1,0.0,0.0,0.0,0.0,0.0,0.0,100.0,UNKNOWN,1,0.0,0.0,0.0,0.0,0.0,0.0,100.0,UNKNOWN,1,9.685040473937988,IDLE,0.0
1779448462.7968054,0.0,0.0,1.0,0.0,0.0,0.0,100.0,DISARMED,1,0.0,0.0,0.0,0.0,0.0,0.0,100.0,UNKNOWN,1,0.0,0.0,0.0,0.0,0.0,0.0,100.0,UNKNOWN,1,0.0,0.0,0.0,0.0,0.0,0.0,100.0,UNKNOWN,1,0.0,0.0,0.0,0.0,0.0,0.0,100.0,UNKNOWN,1,9.685040473937988,IDLE,0.0
1779448463.0816865,0.0,0.0,1.0,0.0,0.0,0.0,100.0,DISARMED,1,0.0,0.0,0.0,0.0,0.0,0.0,100.0,UNKNOWN,1,0.0,0.0,0.0,0.0,0.0,0.0,100.0,UNKNOWN,1,0.0,0.0,0.0,0.0,0.0,0.0,100.0,UNKNOWN,1,0.0,0.0,0.0,0.0,0.0,0.0,100.0,UNKNOWN,1,9.685040473937988,IDLE,0.0
1779448463.2723606,0.0,0.0,1.0,0.0,0.0,0.0,100.0,DISARMED,1,0.0,0.0,0.0,0.0,0.0,0.0,100.0,UNKNOWN,1,0.0,0.0,0.0,0.0,0.0,0.0,100.0,UNKNOWN,1,0.0,0.0,0.0,0.0,0.0,0.0,100.0,UNKNOWN,1,0.0,0.0,0.0,0.0,0.0,0.0,100.0,UNKNOWN,1,9.685040473937988,IDLE,0.0
1779448463.6550224,0.0,0.0,1.0,0.0,0.0,0.0,100.0,DISARMED,1,0.0,0.0,0.0,0.0,0.0,0.0,100.0,UNKNOWN,1,0.0,0.0,0.0,0.0,0.0,0.0,100.0,UNKNOWN,1,0.0,0.0,0.0,0.0,0.0,0.0,100.0,UNKNOWN,1,0.0,0.0,0.0,0.0,0.0,0.0,100.0,UNKNOWN,1,9.685040473937988,IDLE,0.0
1779448463.7406585,0.0,0.0,1.0,0.0,0.0,0.0,100.0,DISARMED,1,0.0,0.0,0.0,0.0,0.0,0.0,100.0,UNKNOWN,1,0.0,0.0,0.0,0.0,0.0,0.0,100.0,UNKNOWN,1,0.0,0.0,0.0,0.0,0.0,0.0,100.0,UNKNOWN,1,0.0,0.0,0.0,0.0,0.0,0.0,100.0,UNKNOWN,1,9.685040473937988,IDLE,0.0
1779448463.8004386,0.0,0.0,1.0,0.0,0.0,0.0,100.0,DISARMED,1,0.0,0.0,0.0,0.0,0.0,0.0,100.0,UNKNOWN,1,0.0,0.0,0.0,0.0,0.0,0.0,100.0,UNKNOWN,1,0.0,0.0,0.0,0.0,0.0,0.0,100.0,UNKNOWN,1,0.0,0.0,0.0,0.0,0.0,0.0,100.0,UNKNOWN,1,9.685040473937988,IDLE,0.0
1779448463.9332738,0.0,0.0,1.0,0.0,0.0,0.0,100.0,DISARMED,1,0.0,0.0,0.0,0.0,0.0,0.0,100.0,UNKNOWN,1,0.0,0.0,0.0,0.0,0.0,0.0,100.0,UNKNOWN,1,0.0,0.0,0.0,0.0,0.0,0.0,100.0,UNKNOWN,1,0.0,0.0,0.0,0.0,0.0,0.0,100.0,UNKNOWN,1,9.685040473937988,IDLE,0.0
1779448464.0254447,0.0,0.0,1.0,0.0,0.0,0.0,100.0,DISARMED,1,0.0,0.0,0.0,0.0,0.0,0.0,100.0,UNKNOWN,1,0.0,0.0,0.0,0.0,0.0,0.0,100.0,UNKNOWN,1,0.0,0.0,0.0,0.0,0.0,0.0,100.0,UNKNOWN,1,0.0,0.0,0.0,0.0,0.0,0.0,100.0,UNKNOWN,1,9.685040473937988,IDLE,0.0
1779448464.1018043,0.0,0.0,1.0,0.0,0.0,0.0,100.0,DISARMED,1,0.0,0.0,0.0,0.0,0.0,0.0,100.0,UNKNOWN,1,0.0,0.0,0.0,0.0,0.0,0.0,100.0,UNKNOWN,1,0.0,0.0,0.0,0.0,0.0,0.0,100.0,UNKNOWN,1,0.0,0.0,0.0,0.0,0.0,0.0,100.0,UNKNOWN,1,9.685040473937988,IDLE,0.0
1779448464.5775614,0.0,0.0,1.0,0.0,0.0,0.0,100.0,DISARMED,1,0.0,0.0,0.0,0.0,0.0,0.0,100.0,UNKNOWN,1,0.0,0.0,0.0,0.0,0.0,0.0,100.0,UNKNOWN,1,0.0,0.0,0.0,0.0,0.0,0.0,100.0,UNKNOWN,1,0.0,0.0,0.0,0.0,0.0,0.0,100.0,UNKNOWN,1,9.685040473937988,IDLE,0.0
1779448464.9815278,0.0,0.0,1.0,0.0,0.0,0.0,100.0,DISARMED,1,0.0,0.0,0.0,0.0,0.0,0.0,100.0,UNKNOWN,1,0.0,0.0,0.0,0.0,0.0,0.0,100.0,UNKNOWN,1,0.0,0.0,0.0,0.0,0.0,0.0,100.0,UNKNOWN,1,0.0,0.0,0.0,0.0,0.0,0.0,100.0,UNKNOWN,1,9.685040473937988,IDLE,0.0
1779448465.2704523,0.0,0.0,1.0,0.0,0.0,0.0,100.0,DISARMED,1,0.0,0.0,0.0,0.0,0.0,0.0,100.0,UNKNOWN,1,0.0,0.0,0.0,0.0,0.0,0.0,100.0,UNKNOWN,1,0.0,0.0,0.0,0.0,0.0,0.0,100.0,UNKNOWN,1,0.0,0.0,0.0,0.0,0.0,0.0,100.0,UNKNOWN,1,9.685040473937988,IDLE,0.0
1779448465.6225479,0.0,0.0,1.0,0.0,0.0,0.0,100.0,DISARMED,1,0.0,0.0,0.0,0.0,0.0,0.0,100.0,UNKNOWN,1,0.0,0.0,0.0,0.0,0.0,0.0,100.0,UNKNOWN,1,0.0,0.0,0.0,0.0,0.0,0.0,100.0,UNKNOWN,1,0.0,0.0,0.0,0.0,0.0,0.0,100.0,UNKNOWN,1,9.685040473937988,IDLE,0.0
1779448466.11847,0.0,0.0,1.0,0.0,0.0,0.0,100.0,DISARMED,1,0.0,0.0,0.0,0.0,0.0,0.0,100.0,UNKNOWN,1,0.0,0.0,0.0,0.0,0.0,0.0,100.0,UNKNOWN,1,0.0,0.0,0.0,0.0,0.0,0.0,100.0,UNKNOWN,1,0.0,0.0,0.0,0.0,0.0,0.0,100.0,UNKNOWN,1,9.685040473937988,IDLE,0.0
1779448466.3834863,0.0,0.0,1.0,0.0,0.0,0.0,100.0,DISARMED,1,0.0,0.0,0.0,0.0,0.0,0.0,100.0,UNKNOWN,1,0.0,0.0,0.0,0.0,0.0,0.0,100.0,UNKNOWN,1,0.0,0.0,0.0,0.0,0.0,0.0,100.0,UNKNOWN,1,0.0,0.0,0.0,0.0,0.0,0.0,100.0,UNKNOWN,1,9.685040473937988,IDLE,0.0
1779448466.708212,0.0,0.0,1.0,0.0,0.0,0.0,100.0,DISARMED,1,0.0,0.0,0.0,0.0,0.0,0.0,100.0,UNKNOWN,1,0.0,0.0,0.0,0.0,0.0,0.0,100.0,UNKNOWN,1,0.0,0.0,0.0,0.0,0.0,0.0,100.0,UNKNOWN,1,0.0,0.0,0.0,0.0,0.0,0.0,100.0,UNKNOWN,1,9.685040473937988,IDLE,0.0
1779448466.838186,0.0,0.0,1.0,0.0,0.0,0.0,100.0,DISARMED,1,0.0,0.0,0.0,0.0,0.0,0.0,100.0,UNKNOWN,1,0.0,0.0,0.0,0.0,0.0,0.0,100.0,UNKNOWN,1,0.0,0.0,0.0,0.0,0.0,0.0,100.0,UNKNOWN,1,0.0,0.0,0.0,0.0,0.0,0.0,100.0,UNKNOWN,1,9.685040473937988,IDLE,0.0
1779448467.2290878,0.0,0.0,1.0,0.0,0.0,0.0,100.0,DISARMED,1,0.0,0.0,0.0,0.0,0.0,0.0,100.0,UNKNOWN,1,0.0,0.0,0.0,0.0,0.0,0.0,100.0,UNKNOWN,1,0.0,0.0,0.0,0.0,0.0,0.0,100.0,UNKNOWN,1,0.0,0.0,0.0,0.0,0.0,0.0,100.0,UNKNOWN,1,9.685040473937988,IDLE,0.0
1779448467.6132748,0.0,0.0,1.0,0.0,0.0,0.0,100.0,DISARMED,1,0.0,0.0,0.0,0.0,0.0,0.0,100.0,UNKNOWN,1,0.0,0.0,0.0,0.0,0.0,0.0,100.0,UNKNOWN,1,0.0,0.0,0.0,0.0,0.0,0.0,100.0,UNKNOWN,1,0.0,0.0,0.0,0.0,0.0,0.0,100.0,UNKNOWN,1,9.685040473937988,IDLE,0.0
1779448467.860215,0.0,0.0,1.0,0.0,0.0,0.0,100.0,DISARMED,1,0.0,0.0,0.0,0.0,0.0,0.0,100.0,UNKNOWN,1,0.0,0.0,0.0,0.0,0.0,0.0,100.0,UNKNOWN,1,0.0,0.0,0.0,0.0,0.0,0.0,100.0,UNKNOWN,1,0.0,0.0,0.0,0.0,0.0,0.0,100.0,UNKNOWN,1,9.685040473937988,IDLE,0.0
1779448467.929963,0.0,0.0,1.0,0.0,0.0,0.0,100.0,DISARMED,1,0.0,0.0,0.0,0.0,0.0,0.0,100.0,UNKNOWN,1,0.0,0.0,0.0,0.0,0.0,0.0,100.0,UNKNOWN,1,0.0,0.0,0.0,0.0,0.0,0.0,100.0,UNKNOWN,1,0.0,0.0,0.0,0.0,0.0,0.0,100.0,UNKNOWN,1,9.685040473937988,IDLE,0.0
1779448468.078221,0.0,0.0,1.0,0.0,0.0,0.0,100.0,DISARMED,1,0.0,0.0,0.0,0.0,0.0,0.0,100.0,UNKNOWN,1,0.0,0.0,0.0,0.0,0.0,0.0,100.0,UNKNOWN,1,0.0,0.0,0.0,0.0,0.0,0.0,100.0,UNKNOWN,1,0.0,0.0,0.0,0.0,0.0,0.0,100.0,UNKNOWN,1,9.685040473937988,IDLE,0.0
1779448468.1553576,0.0,0.0,1.0,0.0,0.0,0.0,100.0,DISARMED,1,0.0,0.0,0.0,0.0,0.0,0.0,100.0,UNKNOWN,1,0.0,0.0,0.0,0.0,0.0,0.0,100.0,UNKNOWN,1,0.0,0.0,0.0,0.0,0.0,0.0,100.0,UNKNOWN,1,0.0,0.0,0.0,0.0,0.0,0.0,100.0,UNKNOWN,1,9.685040473937988,IDLE,0.0
1779448468.1877048,0.0,0.0,1.0,0.0,0.0,0.0,100.0,DISARMED,1,0.0,0.0,0.0,0.0,0.0,0.0,100.0,UNKNOWN,1,0.0,0.0,0.0,0.0,0.0,0.0,100.0,UNKNOWN,1,0.0,0.0,0.0,0.0,0.0,0.0,100.0,UNKNOWN,1,0.0,0.0,0.0,0.0,0.0,0.0,100.0,UNKNOWN,1,9.685040473937988,IDLE,0.0
1779448468.7150826,0.0,0.0,1.0,0.0,0.0,0.0,100.0,DISARMED,1,0.0,0.0,0.0,0.0,0.0,0.0,100.0,UNKNOWN,1,0.0,0.0,0.0,0.0,0.0,0.0,100.0,UNKNOWN,1,0.0,0.0,0.0,0.0,0.0,0.0,100.0,UNKNOWN,1,0.0,0.0,0.0,0.0,0.0,0.0,100.0,UNKNOWN,1,9.685040473937988,IDLE,0.0
1779448468.8919466,0.0,0.0,1.0,0.0,0.0,0.0,100.0,DISARMED,1,0.0,0.0,0.0,0.0,0.0,0.0,100.0,UNKNOWN,1,0.0,0.0,0.0,0.0,0.0,0.0,100.0,UNKNOWN,1,0.0,0.0,0.0,0.0,0.0,0.0,100.0,UNKNOWN,1,0.0,0.0,0.0,0.0,0.0,0.0,100.0,UNKNOWN,1,9.685040473937988,IDLE,0.0
1779448469.0152078,0.0,0.0,1.0,0.0,0.0,0.0,100.0,DISARMED,1,0.0,0.0,0.0,0.0,0.0,0.0,100.0,UNKNOWN,1,0.0,0.0,0.0,0.0,0.0,0.0,100.0,UNKNOWN,1,0.0,0.0,0.0,0.0,0.0,0.0,100.0,UNKNOWN,1,0.0,0.0,0.0,0.0,0.0,0.0,100.0,UNKNOWN,1,9.685040473937988,IDLE,0.0
1779448469.1233187,0.0,0.0,1.0,0.0,0.0,0.0,100.0,DISARMED,1,0.0,0.0,0.0,0.0,0.0,0.0,100.0,UNKNOWN,1,0.0,0.0,0.0,0.0,0.0,0.0,100.0,UNKNOWN,1,0.0,0.0,0.0,0.0,0.0,0.0,100.0,UNKNOWN,1,0.0,0.0,0.0,0.0,0.0,0.0,100.0,UNKNOWN,1,9.685040473937988,IDLE,0.0
1779448469.26045,0.0,0.0,1.0,0.0,0.0,0.0,100.0,DISARMED,1,0.0,0.0,0.0,0.0,0.0,0.0,100.0,UNKNOWN,1,0.0,0.0,0.0,0.0,0.0,0.0,100.0,UNKNOWN,1,0.0,0.0,0.0,0.0,0.0,0.0,100.0,UNKNOWN,1,0.0,0.0,0.0,0.0,0.0,0.0,100.0,UNKNOWN,1,9.685040473937988,IDLE,0.0
1779448469.9914749,0.0,0.0,1.0,0.0,0.0,0.0,100.0,DISARMED,1,0.0,0.0,0.0,0.0,0.0,0.0,100.0,UNKNOWN,1,0.0,0.0,0.0,0.0,0.0,0.0,100.0,UNKNOWN,1,0.0,0.0,0.0,0.0,0.0,0.0,100.0,UNKNOWN,1,0.0,0.0,0.0,0.0,0.0,0.0,100.0,UNKNOWN,1,9.685040473937988,IDLE,0.0
1779448470.2367983,0.0,0.0,1.0,0.0,0.0,0.0,100.0,DISARMED,1,0.0,0.0,0.0,0.0,0.0,0.0,100.0,UNKNOWN,1,0.0,0.0,0.0,0.0,0.0,0.0,100.0,UNKNOWN,1,0.0,0.0,0.0,0.0,0.0,0.0,100.0,UNKNOWN,1,0.0,0.0,0.0,0.0,0.0,0.0,100.0,UNKNOWN,1,9.685040473937988,IDLE,0.0
1779448470.8773735,0.0,0.0,1.0,0.0,0.0,0.0,100.0,DISARMED,1,0.0,0.0,0.0,0.0,0.0,0.0,100.0,UNKNOWN,1,0.0,0.0,0.0,0.0,0.0,0.0,100.0,UNKNOWN,1,0.0,0.0,0.0,0.0,0.0,0.0,100.0,UNKNOWN,1,0.0,0.0,0.0,0.0,0.0,0.0,100.0,UNKNOWN,1,9.685040473937988,IDLE,0.0
1779448470.9730356,0.0,0.0,1.0,0.0,0.0,0.0,100.0,DISARMED,1,0.0,0.0,0.0,0.0,0.0,0.0,100.0,UNKNOWN,1,0.0,0.0,0.0,0.0,0.0,0.0,100.0,UNKNOWN,1,0.0,0.0,0.0,0.0,0.0,0.0,100.0,UNKNOWN,1,0.0,0.0,0.0,0.0,0.0,0.0,100.0,UNKNOWN,1,9.685040473937988,IDLE,0.0
1779448471.5820034,0.0,0.0,1.0,0.0,0.0,0.0,100.0,DISARMED,1,0.0,0.0,0.0,0.0,0.0,0.0,100.0,UNKNOWN,1,0.0,0.0,0.0,0.0,0.0,0.0,100.0,UNKNOWN,1,0.0,0.0,0.0,0.0,0.0,0.0,100.0,UNKNOWN,1,0.0,0.0,0.0,0.0,0.0,0.0,100.0,UNKNOWN,1,9.685040473937988,IDLE,0.0
1779448471.759573,0.0,0.0,1.0,0.0,0.0,0.0,100.0,DISARMED,1,0.0,0.0,0.0,0.0,0.0,0.0,100.0,UNKNOWN,1,0.0,0.0,0.0,0.0,0.0,0.0,100.0,UNKNOWN,1,0.0,0.0,0.0,0.0,0.0,0.0,100.0,UNKNOWN,1,0.0,0.0,0.0,0.0,0.0,0.0,100.0,UNKNOWN,1,9.685040473937988,IDLE,0.0
1779448471.8212337,0.0,0.0,1.0,0.0,0.0,0.0,100.0,DISARMED,1,0.0,0.0,0.0,0.0,0.0,0.0,100.0,UNKNOWN,1,0.0,0.0,0.0,0.0,0.0,0.0,100.0,UNKNOWN,1,0.0,0.0,0.0,0.0,0.0,0.0,100.0,UNKNOWN,1,0.0,0.0,0.0,0.0,0.0,0.0,100.0,UNKNOWN,1,9.685040473937988,IDLE,0.0
1779448471.9323494,0.0,0.0,1.0,0.0,0.0,0.0,100.0,DISARMED,1,0.0,0.0,0.0,0.0,0.0,0.0,100.0,UNKNOWN,1,0.0,0.0,0.0,0.0,0.0,0.0,100.0,UNKNOWN,1,0.0,0.0,0.0,0.0,0.0,0.0,100.0,UNKNOWN,1,0.0,0.0,0.0,0.0,0.0,0.0,100.0,UNKNOWN,1,9.685040473937988,IDLE,0.0
1779448472.1095421,0.0,0.0,1.0,0.0,0.0,0.0,100.0,DISARMED,1,0.0,0.0,0.0,0.0,0.0,0.0,100.0,UNKNOWN,1,0.0,0.0,0.0,0.0,0.0,0.0,100.0,UNKNOWN,1,0.0,0.0,0.0,0.0,0.0,0.0,100.0,UNKNOWN,1,0.0,0.0,0.0,0.0,0.0,0.0,100.0,UNKNOWN,1,9.685040473937988,IDLE,0.0
1779448472.5808642,0.0,0.0,1.0,0.0,0.0,0.0,100.0,DISARMED,1,0.0,0.0,0.0,0.0,0.0,0.0,100.0,UNKNOWN,1,0.0,0.0,0.0,0.0,0.0,0.0,100.0,UNKNOWN,1,0.0,0.0,0.0,0.0,0.0,0.0,100.0,UNKNOWN,1,0.0,0.0,0.0,0.0,0.0,0.0,100.0,UNKNOWN,1,9.685040473937988,IDLE,0.0
1779448472.761603,0.0,0.0,1.0,0.0,0.0,0.0,100.0,DISARMED,1,0.0,0.0,0.0,0.0,0.0,0.0,100.0,UNKNOWN,1,0.0,0.0,0.0,0.0,0.0,0.0,100.0,UNKNOWN,1,0.0,0.0,0.0,0.0,0.0,0.0,100.0,UNKNOWN,1,0.0,0.0,0.0,0.0,0.0,0.0,100.0,UNKNOWN,1,9.685040473937988,IDLE,0.0
1779448472.8321607,0.0,0.0,1.0,0.0,0.0,0.0,100.0,DISARMED,1,0.0,0.0,0.0,0.0,0.0,0.0,100.0,UNKNOWN,1,0.0,0.0,0.0,0.0,0.0,0.0,100.0,UNKNOWN,1,0.0,0.0,0.0,0.0,0.0,0.0,100.0,UNKNOWN,1,0.0,0.0,0.0,0.0,0.0,0.0,100.0,UNKNOWN,1,9.685040473937988,IDLE,0.0
1779448472.941781,0.0,0.0,1.0,0.0,0.0,0.0,100.0,DISARMED,1,0.0,0.0,0.0,0.0,0.0,0.0,100.0,UNKNOWN,1,0.0,0.0,0.0,0.0,0.0,0.0,100.0,UNKNOWN,1,0.0,0.0,0.0,0.0,0.0,0.0,100.0,UNKNOWN,1,0.0,0.0,0.0,0.0,0.0,0.0,100.0,UNKNOWN,1,9.685040473937988,IDLE,0.0
1779448473.0199423,0.0,0.0,1.0,0.0,0.0,0.0,100.0,DISARMED,1,0.0,0.0,0.0,0.0,0.0,0.0,100.0,UNKNOWN,1,0.0,0.0,0.0,0.0,0.0,0.0,100.0,UNKNOWN,1,0.0,0.0,0.0,0.0,0.0,0.0,100.0,UNKNOWN,1,0.0,0.0,0.0,0.0,0.0,0.0,100.0,UNKNOWN,1,9.685040473937988,IDLE,0.0
1779448473.08893,0.0,0.0,1.0,0.0,0.0,0.0,100.0,DISARMED,1,0.0,0.0,0.0,0.0,0.0,0.0,100.0,UNKNOWN,1,0.0,0.0,0.0,0.0,0.0,0.0,100.0,UNKNOWN,1,0.0,0.0,0.0,0.0,0.0,0.0,100.0,UNKNOWN,1,0.0,0.0,0.0,0.0,0.0,0.0,100.0,UNKNOWN,1,9.685040473937988,IDLE,0.0
1779448473.2595415,0.0,0.0,1.0,0.0,0.0,0.0,100.0,DISARMED,1,0.0,0.0,0.0,0.0,0.0,0.0,100.0,UNKNOWN,1,0.0,0.0,0.0,0.0,0.0,0.0,100.0,UNKNOWN,1,0.0,0.0,0.0,0.0,0.0,0.0,100.0,UNKNOWN,1,0.0,0.0,0.0,0.0,0.0,0.0,100.0,UNKNOWN,1,9.685040473937988,IDLE,0.0
1779448473.829927,0.0,0.0,1.0,0.0,0.0,0.0,100.0,DISARMED,1,0.0,0.0,0.0,0.0,0.0,0.0,100.0,UNKNOWN,1,0.0,0.0,0.0,0.0,0.0,0.0,100.0,UNKNOWN,1,0.0,0.0,0.0,0.0,0.0,0.0,100.0,UNKNOWN,1,0.0,0.0,0.0,0.0,0.0,0.0,100.0,UNKNOWN,1,9.685040473937988,IDLE,0.0
1779448474.0975358,0.0,0.0,1.0,0.0,0.0,0.0,100.0,DISARMED,1,0.0,0.0,0.0,0.0,0.0,0.0,100.0,UNKNOWN,1,0.0,0.0,0.0,0.0,0.0,0.0,100.0,UNKNOWN,1,0.0,0.0,0.0,0.0,0.0,0.0,100.0,UNKNOWN,1,0.0,0.0,0.0,0.0,0.0,0.0,100.0,UNKNOWN,1,9.685040473937988,IDLE,0.0
1779448474.2993233,0.0,0.0,1.0,0.0,0.0,0.0,100.0,DISARMED,1,0.0,0.0,0.0,0.0,0.0,0.0,100.0,UNKNOWN,1,0.0,0.0,0.0,0.0,0.0,0.0,100.0,UNKNOWN,1,0.0,0.0,0.0,0.0,0.0,0.0,100.0,UNKNOWN,1,0.0,0.0,0.0,0.0,0.0,0.0,100.0,UNKNOWN,1,9.685040473937988,IDLE,0.0
1779448474.525996,0.0,0.0,1.0,0.0,0.0,0.0,100.0,DISARMED,1,0.0,0.0,0.0,0.0,0.0,0.0,100.0,UNKNOWN,1,0.0,0.0,0.0,0.0,0.0,0.0,100.0,UNKNOWN,1,0.0,0.0,0.0,0.0,0.0,0.0,100.0,UNKNOWN,1,0.0,0.0,0.0,0.0,0.0,0.0,100.0,UNKNOWN,1,9.685040473937988,IDLE,0.0
1779448474.6163845,0.0,0.0,1.0,0.0,0.0,0.0,100.0,DISARMED,1,0.0,0.0,0.0,0.0,0.0,0.0,100.0,UNKNOWN,1,0.0,0.0,0.0,0.0,0.0,0.0,100.0,UNKNOWN,1,0.0,0.0,0.0,0.0,0.0,0.0,100.0,UNKNOWN,1,0.0,0.0,0.0,0.0,0.0,0.0,100.0,UNKNOWN,1,9.685040473937988,IDLE,0.0
1779448474.7919714,0.0,0.0,1.0,0.0,0.0,0.0,100.0,DISARMED,1,0.0,0.0,0.0,0.0,0.0,0.0,100.0,UNKNOWN,1,0.0,0.0,0.0,0.0,0.0,0.0,100.0,UNKNOWN,1,0.0,0.0,0.0,0.0,0.0,0.0,100.0,UNKNOWN,1,0.0,0.0,0.0,0.0,0.0,0.0,100.0,UNKNOWN,1,9.685040473937988,IDLE,0.0
1779448474.8973908,0.0,0.0,1.0,0.0,0.0,0.0,100.0,DISARMED,1,0.0,0.0,0.0,0.0,0.0,0.0,100.0,UNKNOWN,1,0.0,0.0,0.0,0.0,0.0,0.0,100.0,UNKNOWN,1,0.0,0.0,0.0,0.0,0.0,0.0,100.0,UNKNOWN,1,0.0,0.0,0.0,0.0,0.0,0.0,100.0,UNKNOWN,1,9.685040473937988,IDLE,0.0
1779448475.1337528,0.0,0.0,1.0,0.0,0.0,0.0,100.0,DISARMED,1,0.0,0.0,0.0,0.0,0.0,0.0,100.0,UNKNOWN,1,0.0,0.0,0.0,0.0,0.0,0.0,100.0,UNKNOWN,1,0.0,0.0,0.0,0.0,0.0,0.0,100.0,UNKNOWN,1,0.0,0.0,0.0,0.0,0.0,0.0,100.0,UNKNOWN,1,9.685040473937988,IDLE,0.0
1779448475.5719078,0.0,0.0,1.0,0.0,0.0,0.0,100.0,DISARMED,1,0.0,0.0,0.0,0.0,0.0,0.0,100.0,UNKNOWN,1,0.0,0.0,0.0,0.0,0.0,0.0,100.0,UNKNOWN,1,0.0,0.0,0.0,0.0,0.0,0.0,100.0,UNKNOWN,1,0.0,0.0,0.0,0.0,0.0,0.0,100.0,UNKNOWN,1,9.685040473937988,IDLE,0.0
1779448475.7708333,0.0,0.0,1.0,0.0,0.0,0.0,100.0,DISARMED,1,0.0,0.0,0.0,0.0,0.0,0.0,100.0,UNKNOWN,1,0.0,0.0,0.0,0.0,0.0,0.0,100.0,UNKNOWN,1,0.0,0.0,0.0,0.0,0.0,0.0,100.0,UNKNOWN,1,0.0,0.0,0.0,0.0,0.0,0.0,100.0,UNKNOWN,1,9.685040473937988,IDLE,0.0
1779448475.8912308,0.0,0.0,1.0,0.0,0.0,0.0,100.0,DISARMED,1,0.0,0.0,0.0,0.0,0.0,0.0,100.0,UNKNOWN,1,0.0,0.0,0.0,0.0,0.0,0.0,100.0,UNKNOWN,1,0.0,0.0,0.0,0.0,0.0,0.0,100.0,UNKNOWN,1,0.0,0.0,0.0,0.0,0.0,0.0,100.0,UNKNOWN,1,9.685040473937988,IDLE,0.0
1779448476.0524762,0.0,0.0,1.0,0.0,0.0,0.0,100.0,DISARMED,1,0.0,0.0,0.0,0.0,0.0,0.0,100.0,UNKNOWN,1,0.0,0.0,0.0,0.0,0.0,0.0,100.0,UNKNOWN,1,0.0,0.0,0.0,0.0,0.0,0.0,100.0,UNKNOWN,1,0.0,0.0,0.0,0.0,0.0,0.0,100.0,UNKNOWN,1,9.685040473937988,IDLE,0.0
1779448476.20784,0.0,0.0,1.0,0.0,0.0,0.0,100.0,DISARMED,1,0.0,0.0,0.0,0.0,0.0,0.0,100.0,UNKNOWN,1,0.0,0.0,0.0,0.0,0.0,0.0,100.0,UNKNOWN,1,0.0,0.0,0.0,0.0,0.0,0.0,100.0,UNKNOWN,1,0.0,0.0,0.0,0.0,0.0,0.0,100.0,UNKNOWN,1,9.685040473937988,IDLE,0.0
1779448476.5834527,0.0,0.0,1.0,0.0,0.0,0.0,100.0,DISARMED,1,0.0,0.0,0.0,0.0,0.0,0.0,100.0,UNKNOWN,1,0.0,0.0,0.0,0.0,0.0,0.0,100.0,UNKNOWN,1,0.0,0.0,0.0,0.0,0.0,0.0,100.0,UNKNOWN,1,0.0,0.0,0.0,0.0,0.0,0.0,100.0,UNKNOWN,1,9.685040473937988,IDLE,0.0
1779448476.5907755,0.0,0.0,1.0,0.0,0.0,0.0,100.0,DISARMED,1,0.0,0.0,0.0,0.0,0.0,0.0,100.0,UNKNOWN,1,0.0,0.0,0.0,0.0,0.0,0.0,100.0,UNKNOWN,1,0.0,0.0,0.0,0.0,0.0,0.0,100.0,UNKNOWN,1,0.0,0.0,0.0,0.0,0.0,0.0,100.0,UNKNOWN,1,9.685040473937988,IDLE,0.0
1779448476.7531235,0.0,0.0,1.0,0.0,0.0,0.0,100.0,DISARMED,1,0.0,0.0,0.0,0.0,0.0,0.0,100.0,UNKNOWN,1,0.0,0.0,0.0,0.0,0.0,0.0,100.0,UNKNOWN,1,0.0,0.0,0.0,0.0,0.0,0.0,100.0,UNKNOWN,1,0.0,0.0,0.0,0.0,0.0,0.0,100.0,UNKNOWN,1,9.685040473937988,IDLE,0.0
1779448476.8060365,0.0,0.0,1.0,0.0,0.0,0.0,100.0,DISARMED,1,0.0,0.0,0.0,0.0,0.0,0.0,100.0,UNKNOWN,1,0.0,0.0,0.0,0.0,0.0,0.0,100.0,UNKNOWN,1,0.0,0.0,0.0,0.0,0.0,0.0,100.0,UNKNOWN,1,0.0,0.0,0.0,0.0,0.0,0.0,100.0,UNKNOWN,1,9.685040473937988,IDLE,0.0
1779448476.900511,0.0,0.0,1.0,0.0,0.0,0.0,100.0,DISARMED,1,0.0,0.0,0.0,0.0,0.0,0.0,100.0,UNKNOWN,1,0.0,0.0,0.0,0.0,0.0,0.0,100.0,UNKNOWN,1,0.0,0.0,0.0,0.0,0.0,0.0,100.0,UNKNOWN,1,0.0,0.0,0.0,0.0,0.0,0.0,100.0,UNKNOWN,1,9.685040473937988,IDLE,0.0
1779448477.1386485,0.0,0.0,1.0,0.0,0.0,0.0,100.0,DISARMED,1,0.0,0.0,0.0,0.0,0.0,0.0,100.0,UNKNOWN,1,0.0,0.0,0.0,0.0,0.0,0.0,100.0,UNKNOWN,1,0.0,0.0,0.0,0.0,0.0,0.0,100.0,UNKNOWN,1,0.0,0.0,0.0,0.0,0.0,0.0,100.0,UNKNOWN,1,9.685040473937988,IDLE,0.0
1779448477.2108676,0.0,0.0,1.0,0.0,0.0,0.0,100.0,DISARMED,1,0.0,0.0,0.0,0.0,0.0,0.0,100.0,UNKNOWN,1,0.0,0.0,0.0,0.0,0.0,0.0,100.0,UNKNOWN,1,0.0,0.0,0.0,0.0,0.0,0.0,100.0,UNKNOWN,1,0.0,0.0,0.0,0.0,0.0,0.0,100.0,UNKNOWN,1,9.685040473937988,IDLE,0.0
1779448477.6512659,0.0,0.0,1.0,0.0,0.0,0.0,100.0,DISARMED,1,0.0,0.0,0.0,0.0,0.0,0.0,100.0,UNKNOWN,1,0.0,0.0,0.0,0.0,0.0,0.0,100.0,UNKNOWN,1,0.0,0.0,0.0,0.0,0.0,0.0,100.0,UNKNOWN,1,0.0,0.0,0.0,0.0,0.0,0.0,100.0,UNKNOWN,1,9.685040473937988,IDLE,0.0
1779448477.7540073,0.0,0.0,1.0,0.0,0.0,0.0,100.0,DISARMED,1,0.0,0.0,0.0,0.0,0.0,0.0,100.0,UNKNOWN,1,0.0,0.0,0.0,0.0,0.0,0.0,100.0,UNKNOWN,1,0.0,0.0,0.0,0.0,0.0,0.0,100.0,UNKNOWN,1,0.0,0.0,0.0,0.0,0.0,0.0,100.0,UNKNOWN,1,9.685040473937988,IDLE,0.0
1779448477.7948537,0.0,0.0,1.0,0.0,0.0,0.0,100.0,DISARMED,1,0.0,0.0,0.0,0.0,0.0,0.0,100.0,UNKNOWN,1,0.0,0.0,0.0,0.0,0.0,0.0,100.0,UNKNOWN,1,0.0,0.0,0.0,0.0,0.0,0.0,100.0,UNKNOWN,1,0.0,0.0,0.0,0.0,0.0,0.0,100.0,UNKNOWN,1,9.685040473937988,IDLE,0.0
1779448477.8932745,0.0,0.0,1.0,0.0,0.0,0.0,100.0,DISARMED,1,0.0,0.0,0.0,0.0,0.0,0.0,100.0,UNKNOWN,1,0.0,0.0,0.0,0.0,0.0,0.0,100.0,UNKNOWN,1,0.0,0.0,0.0,0.0,0.0,0.0,100.0,UNKNOWN,1,0.0,0.0,0.0,0.0,0.0,0.0,100.0,UNKNOWN,1,9.685040473937988,IDLE,0.0
1779448478.04322,0.0,0.0,1.0,0.0,0.0,0.0,100.0,DISARMED,1,0.0,0.0,0.0,0.0,0.0,0.0,100.0,UNKNOWN,1,0.0,0.0,0.0,0.0,0.0,0.0,100.0,UNKNOWN,1,0.0,0.0,0.0,0.0,0.0,0.0,100.0,UNKNOWN,1,0.0,0.0,0.0,0.0,0.0,0.0,100.0,UNKNOWN,1,9.685040473937988,IDLE,0.0
1779448478.1401742,0.0,0.0,1.0,0.0,0.0,0.0,100.0,DISARMED,1,0.0,0.0,0.0,0.0,0.0,0.0,100.0,UNKNOWN,1,0.0,0.0,0.0,0.0,0.0,0.0,100.0,UNKNOWN,1,0.0,0.0,0.0,0.0,0.0,0.0,100.0,UNKNOWN,1,0.0,0.0,0.0,0.0,0.0,0.0,100.0,UNKNOWN,1,9.685040473937988,IDLE,0.0
1779448478.247484,0.0,0.0,1.0,0.0,0.0,0.0,100.0,DISARMED,1,0.0,0.0,0.0,0.0,0.0,0.0,100.0,UNKNOWN,1,0.0,0.0,0.0,0.0,0.0,0.0,100.0,UNKNOWN,1,0.0,0.0,0.0,0.0,0.0,0.0,100.0,UNKNOWN,1,0.0,0.0,0.0,0.0,0.0,0.0,100.0,UNKNOWN,1,9.685040473937988,IDLE,0.0
