timestamp,drone_1_x,drone_1_y,drone_1_z,drone_1_vx,drone_1_vy,drone_1_vz,drone_1_battery,drone_1_state,drone_1_health,drone_2_x,drone_2_y,drone_2_z,drone_2_vx,drone_2_vy,drone_2_vz,drone_2_battery,drone_2_state,drone_2_health,drone_3_x,drone_3_y,drone_3_z,drone_3_vx,drone_3_vy,drone_3_vz,drone_3_battery,drone_3_state,drone_3_health,drone_4_x,drone_4_y,drone_4_z,drone_4_vx,drone_4_vy,drone_4_vz,drone_4_battery,drone_4_state,drone_4_health,drone_5_x,drone_5_y,drone_5_z,drone_5_vx,drone_5_vy,drone_5_vz,drone_5_battery,drone_5_state,drone_5_health,formation_error,mission_state,mission_progress
1779449514.5623522,0.0,0.0,1.0,0.0,0.0,0.0,100.0,DISARMED,1,0.0,0.0,0.0,0.0,0.0,0.0,100.0,UNKNOWN,1,0.0,0.0,0.0,0.0,0.0,0.0,100.0,UNKNOWN,1,0.0,0.0,0.0,0.0,0.0,0.0,100.0,UNKNOWN,1,0.0,0.0,0.0,0.0,0.0,0.0,100.0,UNKNOWN,1,0.0,IDLE,0.0
1779449514.6789088,0.0,0.0,1.0,0.0,0.0,0.0,100.0,DISARMED,1,0.0,0.0,0.0,0.0,0.0,0.0,100.0,UNKNOWN,1,0.0,0.0,0.0,0.0,0.0,0.0,100.0,UNKNOWN,1,0.0,0.0,0.0,0.0,0.0,0.0,100.0,UNKNOWN,1,0.0,0.0,0.0,0.0,0.0,0.0,100.0,UNKNOWN,1,0.0,IDLE,0.0
1779449514.8604088,0.0,0.0,1.0,0.0,0.0,0.0,100.0,DISARMED,1,0.0,0.0,0.0,0.0,0.0,0.0,100.0,UNKNOWN,1,0.0,0.0,0.0,0.0,0.0,0.0,100.0,UNKNOWN,1,0.0,0.0,0.0,0.0,0.0,0.0,100.0,UNKNOWN,1,0.0,0.0,0.0,0.0,0.0,0.0,100.0,UNKNOWN,1,0.0,IDLE,0.0
1779449514.988336,0.0,0.0,1.0,0.0,0.0,0.0,100.0,DISARMED,1,0.0,0.0,0.0,0.0,0.0,0.0,100.0,UNKNOWN,1,0.0,0.0,0.0,0.0,0.0,0.0,100.0,UNKNOWN,1,0.0,0.0,0.0,0.0,0.0,0.0,100.0,UNKNOWN,1,0.0,0.0,0.0,0.0,0.0,0.0,100.0,UNKNOWN,1,0.0,IDLE,0.0
1779449515.075086,0.0,0.0,1.0,0.0,0.0,0.0,100.0,DISARMED,1,0.0,0.0,0.0,0.0,0.0,0.0,100.0,UNKNOWN,1,0.0,0.0,0.0,0.0,0.0,0.0,100.0,UNKNOWN,1,0.0,0.0,0.0,0.0,0.0,0.0,100.0,UNKNOWN,1,0.0,0.0,0.0,0.0,0.0,0.0,100.0,UNKNOWN,1,0.0,IDLE,0.0
1779449515.1934912,0.0,0.0,1.0,0.0,0.0,0.0,100.0,DISARMED,1,0.0,0.0,0.0,0.0,0.0,0.0,100.0,UNKNOWN,1,0.0,0.0,0.0,0.0,0.0,0.0,100.0,UNKNOWN,1,0.0,0.0,0.0,0.0,0.0,0.0,100.0,UNKNOWN,1,0.0,0.0,0.0,0.0,0.0,0.0,100.0,UNKNOWN,1,9.723682403564453,IDLE,0.0
1779449515.2812405,0.0,0.0,1.0,0.0,0.0,0.0,100.0,DISARMED,1,0.0,0.0,0.0,0.0,0.0,0.0,100.0,UNKNOWN,1,0.0,0.0,0.0,0.0,0.0,0.0,100.0,UNKNOWN,1,0.0,0.0,0.0,0.0,0.0,0.0,100.0,UNKNOWN,1,0.0,0.0,0.0,0.0,0.0,0.0,100.0,UNKNOWN,1,9.723682403564453,IDLE,0.0
1779449515.3629313,0.0,0.0,1.0,0.0,0.0,0.0,100.0,DISARMED,1,0.0,0.0,0.0,0.0,0.0,0.0,100.0,UNKNOWN,1,0.0,0.0,0.0,0.0,0.0,0.0,100.0,UNKNOWN,1,0.0,0.0,0.0,0.0,0.0,0.0,100.0,UNKNOWN,1,0.0,0.0,0.0,0.0,0.0,0.0,100.0,UNKNOWN,1,9.723682403564453,IDLE,0.0
1779449515.6166167,0.0,0.0,1.0,0.0,0.0,0.0,100.0,DISARMED,1,0.0,0.0,0.0,0.0,0.0,0.0,100.0,UNKNOWN,1,0.0,0.0,0.0,0.0,0.0,0.0,100.0,UNKNOWN,1,0.0,0.0,0.0,0.0,0.0,0.0,100.0,UNKNOWN,1,0.0,0.0,0.0,0.0,0.0,0.0,100.0,UNKNOWN,1,9.723682403564453,IDLE,0.0
1779449515.6637583,0.0,0.0,1.0,0.0,0.0,0.0,100.0,DISARMED,1,0.0,0.0,0.0,0.0,0.0,0.0,100.0,UNKNOWN,1,0.0,0.0,0.0,0.0,0.0,0.0,100.0,UNKNOWN,1,0.0,0.0,0.0,0.0,0.0,0.0,100.0,UNKNOWN,1,0.0,0.0,0.0,0.0,0.0,0.0,100.0,UNKNOWN,1,9.685040473937988,IDLE,0.0
1779449515.810688,0.0,0.0,1.0,0.0,0.0,0.0,100.0,DISARMED,1,0.0,0.0,0.0,0.0,0.0,0.0,100.0,UNKNOWN,1,0.0,0.0,0.0,0.0,0.0,0.0,100.0,UNKNOWN,1,0.0,0.0,0.0,0.0,0.0,0.0,100.0,UNKNOWN,1,0.0,0.0,0.0,0.0,0.0,0.0,100.0,UNKNOWN,1,9.685040473937988,IDLE,0.0
1779449515.889374,0.0,0.0,1.0,0.0,0.0,0.0,100.0,DISARMED,1,0.0,0.0,0.0,0.0,0.0,0.0,100.0,UNKNOWN,1,0.0,0.0,0.0,0.0,0.0,0.0,100.0,UNKNOWN,1,0.0,0.0,0.0,0.0,0.0,0.0,100.0,UNKNOWN,1,0.0,0.0,0.0,0.0,0.0,0.0,100.0,UNKNOWN,1,9.685040473937988,IDLE,0.0
1779449516.070848,0.0,0.0,1.0,0.0,0.0,0.0,100.0,DISARMED,1,0.0,0.0,0.0,0.0,0.0,0.0,100.0,UNKNOWN,1,0.0,0.0,0.0,0.0,0.0,0.0,100.0,UNKNOWN,1,0.0,0.0,0.0,0.0,0.0,0.0,100.0,UNKNOWN,1,0.0,0.0,0.0,0.0,0.0,0.0,100.0,UNKNOWN,1,9.685040473937988,IDLE,0.0
1779449516.1811392,0.0,0.0,1.0,0.0,0.0,0.0,100.0,DISARMED,1,0.0,0.0,0.0,0.0,0.0,0.0,100.0,UNKNOWN,1,0.0,0.0,0.0,0.0,0.0,0.0,100.0,UNKNOWN,1,0.0,0.0,0.0,0.0,0.0,0.0,100.0,UNKNOWN,1,0.0,0.0,0.0,0.0,0.0,0.0,100.0,UNKNOWN,1,9.685040473937988,IDLE,0.0
1779449516.2903798,0.0,0.0,1.0,0.0,0.0,0.0,100.0,DISARMED,1,0.0,0.0,0.0,0.0,0.0,0.0,100.0,UNKNOWN,1,0.0,0.0,0.0,0.0,0.0,0.0,100.0,UNKNOWN,1,0.0,0.0,0.0,0.0,0.0,0.0,100.0,UNKNOWN,1,0.0,0.0,0.0,0.0,0.0,0.0,100.0,UNKNOWN,1,9.685040473937988,IDLE,0.0
1779449516.431405,0.0,0.0,1.0,0.0,0.0,0.0,100.0,DISARMED,1,0.0,0.0,0.0,0.0,0.0,0.0,100.0,UNKNOWN,1,0.0,0.0,0.0,0.0,0.0,0.0,100.0,UNKNOWN,1,0.0,0.0,0.0,0.0,0.0,0.0,100.0,UNKNOWN,1,0.0,0.0,0.0,0.0,0.0,0.0,100.0,UNKNOWN,1,9.685040473937988,IDLE,0.0
1779449516.864257,0.0,0.0,1.0,0.0,0.0,0.0,100.0,DISARMED,1,0.0,0.0,0.0,0.0,0.0,0.0,100.0,UNKNOWN,1,0.0,0.0,0.0,0.0,0.0,0.0,100.0,UNKNOWN,1,0.0,0.0,0.0,0.0,0.0,0.0,100.0,UNKNOWN,1,0.0,0.0,0.0,0.0,0.0,0.0,100.0,UNKNOWN,1,9.685040473937988,IDLE,0.0
1779449516.9727433,0.0,0.0,1.0,0.0,0.0,0.0,100.0,DISARMED,1,0.0,0.0,0.0,0.0,0.0,0.0,100.0,UNKNOWN,1,0.0,0.0,0.0,0.0,0.0,0.0,100.0,UNKNOWN,1,0.0,0.0,0.0,0.0,0.0,0.0,100.0,UNKNOWN,1,0.0,0.0,0.0,0.0,0.0,0.0,100.0,UNKNOWN,1,9.685040473937988,IDLE,0.0
1779449517.2937644,0.0,0.0,1.0,0.0,0.0,0.0,100.0,DISARMED,1,0.0,0.0,0.0,0.0,0.0,0.0,100.0,UNKNOWN,1,0.0,0.0,0.0,0.0,0.0,0.0,100.0,UNKNOWN,1,0.0,0.0,0.0,0.0,0.0,0.0,100.0,UNKNOWN,1,0.0,0.0,0.0,0.0,0.0,0.0,100.0,UNKNOWN,1,9.685040473937988,IDLE,0.0
1779449517.6855273,0.0,0.0,1.0,0.0,0.0,0.0,100.0,DISARMED,1,0.0,0.0,0.0,0.0,0.0,0.0,100.0,UNKNOWN,1,0.0,0.0,0.0,0.0,0.0,0.0,100.0,UNKNOWN,1,0.0,0.0,0.0,0.0,0.0,0.0,100.0,UNKNOWN,1,0.0,0.0,0.0,0.0,0.0,0.0,100.0,UNKNOWN,1,9.685040473937988,IDLE,0.0
1779449517.7736893,0.0,0.0,1.0,0.0,0.0,0.0,100.0,DISARMED,1,0.0,0.0,0.0,0.0,0.0,0.0,100.0,UNKNOWN,1,0.0,0.0,0.0,0.0,0.0,0.0,100.0,UNKNOWN,1,0.0,0.0,0.0,0.0,0.0,0.0,100.0,UNKNOWN,1,0.0,0.0,0.0,0.0,0.0,0.0,100.0,UNKNOWN,1,9.685040473937988,IDLE,0.0
1779449517.899153,0.0,0.0,1.0,0.0,0.0,0.0,100.0,DISARMED,1,0.0,0.0,0.0,0.0,0.0,0.0,100.0,UNKNOWN,1,0.0,0.0,0.0,0.0,0.0,0.0,100.0,UNKNOWN,1,0.0,0.0,0.0,0.0,0.0,0.0,100.0,UNKNOWN,1,0.0,0.0,0.0,0.0,0.0,0.0,100.0,UNKNOWN,1,9.685040473937988,IDLE,0.0
1779449518.1416883,0.0,0.0,1.0,0.0,0.0,0.0,100.0,DISARMED,1,0.0,0.0,0.0,0.0,0.0,0.0,100.0,UNKNOWN,1,0.0,0.0,0.0,0.0,0.0,0.0,100.0,UNKNOWN,1,0.0,0.0,0.0,0.0,0.0,0.0,100.0,UNKNOWN,1,0.0,0.0,0.0,0.0,0.0,0.0,100.0,UNKNOWN,1,9.685040473937988,IDLE,0.0
1779449518.2089074,0.0,0.0,1.0,0.0,0.0,0.0,100.0,DISARMED,1,0.0,0.0,0.0,0.0,0.0,0.0,100.0,UNKNOWN,1,0.0,0.0,0.0,0.0,0.0,0.0,100.0,UNKNOWN,1,0.0,0.0,0.0,0.0,0.0,0.0,100.0,UNKNOWN,1,0.0,0.0,0.0,0.0,0.0,0.0,100.0,UNKNOWN,1,9.685040473937988,IDLE,0.0
1779449518.2981586,0.0,0.0,1.0,0.0,0.0,0.0,100.0,DISARMED,1,0.0,0.0,0.0,0.0,0.0,0.0,100.0,UNKNOWN,1,0.0,0.0,0.0,0.0,0.0,0.0,100.0,UNKNOWN,1,0.0,0.0,0.0,0.0,0.0,0.0,100.0,UNKNOWN,1,0.0,0.0,0.0,0.0,0.0,0.0,100.0,UNKNOWN,1,9.685040473937988,IDLE,0.0
1779449518.9211698,0.0,0.0,1.0,0.0,0.0,0.0,100.0,DISARMED,1,0.0,0.0,0.0,0.0,0.0,0.0,100.0,UNKNOWN,1,0.0,0.0,0.0,0.0,0.0,0.0,100.0,UNKNOWN,1,0.0,0.0,0.0,0.0,0.0,0.0,100.0,UNKNOWN,1,0.0,0.0,0.0,0.0,0.0,0.0,100.0,UNKNOWN,1,9.685040473937988,IDLE,0.0
1779449518.97956,0.0,0.0,1.0,0.0,0.0,0.0,100.0,DISARMED,1,0.0,0.0,0.0,0.0,0.0,0.0,100.0,UNKNOWN,1,0.0,0.0,0.0,0.0,0.0,0.0,100.0,UNKNOWN,1,0.0,0.0,0.0,0.0,0.0,0.0,100.0,UNKNOWN,1,0.0,0.0,0.0,0.0,0.0,0.0,100.0,UNKNOWN,1,9.685040473937988,IDLE,0.0
1779449519.0814917,0.0,0.0,1.0,0.0,0.0,0.0,100.0,DISARMED,1,0.0,0.0,0.0,0.0,0.0,0.0,100.0,UNKNOWN,1,0.0,0.0,0.0,0.0,0.0,0.0,100.0,UNKNOWN,1,0.0,0.0,0.0,0.0,0.0,0.0,100.0,UNKNOWN,1,0.0,0.0,0.0,0.0,0.0,0.0,100.0,UNKNOWN,1,9.685040473937988,IDLE,0.0
1779449519.1794293,0.0,0.0,1.0,0.0,0.0,0.0,100.0,DISARMED,1,0.0,0.0,0.0,0.0,0.0,0.0,100.0,UNKNOWN,1,0.0,0.0,0.0,0.0,0.0,0.0,100.0,UNKNOWN,1,0.0,0.0,0.0,0.0,0.0,0.0,100.0,UNKNOWN,1,0.0,0.0,0.0,0.0,0.0,0.0,100.0,UNKNOWN,1,9.685040473937988,IDLE,0.0
1779449519.2653654,0.0,0.0,1.0,0.0,0.0,0.0,100.0,DISARMED,1,0.0,0.0,0.0,0.0,0.0,0.0,100.0,UNKNOWN,1,0.0,0.0,0.0,0.0,0.0,0.0,100.0,UNKNOWN,1,0.0,0.0,0.0,0.0,0.0,0.0,100.0,UNKNOWN,1,0.0,0.0,0.0,0.0,0.0,0.0,100.0,UNKNOWN,1,9.685040473937988,IDLE,0.0
1779449519.6997232,0.0,0.0,1.0,0.0,0.0,0.0,100.0,DISARMED,1,0.0,0.0,0.0,0.0,0.0,0.0,100.0,UNKNOWN,1,0.0,0.0,0.0,0.0,0.0,0.0,100.0,UNKNOWN,1,0.0,0.0,0.0,0.0,0.0,0.0,100.0,UNKNOWN,1,0.0,0.0,0.0,0.0,0.0,0.0,100.0,UNKNOWN,1,9.685040473937988,IDLE,0.0
1779449519.8249195,0.0,0.0,1.0,0.0,0.0,0.0,100.0,DISARMED,1,0.0,0.0,0.0,0.0,0.0,0.0,100.0,UNKNOWN,1,0.0,0.0,0.0,0.0,0.0,0.0,100.0,UNKNOWN,1,0.0,0.0,0.0,0.0,0.0,0.0,100.0,UNKNOWN,1,0.0,0.0,0.0,0.0,0.0,0.0,100.0,UNKNOWN,1,9.685040473937988,IDLE,0.0
1779449519.9329178,0.0,0.0,1.0,0.0,0.0,0.0,100.0,DISARMED,1,0.0,0.0,0.0,0.0,0.0,0.0,100.0,UNKNOWN,1,0.0,0.0,0.0,0.0,0.0,0.0,100.0,UNKNOWN,1,0.0,0.0,0.0,0.0,0.0,0.0,100.0,UNKNOWN,1,0.0,0.0,0.0,0.0,0.0,0.0,100.0,UNKNOWN,1,9.685040473937988,IDLE,0.0
1779449520.0451648,0.0,0.0,1.0,0.0,0.0,0.0,100.0,DISARMED,1,0.0,0.0,0.0,0.0,0.0,0.0,100.0,UNKNOWN,1,0.0,0.0,0.0,0.0,0.0,0.0,100.0,UNKNOWN,1,0.0,0.0,0.0,0.0,0.0,0.0,100.0,UNKNOWN,1,0.0,0.0,0.0,0.0,0.0,0.0,100.0,UNKNOWN,1,9.685040473937988,IDLE,0.0
1779449520.1089826,0.0,0.0,1.0,0.0,0.0,0.0,100.0,DISARMED,1,0.0,0.0,0.0,0.0,0.0,0.0,100.0,UNKNOWN,1,0.0,0.0,0.0,0.0,0.0,0.0,100.0,UNKNOWN,1,0.0,0.0,0.0,0.0,0.0,0.0,100.0,UNKNOWN,1,0.0,0.0,0.0,0.0,0.0,0.0,100.0,UNKNOWN,1,9.685040473937988,IDLE,0.0
1779449520.3173385,0.0,0.0,1.0,0.0,0.0,0.0,100.0,DISARMED,1,0.0,0.0,0.0,0.0,0.0,0.0,100.0,UNKNOWN,1,0.0,0.0,0.0,0.0,0.0,0.0,100.0,UNKNOWN,1,0.0,0.0,0.0,0.0,0.0,0.0,100.0,UNKNOWN,1,0.0,0.0,0.0,0.0,0.0,0.0,100.0,UNKNOWN,1,9.685040473937988,IDLE,0.0
1779449520.950781,0.0,0.0,1.0,0.0,0.0,0.0,100.0,DISARMED,1,0.0,0.0,0.0,0.0,0.0,0.0,100.0,UNKNOWN,1,0.0,0.0,0.0,0.0,0.0,0.0,100.0,UNKNOWN,1,0.0,0.0,0.0,0.0,0.0,0.0,100.0,UNKNOWN,1,0.0,0.0,0.0,0.0,0.0,0.0,100.0,UNKNOWN,1,9.685040473937988,IDLE,0.0
1779449521.1385772,0.0,0.0,1.0,0.0,0.0,0.0,100.0,DISARMED,1,0.0,0.0,0.0,0.0,0.0,0.0,100.0,UNKNOWN,1,0.0,0.0,0.0,0.0,0.0,0.0,100.0,UNKNOWN,1,0.0,0.0,0.0,0.0,0.0,0.0,100.0,UNKNOWN,1,0.0,0.0,0.0,0.0,0.0,0.0,100.0,UNKNOWN,1,9.685040473937988,IDLE,0.0
1779449521.1684792,0.0,0.0,1.0,0.0,0.0,0.0,100.0,DISARMED,1,0.0,0.0,0.0,0.0,0.0,0.0,100.0,UNKNOWN,1,0.0,0.0,0.0,0.0,0.0,0.0,100.0,UNKNOWN,1,0.0,0.0,0.0,0.0,0.0,0.0,100.0,UNKNOWN,1,0.0,0.0,0.0,0.0,0.0,0.0,100.0,UNKNOWN,1,9.685040473937988,IDLE,0.0
1779449521.3346984,0.0,0.0,1.0,0.0,0.0,0.0,100.0,DISARMED,1,0.0,0.0,0.0,0.0,0.0,0.0,100.0,UNKNOWN,1,0.0,0.0,0.0,0.0,0.0,0.0,100.0,UNKNOWN,1,0.0,0.0,0.0,0.0,0.0,0.0,100.0,UNKNOWN,1,0.0,0.0,0.0,0.0,0.0,0.0,100.0,UNKNOWN,1,9.685040473937988,IDLE,0.0
1779449521.764958,0.0,0.0,1.0,0.0,0.0,0.0,100.0,DISARMED,1,0.0,0.0,0.0,0.0,0.0,0.0,100.0,UNKNOWN,1,0.0,0.0,0.0,0.0,0.0,0.0,100.0,UNKNOWN,1,0.0,0.0,0.0,0.0,0.0,0.0,100.0,UNKNOWN,1,0.0,0.0,0.0,0.0,0.0,0.0,100.0,UNKNOWN,1,9.685040473937988,IDLE,0.0
1779449521.9675014,0.0,0.0,1.0,0.0,0.0,0.0,100.0,DISARMED,1,0.0,0.0,0.0,0.0,0.0,0.0,100.0,UNKNOWN,1,0.0,0.0,0.0,0.0,0.0,0.0,100.0,UNKNOWN,1,0.0,0.0,0.0,0.0,0.0,0.0,100.0,UNKNOWN,1,0.0,0.0,0.0,0.0,0.0,0.0,100.0,UNKNOWN,1,9.685040473937988,IDLE,0.0
1779449522.142561,0.0,0.0,1.0,0.0,0.0,0.0,100.0,DISARMED,1,0.0,0.0,0.0,0.0,0.0,0.0,100.0,UNKNOWN,1,0.0,0.0,0.0,0.0,0.0,0.0,100.0,UNKNOWN,1,0.0,0.0,0.0,0.0,0.0,0.0,100.0,UNKNOWN,1,0.0,0.0,0.0,0.0,0.0,0.0,100.0,UNKNOWN,1,9.685040473937988,IDLE,0.0
1779449522.1874926,0.0,0.0,1.0,0.0,0.0,0.0,100.0,DISARMED,1,0.0,0.0,0.0,0.0,0.0,0.0,100.0,UNKNOWN,1,0.0,0.0,0.0,0.0,0.0,0.0,100.0,UNKNOWN,1,0.0,0.0,0.0,0.0,0.0,0.0,100.0,UNKNOWN,1,0.0,0.0,0.0,0.0,0.0,0.0,100.0,UNKNOWN,1,9.685040473937988,IDLE,0.0
1779449522.3766074,0.0,0.0,1.0,0.0,0.0,0.0,100.0,DISARMED,1,0.0,0.0,0.0,0.0,0.0,0.0,100.0,UNKNOWN,1,0.0,0.0,0.0,0.0,0.0,0.0,100.0,UNKNOWN,1,0.0,0.0,0.0,0.0,0.0,0.0,100.0,UNKNOWN,1,0.0,0.0,0.0,0.0,0.0,0.0,100.0,UNKNOWN,1,9.685040473937988,IDLE,0.0
1779449522.8838553,0.0,0.0,1.0,0.0,0.0,0.0,100.0,DISARMED,1,0.0,0.0,0.0,0.0,0.0,0.0,100.0,UNKNOWN,1,0.0,0.0,0.0,0.0,0.0,0.0,100.0,UNKNOWN,1,0.0,0.0,0.0,0.0,0.0,0.0,100.0,UNKNOWN,1,0.0,0.0,0.0,0.0,0.0,0.0,100.0,UNKNOWN,1,9.685040473937988,IDLE,0.0
1779449523.1338615,0.0,0.0,1.0,0.0,0.0,0.0,100.0,DISARMED,1,0.0,0.0,0.0,0.0,0.0,0.0,100.0,UNKNOWN,1,0.0,0.0,0.0,0.0,0.0,0.0,100.0,UNKNOWN,1,0.0,0.0,0.0,0.0,0.0,0.0,100.0,UNKNOWN,1,0.0,0.0,0.0,0.0,0.0,0.0,100.0,UNKNOWN,1,9.685040473937988,IDLE,0.0
1779449523.2891889,0.0,0.0,1.0,0.0,0.0,0.0,100.0,DISARMED,1,0.0,0.0,0.0,0.0,0.0,0.0,100.0,UNKNOWN,1,0.0,0.0,0.0,0.0,0.0,0.0,100.0,UNKNOWN,1,0.0,0.0,0.0,0.0,0.0,0.0,100.0,UNKNOWN,1,0.0,0.0,0.0,0.0,0.0,0.0,100.0,UNKNOWN,1,9.685040473937988,IDLE,0.0
1779449523.693954,0.0,0.0,1.0,0.0,0.0,0.0,100.0,DISARMED,1,0.0,0.0,0.0,0.0,0.0,0.0,100.0,UNKNOWN,1,0.0,0.0,0.0,0.0,0.0,0.0,100.0,UNKNOWN,1,0.0,0.0,0.0,0.0,0.0,0.0,100.0,UNKNOWN,1,0.0,0.0,0.0,0.0,0.0,0.0,100.0,UNKNOWN,1,9.685040473937988,IDLE,0.0
1779449523.8503797,0.0,0.0,1.0,0.0,0.0,0.0,100.0,DISARMED,1,0.0,0.0,0.0,0.0,0.0,0.0,100.0,UNKNOWN,1,0.0,0.0,0.0,0.0,0.0,0.0,100.0,UNKNOWN,1,0.0,0.0,0.0,0.0,0.0,0.0,100.0,UNKNOWN,1,0.0,0.0,0.0,0.0,0.0,0.0,100.0,UNKNOWN,1,9.685040473937988,IDLE,0.0
1779449523.993689,0.0,0.0,1.0,0.0,0.0,0.0,100.0,DISARMED,1,0.0,0.0,0.0,0.0,0.0,0.0,100.0,UNKNOWN,1,0.0,0.0,0.0,0.0,0.0,0.0,100.0,UNKNOWN,1,0.0,0.0,0.0,0.0,0.0,0.0,100.0,UNKNOWN,1,0.0,0.0,0.0,0.0,0.0,0.0,100.0,UNKNOWN,1,9.685040473937988,IDLE,0.0
1779449524.111182,0.0,0.0,1.0,0.0,0.0,0.0,100.0,DISARMED,1,0.0,0.0,0.0,0.0,0.0,0.0,100.0,UNKNOWN,1,0.0,0.0,0.0,0.0,0.0,0.0,100.0,UNKNOWN,1,0.0,0.0,0.0,0.0,0.0,0.0,100.0,UNKNOWN,1,0.0,0.0,0.0,0.0,0.0,0.0,100.0,UNKNOWN,1,9.685040473937988,IDLE,0.0
1779449524.1703577,0.0,0.0,1.0,0.0,0.0,0.0,100.0,DISARMED,1,0.0,0.0,0.0,0.0,0.0,0.0,100.0,UNKNOWN,1,0.0,0.0,0.0,0.0,0.0,0.0,100.0,UNKNOWN,1,0.0,0.0,0.0,0.0,0.0,0.0,100.0,UNKNOWN,1,0.0,0.0,0.0,0.0,0.0,0.0,100.0,UNKNOWN,1,9.685040473937988,IDLE,0.0
1779449524.3447657,0.0,0.0,1.0,0.0,0.0,0.0,100.0,DISARMED,1,0.0,0.0,0.0,0.0,0.0,0.0,100.0,UNKNOWN,1,0.0,0.0,0.0,0.0,0.0,0.0,100.0,UNKNOWN,1,0.0,0.0,0.0,0.0,0.0,0.0,100.0,UNKNOWN,1,0.0,0.0,0.0,0.0,0.0,0.0,100.0,UNKNOWN,1,9.685040473937988,IDLE,0.0
1779449524.6439607,0.0,0.0,1.0,0.0,0.0,0.0,100.0,DISARMED,1,0.0,0.0,0.0,0.0,0.0,0.0,100.0,UNKNOWN,1,0.0,0.0,0.0,0.0,0.0,0.0,100.0,UNKNOWN,1,0.0,0.0,0.0,0.0,0.0,0.0,100.0,UNKNOWN,1,0.0,0.0,0.0,0.0,0.0,0.0,100.0,UNKNOWN,1,9.685040473937988,IDLE,0.0
1779449524.6617937,0.0,0.0,1.0,0.0,0.0,0.0,100.0,DISARMED,1,0.0,0.0,0.0,0.0,0.0,0.0,100.0,UNKNOWN,1,0.0,0.0,0.0,0.0,0.0,0.0,100.0,UNKNOWN,1,0.0,0.0,0.0,0.0,0.0,0.0,100.0,UNKNOWN,1,0.0,0.0,0.0,0.0,0.0,0.0,100.0,UNKNOWN,1,9.685040473937988,IDLE,0.0
1779449524.786954,0.0,0.0,1.0,0.0,0.0,0.0,100.0,DISARMED,1,0.0,0.0,0.0,0.0,0.0,0.0,100.0,UNKNOWN,1,0.0,0.0,0.0,0.0,0.0,0.0,100.0,UNKNOWN,1,0.0,0.0,0.0,0.0,0.0,0.0,100.0,UNKNOWN,1,0.0,0.0,0.0,0.0,0.0,0.0,100.0,UNKNOWN,1,9.685040473937988,IDLE,0.0
1779449524.8764315,0.0,0.0,1.0,0.0,0.0,0.0,100.0,DISARMED,1,0.0,0.0,0.0,0.0,0.0,0.0,100.0,UNKNOWN,1,0.0,0.0,0.0,0.0,0.0,0.0,100.0,UNKNOWN,1,0.0,0.0,0.0,0.0,0.0,0.0,100.0,UNKNOWN,1,0.0,0.0,0.0,0.0,0.0,0.0,100.0,UNKNOWN,1,9.685040473937988,IDLE,0.0
1779449525.1221035,0.0,0.0,1.0,0.0,0.0,0.0,100.0,DISARMED,1,0.0,0.0,0.0,0.0,0.0,0.0,100.0,UNKNOWN,1,0.0,0.0,0.0,0.0,0.0,0.0,100.0,UNKNOWN,1,0.0,0.0,0.0,0.0,0.0,0.0,100.0,UNKNOWN,1,0.0,0.0,0.0,0.0,0.0,0.0,100.0,UNKNOWN,1,9.685040473937988,IDLE,0.0
1779449525.2819486,0.0,0.0,1.0,0.0,0.0,0.0,100.0,DISARMED,1,0.0,0.0,0.0,0.0,0.0,0.0,100.0,UNKNOWN,1,0.0,0.0,0.0,0.0,0.0,0.0,100.0,UNKNOWN,1,0.0,0.0,0.0,0.0,0.0,0.0,100.0,UNKNOWN,1,0.0,0.0,0.0,0.0,0.0,0.0,100.0,UNKNOWN,1,9.685040473937988,IDLE,0.0
1779449525.3792357,0.0,0.0,1.0,0.0,0.0,0.0,100.0,DISARMED,1,0.0,0.0,0.0,0.0,0.0,0.0,100.0,UNKNOWN,1,0.0,0.0,0.0,0.0,0.0,0.0,100.0,UNKNOWN,1,0.0,0.0,0.0,0.0,0.0,0.0,100.0,UNKNOWN,1,0.0,0.0,0.0,0.0,0.0,0.0,100.0,UNKNOWN,1,9.685040473937988,IDLE,0.0
1779449525.6963139,0.0,0.0,1.0,0.0,0.0,0.0,100.0,DISARMED,1,0.0,0.0,0.0,0.0,0.0,0.0,100.0,UNKNOWN,1,0.0,0.0,0.0,0.0,0.0,0.0,100.0,UNKNOWN,1,0.0,0.0,0.0,0.0,0.0,0.0,100.0,UNKNOWN,1,0.0,0.0,0.0,0.0,0.0,0.0,100.0,UNKNOWN,1,9.685040473937988,IDLE,0.0
1779449525.8196225,0.0,0.0,1.0,0.0,0.0,0.0,100.0,DISARMED,1,0.0,0.0,0.0,0.0,0.0,0.0,100.0,UNKNOWN,1,0.0,0.0,0.0,0.0,0.0,0.0,100.0,UNKNOWN,1,0.0,0.0,0.0,0.0,0.0,0.0,100.0,UNKNOWN,1,0.0,0.0,0.0,0.0,0.0,0.0,100.0,UNKNOWN,1,9.685040473937988,IDLE,0.0
1779449525.8850281,0.0,0.0,1.0,0.0,0.0,0.0,100.0,DISARMED,1,0.0,0.0,0.0,0.0,0.0,0.0,100.0,UNKNOWN,1,0.0,0.0,0.0,0.0,0.0,0.0,100.0,UNKNOWN,1,0.0,0.0,0.0,0.0,0.0,0.0,100.0,UNKNOWN,1,0.0,0.0,0.0,0.0,0.0,0.0,100.0,UNKNOWN,1,9.685040473937988,IDLE,0.0
1779449525.9706962,0.0,0.0,1.0,0.0,0.0,0.0,100.0,DISARMED,1,0.0,0.0,0.0,0.0,0.0,0.0,100.0,UNKNOWN,1,0.0,0.0,0.0,0.0,0.0,0.0,100.0,UNKNOWN,1,0.0,0.0,0.0,0.0,0.0,0.0,100.0,UNKNOWN,1,0.0,0.0,0.0,0.0,0.0,0.0,100.0,UNKNOWN,1,9.685040473937988,IDLE,0.0
1779449526.0660894,0.0,0.0,1.0,0.0,0.0,0.0,100.0,DISARMED,1,0.0,0.0,0.0,0.0,0.0,0.0,100.0,UNKNOWN,1,0.0,0.0,0.0,0.0,0.0,0.0,100.0,UNKNOWN,1,0.0,0.0,0.0,0.0,0.0,0.0,100.0,UNKNOWN,1,0.0,0.0,0.0,0.0,0.0,0.0,100.0,UNKNOWN,1,9.685040473937988,IDLE,0.0
1779449526.2513962,0.0,0.0,1.0,0.0,0.0,0.0,100.0,DISARMED,1,0.0,0.0,0.0,0.0,0.0,0.0,100.0,UNKNOWN,1,0.0,0.0,0.0,0.0,0.0,0.0,100.0,UNKNOWN,1,0.0,0.0,0.0,0.0,0.0,0.0,100.0,UNKNOWN,1,0.0,0.0,0.0,0.0,0.0,0.0,100.0,UNKNOWN,1,9.685040473937988,IDLE,0.0
1779449526.3227732,0.0,0.0,1.0,0.0,0.0,0.0,100.0,DISARMED,1,0.0,0.0,0.0,0.0,0.0,0.0,100.0,UNKNOWN,1,0.0,0.0,0.0,0.0,0.0,0.0,100.0,UNKNOWN,1,0.0,0.0,0.0,0.0,0.0,0.0,100.0,UNKNOWN,1,0.0,0.0,0.0,0.0,0.0,0.0,100.0,UNKNOWN,1,9.685040473937988,IDLE,0.0
1779449526.4218354,0.0,0.0,1.0,0.0,0.0,0.0,100.0,DISARMED,1,0.0,0.0,0.0,0.0,0.0,0.0,100.0,UNKNOWN,1,0.0,0.0,0.0,0.0,0.0,0.0,100.0,UNKNOWN,1,0.0,0.0,0.0,0.0,0.0,0.0,100.0,UNKNOWN,1,0.0,0.0,0.0,0.0,0.0,0.0,100.0,UNKNOWN,1,9.685040473937988,IDLE,0.0
1779449526.7386,0.0,0.0,1.0,0.0,0.0,0.0,100.0,DISARMED,1,0.0,0.0,0.0,0.0,0.0,0.0,100.0,UNKNOWN,1,0.0,0.0,0.0,0.0,0.0,0.0,100.0,UNKNOWN,1,0.0,0.0,0.0,0.0,0.0,0.0,100.0,UNKNOWN,1,0.0,0.0,0.0,0.0,0.0,0.0,100.0,UNKNOWN,1,9.685040473937988,IDLE,0.0
1779449526.7596083,0.0,0.0,1.0,0.0,0.0,0.0,100.0,DISARMED,1,0.0,0.0,0.0,0.0,0.0,0.0,100.0,UNKNOWN,1,0.0,0.0,0.0,0.0,0.0,0.0,100.0,UNKNOWN,1,0.0,0.0,0.0,0.0,0.0,0.0,100.0,UNKNOWN,1,0.0,0.0,0.0,0.0,0.0,0.0,100.0,UNKNOWN,1,9.685040473937988,IDLE,0.0
1779449526.8739936,0.0,0.0,1.0,0.0,0.0,0.0,100.0,DISARMED,1,0.0,0.0,0.0,0.0,0.0,0.0,100.0,UNKNOWN,1,0.0,0.0,0.0,0.0,0.0,0.0,100.0,UNKNOWN,1,0.0,0.0,0.0,0.0,0.0,0.0,100.0,UNKNOWN,1,0.0,0.0,0.0,0.0,0.0,0.0,100.0,UNKNOWN,1,9.685040473937988,IDLE,0.0
1779449526.9701443,0.0,0.0,1.0,0.0,0.0,0.0,100.0,DISARMED,1,0.0,0.0,0.0,0.0,0.0,0.0,100.0,UNKNOWN,1,0.0,0.0,0.0,0.0,0.0,0.0,100.0,UNKNOWN,1,0.0,0.0,0.0,0.0,0.0,0.0,100.0,UNKNOWN,1,0.0,0.0,0.0,0.0,0.0,0.0,100.0,UNKNOWN,1,9.685040473937988,IDLE,0.0
1779449527.1363852,0.0,0.0,1.0,0.0,0.0,0.0,100.0,DISARMED,1,0.0,0.0,0.0,0.0,0.0,0.0,100.0,UNKNOWN,1,0.0,0.0,0.0,0.0,0.0,0.0,100.0,UNKNOWN,1,0.0,0.0,0.0,0.0,0.0,0.0,100.0,UNKNOWN,1,0.0,0.0,0.0,0.0,0.0,0.0,100.0,UNKNOWN,1,9.685040473937988,IDLE,0.0
1779449527.1892424,0.0,0.0,1.0,0.0,0.0,0.0,100.0,DISARMED,1,0.0,0.0,0.0,0.0,0.0,0.0,100.0,UNKNOWN,1,0.0,0.0,0.0,0.0,0.0,0.0,100.0,UNKNOWN,1,0.0,0.0,0.0,0.0,0.0,0.0,100.0,UNKNOWN,1,0.0,0.0,0.0,0.0,0.0,0.0,100.0,UNKNOWN,1,9.685040473937988,IDLE,0.0
1779449527.29433,0.0,0.0,1.0,0.0,0.0,0.0,100.0,DISARMED,1,0.0,0.0,0.0,0.0,0.0,0.0,100.0,UNKNOWN,1,0.0,0.0,0.0,0.0,0.0,0.0,100.0,UNKNOWN,1,0.0,0.0,0.0,0.0,0.0,0.0,100.0,UNKNOWN,1,0.0,0.0,0.0,0.0,0.0,0.0,100.0,UNKNOWN,1,9.685040473937988,IDLE,0.0
1779449527.6525881,0.0,0.0,1.0,0.0,0.0,0.0,100.0,DISARMED,1,0.0,0.0,0.0,0.0,0.0,0.0,100.0,UNKNOWN,1,0.0,0.0,0.0,0.0,0.0,0.0,100.0,UNKNOWN,1,0.0,0.0,0.0,0.0,0.0,0.0,100.0,UNKNOWN,1,0.0,0.0,0.0,0.0,0.0,0.0,100.0,UNKNOWN,1,9.685040473937988,IDLE,0.0
1779449527.7338908,0.0,0.0,1.0,0.0,0.0,0.0,100.0,DISARMED,1,0.0,0.0,0.0,0.0,0.0,0.0,100.0,UNKNOWN,1,0.0,0.0,0.0,0.0,0.0,0.0,100.0,UNKNOWN,1,0.0,0.0,0.0,0.0,0.0,0.0,100.0,UNKNOWN,1,0.0,0.0,0.0,0.0,0.0,0.0,100.0,UNKNOWN,1,9.685040473937988,IDLE,0.0
1779449527.8678374,0.0,0.0,1.0,0.0,0.0,0.0,100.0,DISARMED,1,0.0,0.0,0.0,0.0,0.0,0.0,100.0,UNKNOWN,1,0.0,0.0,0.0,0.0,0.0,0.0,100.0,UNKNOWN,1,0.0,0.0,0.0,0.0,0.0,0.0,100.0,UNKNOWN,1,0.0,0.0,0.0,0.0,0.0,0.0,100.0,UNKNOWN,1,9.685040473937988,IDLE,0.0
1779449528.0783105,0.0,0.0,1.0,0.0,0.0,0.0,100.0,DISARMED,1,0.0,0.0,0.0,0.0,0.0,0.0,100.0,UNKNOWN,1,0.0,0.0,0.0,0.0,0.0,0.0,100.0,UNKNOWN,1,0.0,0.0,0.0,0.0,0.0,0.0,100.0,UNKNOWN,1,0.0,0.0,0.0,0.0,0.0,0.0,100.0,UNKNOWN,1,9.685040473937988,IDLE,0.0
1779449528.230417,0.0,0.0,1.0,0.0,0.0,0.0,100.0,DISARMED,1,0.0,0.0,0.0,0.0,0.0,0.0,100.0,UNKNOWN,1,0.0,0.0,0.0,0.0,0.0,0.0,100.0,UNKNOWN,1,0.0,0.0,0.0,0.0,0.0,0.0,100.0,UNKNOWN,1,0.0,0.0,0.0,0.0,0.0,0.0,100.0,UNKNOWN,1,9.685040473937988,IDLE,0.0
1779449528.2735019,0.0,0.0,1.0,0.0,0.0,0.0,100.0,DISARMED,1,0.0,0.0,0.0,0.0,0.0,0.0,100.0,UNKNOWN,1,0.0,0.0,0.0,0.0,0.0,0.0,100.0,UNKNOWN,1,0.0,0.0,0.0,0.0,0.0,0.0,100.0,UNKNOWN,1,0.0,0.0,0.0,0.0,0.0,0.0,100.0,UNKNOWN,1,9.685040473937988,IDLE,0.0
1779449528.402441,0.0,0.0,1.0,0.0,0.0,0.0,100.0,DISARMED,1,0.0,0.0,0.0,0.0,0.0,0.0,100.0,UNKNOWN,1,0.0,0.0,0.0,0.0,0.0,0.0,100.0,UNKNOWN,1,0.0,0.0,0.0,0.0,0.0,0.0,100.0,UNKNOWN,1,0.0,0.0,0.0,0.0,0.0,0.0,100.0,UNKNOWN,1,9.685040473937988,IDLE,0.0
1779449528.7425737,0.0,0.0,1.0,0.0,0.0,0.0,100.0,DISARMED,1,0.0,0.0,0.0,0.0,0.0,0.0,100.0,UNKNOWN,1,0.0,0.0,0.0,0.0,0.0,0.0,100.0,UNKNOWN,1,0.0,0.0,0.0,0.0,0.0,0.0,100.0,UNKNOWN,1,0.0,0.0,0.0,0.0,0.0,0.0,100.0,UNKNOWN,1,9.685040473937988,IDLE,0.0
1779449528.8012316,0.0,0.0,1.0,0.0,0.0,0.0,100.0,DISARMED,1,0.0,0.0,0.0,0.0,0.0,0.0,100.0,UNKNOWN,1,0.0,0.0,0.0,0.0,0.0,0.0,100.0,UNKNOWN,1,0.0,0.0,0.0,0.0,0.0,0.0,100.0,UNKNOWN,1,0.0,0.0,0.0,0.0,0.0,0.0,100.0,UNKNOWN,1,9.685040473937988,IDLE,0.0
1779449528.9253695,0.0,0.0,1.0,0.0,0.0,0.0,100.0,DISARMED,1,0.0,0.0,0.0,0.0,0.0,0.0,100.0,UNKNOWN,1,0.0,0.0,0.0,0.0,0.0,0.0,100.0,UNKNOWN,1,0.0,0.0,0.0,0.0,0.0,0.0,100.0,UNKNOWN,1,0.0,0.0,0.0,0.0,0.0,0.0,100.0,UNKNOWN,1,9.685040473937988,IDLE,0.0
1779449528.9603052,0.0,0.0,1.0,0.0,0.0,0.0,100.0,DISARMED,1,0.0,0.0,0.0,0.0,0.0,0.0,100.0,UNKNOWN,1,0.0,0.0,0.0,0.0,0.0,0.0,100.0,UNKNOWN,1,0.0,0.0,0.0,0.0,0.0,0.0,100.0,UNKNOWN,1,0.0,0.0,0.0,0.0,0.0,0.0,100.0,UNKNOWN,1,9.685040473937988,IDLE,0.0
1779449529.0672283,0.0,0.0,1.0,0.0,0.0,0.0,100.0,DISARMED,1,0.0,0.0,0.0,0.0,0.0,0.0,100.0,UNKNOWN,1,0.0,0.0,0.0,0.0,0.0,0.0,100.0,UNKNOWN,1,0.0,0.0,0.0,0.0,0.0,0.0,100.0,UNKNOWN,1,0.0,0.0,0.0,0.0,0.0,0.0,100.0,UNKNOWN,1,9.685040473937988,IDLE,0.0
1779449529.21658,0.0,0.0,1.0,0.0,0.0,0.0,100.0,DISARMED,1,0.0,0.0,0.0,0.0,0.0,0.0,100.0,UNKNOWN,1,0.0,0.0,0.0,0.0,0.0,0.0,100.0,UNKNOWN,1,0.0,0.0,0.0,0.0,0.0,0.0,100.0,UNKNOWN,1,0.0,0.0,0.0,0.0,0.0,0.0,100.0,UNKNOWN,1,9.685040473937988,IDLE,0.0
1779449529.2779486,0.0,0.0,1.0,0.0,0.0,0.0,100.0,DISARMED,1,0.0,0.0,0.0,0.0,0.0,0.0,100.0,UNKNOWN,1,0.0,0.0,0.0,0.0,0.0,0.0,100.0,UNKNOWN,1,0.0,0.0,0.0,0.0,0.0,0.0,100.0,UNKNOWN,1,0.0,0.0,0.0,0.0,0.0,0.0,100.0,UNKNOWN,1,9.685040473937988,IDLE,0.0
1779449529.3811827,0.0,0.0,1.0,0.0,0.0,0.0,100.0,DISARMED,1,0.0,0.0,0.0,0.0,0.0,0.0,100.0,UNKNOWN,1,0.0,0.0,0.0,0.0,0.0,0.0,100.0,UNKNOWN,1,0.0,0.0,0.0,0.0,0.0,0.0,100.0,UNKNOWN,1,0.0,0.0,0.0,0.0,0.0,0.0,100.0,UNKNOWN,1,9.685040473937988,IDLE,0.0
1779449529.584654,0.0,0.0,1.0,0.0,0.0,0.0,100.0,DISARMED,1,0.0,0.0,0.0,0.0,0.0,0.0,100.0,UNKNOWN,1,0.0,0.0,0.0,0.0,0.0,0.0,100.0,UNKNOWN,1,0.0,0.0,0.0,0.0,0.0,0.0,100.0,UNKNOWN,1,0.0,0.0,0.0,0.0,0.0,0.0,100.0,UNKNOWN,1,9.685040473937988,IDLE,0.0
1779449529.7404995,0.0,0.0,1.0,0.0,0.0,0.0,100.0,DISARMED,1,0.0,0.0,0.0,0.0,0.0,0.0,100.0,UNKNOWN,1,0.0,0.0,0.0,0.0,0.0,0.0,100.0,UNKNOWN,1,0.0,0.0,0.0,0.0,0.0,0.0,100.0,UNKNOWN,1,0.0,0.0,0.0,0.0,0.0,0.0,100.0,UNKNOWN,1,9.685040473937988,IDLE,0.0
1779449529.7685432,0.0,0.0,1.0,0.0,0.0,0.0,100.0,DISARMED,1,0.0,0.0,0.0,0.0,0.0,0.0,100.0,UNKNOWN,1,0.0,0.0,0.0,0.0,0.0,0.0,100.0,UNKNOWN,1,0.0,0.0,0.0,0.0,0.0,0.0,100.0,UNKNOWN,1,0.0,0.0,0.0,0.0,0.0,0.0,100.0,UNKNOWN,1,9.685040473937988,IDLE,0.0
1779449529.8730803,0.0,0.0,1.0,0.0,0.0,0.0,100.0,DISARMED,1,0.0,0.0,0.0,0.0,0.0,0.0,100.0,UNKNOWN,1,0.0,0.0,0.0,0.0,0.0,0.0,100.0,UNKNOWN,1,0.0,0.0,0.0,0.0,0.0,0.0,100.0,UNKNOWN,1,0.0,0.0,0.0,0.0,0.0,0.0,100.0,UNKNOWN,1,9.685040473937988,IDLE,0.0
1779449530.0010555,0.0,0.0,1.0,0.0,0.0,0.0,100.0,DISARMED,1,0.0,0.0,0.0,0.0,0.0,0.0,100.0,UNKNOWN,1,0.0,0.0,0.0,0.0,0.0,0.0,100.0,UNKNOWN,1,0.0,0.0,0.0,0.0,0.0,0.0,100.0,UNKNOWN,1,0.0,0.0,0.0,0.0,0.0,0.0,100.0,UNKNOWN,1,9.685040473937988,IDLE,0.0
1779449530.088137,0.0,0.0,1.0,0.0,0.0,0.0,100.0,DISARMED,1,0.0,0.0,0.0,0.0,0.0,0.0,100.0,UNKNOWN,1,0.0,0.0,0.0,0.0,0.0,0.0,100.0,UNKNOWN,1,0.0,0.0,0.0,0.0,0.0,0.0,100.0,UNKNOWN,1,0.0,0.0,0.0,0.0,0.0,0.0,100.0,UNKNOWN,1,9.685040473937988,IDLE,0.0
1779449530.1735446,0.0,0.0,1.0,0.0,0.0,0.0,100.0,DISARMED,1,0.0,0.0,0.0,0.0,0.0,0.0,100.0,UNKNOWN,1,0.0,0.0,0.0,0.0,0.0,0.0,100.0,UNKNOWN,1,0.0,0.0,0.0,0.0,0.0,0.0,100.0,UNKNOWN,1,0.0,0.0,0.0,0.0,0.0,0.0,100.0,UNKNOWN,1,9.685040473937988,IDLE,0.0
1779449530.274576,0.0,0.0,1.0,0.0,0.0,0.0,100.0,DISARMED,1,0.0,0.0,0.0,0.0,0.0,0.0,100.0,UNKNOWN,1,0.0,0.0,0.0,0.0,0.0,0.0,100.0,UNKNOWN,1,0.0,0.0,0.0,0.0,0.0,0.0,100.0,UNKNOWN,1,0.0,0.0,0.0,0.0,0.0,0.0,100.0,UNKNOWN,1,9.685040473937988,IDLE,0.0
1779449530.3596575,0.0,0.0,1.0,0.0,0.0,0.0,100.0,DISARMED,1,0.0,0.0,0.0,0.0,0.0,0.0,100.0,UNKNOWN,1,0.0,0.0,0.0,0.0,0.0,0.0,100.0,UNKNOWN,1,0.0,0.0,0.0,0.0,0.0,0.0,100.0,UNKNOWN,1,0.0,0.0,0.0,0.0,0.0,0.0,100.0,UNKNOWN,1,9.685040473937988,IDLE,0.0
1779449530.6538215,0.0,0.0,1.0,0.0,0.0,0.0,100.0,DISARMED,1,0.0,0.0,0.0,0.0,0.0,0.0,100.0,UNKNOWN,1,0.0,0.0,0.0,0.0,0.0,0.0,100.0,UNKNOWN,1,0.0,0.0,0.0,0.0,0.0,0.0,100.0,UNKNOWN,1,0.0,0.0,0.0,0.0,0.0,0.0,100.0,UNKNOWN,1,9.685040473937988,IDLE,0.0
1779449530.6894064,0.0,0.0,1.0,0.0,0.0,0.0,100.0,DISARMED,1,0.0,0.0,0.0,0.0,0.0,0.0,100.0,UNKNOWN,1,0.0,0.0,0.0,0.0,0.0,0.0,100.0,UNKNOWN,1,0.0,0.0,0.0,0.0,0.0,0.0,100.0,UNKNOWN,1,0.0,0.0,0.0,0.0,0.0,0.0,100.0,UNKNOWN,1,9.685040473937988,IDLE,0.0
1779449530.773858,0.0,0.0,1.0,0.0,0.0,0.0,100.0,DISARMED,1,0.0,0.0,0.0,0.0,0.0,0.0,100.0,UNKNOWN,1,0.0,0.0,0.0,0.0,0.0,0.0,100.0,UNKNOWN,1,0.0,0.0,0.0,0.0,0.0,0.0,100.0,UNKNOWN,1,0.0,0.0,0.0,0.0,0.0,0.0,100.0,UNKNOWN,1,9.685040473937988,IDLE,0.0
1779449530.8802288,0.0,0.0,1.0,0.0,0.0,0.0,100.0,DISARMED,1,0.0,0.0,0.0,0.0,0.0,0.0,100.0,UNKNOWN,1,0.0,0.0,0.0,0.0,0.0,0.0,100.0,UNKNOWN,1,0.0,0.0,0.0,0.0,0.0,0.0,100.0,UNKNOWN,1,0.0,0.0,0.0,0.0,0.0,0.0,100.0,UNKNOWN,1,9.685040473937988,IDLE,0.0
1779449531.0388522,0.0,0.0,1.0,0.0,0.0,0.0,100.0,DISARMED,1,0.0,0.0,0.0,0.0,0.0,0.0,100.0,UNKNOWN,1,0.0,0.0,0.0,0.0,0.0,0.0,100.0,UNKNOWN,1,0.0,0.0,0.0,0.0,0.0,0.0,100.0,UNKNOWN,1,0.0,0.0,0.0,0.0,0.0,0.0,100.0,UNKNOWN,1,9.685040473937988,IDLE,0.0
1779449531.08753,0.0,0.0,1.0,0.0,0.0,0.0,100.0,DISARMED,1,0.0,0.0,0.0,0.0,0.0,0.0,100.0,UNKNOWN,1,0.0,0.0,0.0,0.0,0.0,0.0,100.0,UNKNOWN,1,0.0,0.0,0.0,0.0,0.0,0.0,100.0,UNKNOWN,1,0.0,0.0,0.0,0.0,0.0,0.0,100.0,UNKNOWN,1,9.685040473937988,IDLE,0.0
1779449531.2503579,0.0,0.0,1.0,0.0,0.0,0.0,100.0,DISARMED,1,0.0,0.0,0.0,0.0,0.0,0.0,100.0,UNKNOWN,1,0.0,0.0,0.0,0.0,0.0,0.0,100.0,UNKNOWN,1,0.0,0.0,0.0,0.0,0.0,0.0,100.0,UNKNOWN,1,0.0,0.0,0.0,0.0,0.0,0.0,100.0,UNKNOWN,1,9.685040473937988,IDLE,0.0
1779449531.312756,0.0,0.0,1.0,0.0,0.0,0.0,100.0,DISARMED,1,0.0,0.0,0.0,0.0,0.0,0.0,100.0,UNKNOWN,1,0.0,0.0,0.0,0.0,0.0,0.0,100.0,UNKNOWN,1,0.0,0.0,0.0,0.0,0.0,0.0,100.0,UNKNOWN,1,0.0,0.0,0.0,0.0,0.0,0.0,100.0,UNKNOWN,1,9.685040473937988,IDLE,0.0
1779449531.360448,0.0,0.0,1.0,0.0,0.0,0.0,100.0,DISARMED,1,0.0,0.0,0.0,0.0,0.0,0.0,100.0,UNKNOWN,1,0.0,0.0,0.0,0.0,0.0,0.0,100.0,UNKNOWN,1,0.0,0.0,0.0,0.0,0.0,0.0,100.0,UNKNOWN,1,0.0,0.0,0.0,0.0,0.0,0.0,100.0,UNKNOWN,1,9.685040473937988,IDLE,0.0
1779449531.7652962,0.0,0.0,1.0,0.0,0.0,0.0,100.0,DISARMED,1,0.0,0.0,0.0,0.0,0.0,0.0,100.0,UNKNOWN,1,0.0,0.0,0.0,0.0,0.0,0.0,100.0,UNKNOWN,1,0.0,0.0,0.0,0.0,0.0,0.0,100.0,UNKNOWN,1,0.0,0.0,0.0,0.0,0.0,0.0,100.0,UNKNOWN,1,9.685040473937988,IDLE,0.0
1779449531.939382,0.0,0.0,1.0,0.0,0.0,0.0,100.0,DISARMED,1,0.0,0.0,0.0,0.0,0.0,0.0,100.0,UNKNOWN,1,0.0,0.0,0.0,0.0,0.0,0.0,100.0,UNKNOWN,1,0.0,0.0,0.0,0.0,0.0,0.0,100.0,UNKNOWN,1,0.0,0.0,0.0,0.0,0.0,0.0,100.0,UNKNOWN,1,9.685040473937988,IDLE,0.0
1779449532.0656507,0.0,0.0,1.0,0.0,0.0,0.0,100.0,DISARMED,1,0.0,0.0,0.0,0.0,0.0,0.0,100.0,UNKNOWN,1,0.0,0.0,0.0,0.0,0.0,0.0,100.0,UNKNOWN,1,0.0,0.0,0.0,0.0,0.0,0.0,100.0,UNKNOWN,1,0.0,0.0,0.0,0.0,0.0,0.0,100.0,UNKNOWN,1,9.685040473937988,IDLE,0.0
1779449532.195902,0.0,0.0,1.0,0.0,0.0,0.0,100.0,DISARMED,1,0.0,0.0,0.0,0.0,0.0,0.0,100.0,UNKNOWN,1,0.0,0.0,0.0,0.0,0.0,0.0,100.0,UNKNOWN,1,0.0,0.0,0.0,0.0,0.0,0.0,100.0,UNKNOWN,1,0.0,0.0,0.0,0.0,0.0,0.0,100.0,UNKNOWN,1,9.685040473937988,IDLE,0.0
1779449532.3595402,0.0,0.0,1.0,0.0,0.0,0.0,100.0,DISARMED,1,0.0,0.0,0.0,0.0,0.0,0.0,100.0,UNKNOWN,1,0.0,0.0,0.0,0.0,0.0,0.0,100.0,UNKNOWN,1,0.0,0.0,0.0,0.0,0.0,0.0,100.0,UNKNOWN,1,0.0,0.0,0.0,0.0,0.0,0.0,100.0,UNKNOWN,1,9.685040473937988,IDLE,0.0
1779449532.7293496,0.0,0.0,1.0,0.0,0.0,0.0,100.0,DISARMED,1,0.0,0.0,0.0,0.0,0.0,0.0,100.0,UNKNOWN,1,0.0,0.0,0.0,0.0,0.0,0.0,100.0,UNKNOWN,1,0.0,0.0,0.0,0.0,0.0,0.0,100.0,UNKNOWN,1,0.0,0.0,0.0,0.0,0.0,0.0,100.0,UNKNOWN,1,9.685040473937988,IDLE,0.0
1779449532.8118765,0.0,0.0,1.0,0.0,0.0,0.0,100.0,DISARMED,1,0.0,0.0,0.0,0.0,0.0,0.0,100.0,UNKNOWN,1,0.0,0.0,0.0,0.0,0.0,0.0,100.0,UNKNOWN,1,0.0,0.0,0.0,0.0,0.0,0.0,100.0,UNKNOWN,1,0.0,0.0,0.0,0.0,0.0,0.0,100.0,UNKNOWN,1,9.685040473937988,IDLE,0.0
1779449532.9971604,0.0,0.0,1.0,0.0,0.0,0.0,100.0,DISARMED,1,0.0,0.0,0.0,0.0,0.0,0.0,100.0,UNKNOWN,1,0.0,0.0,0.0,0.0,0.0,0.0,100.0,UNKNOWN,1,0.0,0.0,0.0,0.0,0.0,0.0,100.0,UNKNOWN,1,0.0,0.0,0.0,0.0,0.0,0.0,100.0,UNKNOWN,1,9.685040473937988,IDLE,0.0
1779449533.098129,0.0,0.0,1.0,0.0,0.0,0.0,100.0,DISARMED,1,0.0,0.0,0.0,0.0,0.0,0.0,100.0,UNKNOWN,1,0.0,0.0,0.0,0.0,0.0,0.0,100.0,UNKNOWN,1,0.0,0.0,0.0,0.0,0.0,0.0,100.0,UNKNOWN,1,0.0,0.0,0.0,0.0,0.0,0.0,100.0,UNKNOWN,1,9.685040473937988,IDLE,0.0
1779449533.2180753,0.0,0.0,1.0,0.0,0.0,0.0,100.0,DISARMED,1,0.0,0.0,0.0,0.0,0.0,0.0,100.0,UNKNOWN,1,0.0,0.0,0.0,0.0,0.0,0.0,100.0,UNKNOWN,1,0.0,0.0,0.0,0.0,0.0,0.0,100.0,UNKNOWN,1,0.0,0.0,0.0,0.0,0.0,0.0,100.0,UNKNOWN,1,9.685040473937988,IDLE,0.0
1779449533.4257803,0.0,0.0,1.0,0.0,0.0,0.0,100.0,DISARMED,1,0.0,0.0,0.0,0.0,0.0,0.0,100.0,UNKNOWN,1,0.0,0.0,0.0,0.0,0.0,0.0,100.0,UNKNOWN,1,0.0,0.0,0.0,0.0,0.0,0.0,100.0,UNKNOWN,1,0.0,0.0,0.0,0.0,0.0,0.0,100.0,UNKNOWN,1,9.685040473937988,IDLE,0.0
1779449533.719081,0.0,0.0,1.0,0.0,0.0,0.0,100.0,DISARMED,1,0.0,0.0,0.0,0.0,0.0,0.0,100.0,UNKNOWN,1,0.0,0.0,0.0,0.0,0.0,0.0,100.0,UNKNOWN,1,0.0,0.0,0.0,0.0,0.0,0.0,100.0,UNKNOWN,1,0.0,0.0,0.0,0.0,0.0,0.0,100.0,UNKNOWN,1,9.685040473937988,IDLE,0.0
1779449533.7649727,0.0,0.0,1.0,0.0,0.0,0.0,100.0,DISARMED,1,0.0,0.0,0.0,0.0,0.0,0.0,100.0,UNKNOWN,1,0.0,0.0,0.0,0.0,0.0,0.0,100.0,UNKNOWN,1,0.0,0.0,0.0,0.0,0.0,0.0,100.0,UNKNOWN,1,0.0,0.0,0.0,0.0,0.0,0.0,100.0,UNKNOWN,1,9.685040473937988,IDLE,0.0
1779449533.8863654,0.0,0.0,1.0,0.0,0.0,0.0,100.0,DISARMED,1,0.0,0.0,0.0,0.0,0.0,0.0,100.0,UNKNOWN,1,0.0,0.0,0.0,0.0,0.0,0.0,100.0,UNKNOWN,1,0.0,0.0,0.0,0.0,0.0,0.0,100.0,UNKNOWN,1,0.0,0.0,0.0,0.0,0.0,0.0,100.0,UNKNOWN,1,9.685040473937988,IDLE,0.0
1779449533.9634387,0.0,0.0,1.0,0.0,0.0,0.0,100.0,DISARMED,1,0.0,0.0,0.0,0.0,0.0,0.0,100.0,UNKNOWN,1,0.0,0.0,0.0,0.0,0.0,0.0,100.0,UNKNOWN,1,0.0,0.0,0.0,0.0,0.0,0.0,100.0,UNKNOWN,1,0.0,0.0,0.0,0.0,0.0,0.0,100.0,UNKNOWN,1,9.685040473937988,IDLE,0.0
1779449534.067416,0.0,0.0,1.0,0.0,0.0,0.0,100.0,DISARMED,1,0.0,0.0,0.0,0.0,0.0,0.0,100.0,UNKNOWN,1,0.0,0.0,0.0,0.0,0.0,0.0,100.0,UNKNOWN,1,0.0,0.0,0.0,0.0,0.0,0.0,100.0,UNKNOWN,1,0.0,0.0,0.0,0.0,0.0,0.0,100.0,UNKNOWN,1,9.685040473937988,IDLE,0.0
1779449534.1683424,0.0,0.0,1.0,0.0,0.0,0.0,100.0,DISARMED,1,0.0,0.0,0.0,0.0,0.0,0.0,100.0,UNKNOWN,1,0.0,0.0,0.0,0.0,0.0,0.0,100.0,UNKNOWN,1,0.0,0.0,0.0,0.0,0.0,0.0,100.0,UNKNOWN,1,0.0,0.0,0.0,0.0,0.0,0.0,100.0,UNKNOWN,1,9.685040473937988,IDLE,0.0
1779449534.2680008,0.0,0.0,1.0,0.0,0.0,0.0,100.0,DISARMED,1,0.0,0.0,0.0,0.0,0.0,0.0,100.0,UNKNOWN,1,0.0,0.0,0.0,0.0,0.0,0.0,100.0,UNKNOWN,1,0.0,0.0,0.0,0.0,0.0,0.0,100.0,UNKNOWN,1,0.0,0.0,0.0,0.0,0.0,0.0,100.0,UNKNOWN,1,9.685040473937988,IDLE,0.0
1779449534.401108,0.0,0.0,1.0,0.0,0.0,0.0,100.0,DISARMED,1,0.0,0.0,0.0,0.0,0.0,0.0,100.0,UNKNOWN,1,0.0,0.0,0.0,0.0,0.0,0.0,100.0,UNKNOWN,1,0.0,0.0,0.0,0.0,0.0,0.0,100.0,UNKNOWN,1,0.0,0.0,0.0,0.0,0.0,0.0,100.0,UNKNOWN,1,9.685040473937988,IDLE,0.0
1779449534.6495557,0.0,0.0,1.0,0.0,0.0,0.0,100.0,DISARMED,1,0.0,0.0,0.0,0.0,0.0,0.0,100.0,UNKNOWN,1,0.0,0.0,0.0,0.0,0.0,0.0,100.0,UNKNOWN,1,0.0,0.0,0.0,0.0,0.0,0.0,100.0,UNKNOWN,1,0.0,0.0,0.0,0.0,0.0,0.0,100.0,UNKNOWN,1,9.685040473937988,IDLE,0.0
1779449534.695449,0.0,0.0,1.0,0.0,0.0,0.0,100.0,DISARMED,1,0.0,0.0,0.0,0.0,0.0,0.0,100.0,UNKNOWN,1,0.0,0.0,0.0,0.0,0.0,0.0,100.0,UNKNOWN,1,0.0,0.0,0.0,0.0,0.0,0.0,100.0,UNKNOWN,1,0.0,0.0,0.0,0.0,0.0,0.0,100.0,UNKNOWN,1,9.685040473937988,IDLE,0.0
1779449534.8703964,0.0,0.0,1.0,0.0,0.0,0.0,100.0,DISARMED,1,0.0,0.0,0.0,0.0,0.0,0.0,100.0,UNKNOWN,1,0.0,0.0,0.0,0.0,0.0,0.0,100.0,UNKNOWN,1,0.0,0.0,0.0,0.0,0.0,0.0,100.0,UNKNOWN,1,0.0,0.0,0.0,0.0,0.0,0.0,100.0,UNKNOWN,1,9.685040473937988,IDLE,0.0
1779449534.9695086,0.0,0.0,1.0,0.0,0.0,0.0,100.0,DISARMED,1,0.0,0.0,0.0,0.0,0.0,0.0,100.0,UNKNOWN,1,0.0,0.0,0.0,0.0,0.0,0.0,100.0,UNKNOWN,1,0.0,0.0,0.0,0.0,0.0,0.0,100.0,UNKNOWN,1,0.0,0.0,0.0,0.0,0.0,0.0,100.0,UNKNOWN,1,9.685040473937988,IDLE,0.0
1779449535.1275563,0.0,0.0,1.0,0.0,0.0,0.0,100.0,DISARMED,1,0.0,0.0,0.0,0.0,0.0,0.0,100.0,UNKNOWN,1,0.0,0.0,0.0,0.0,0.0,0.0,100.0,UNKNOWN,1,0.0,0.0,0.0,0.0,0.0,0.0,100.0,UNKNOWN,1,0.0,0.0,0.0,0.0,0.0,0.0,100.0,UNKNOWN,1,9.685040473937988,IDLE,0.0
1779449535.2193756,0.0,0.0,1.0,0.0,0.0,0.0,100.0,DISARMED,1,0.0,0.0,0.0,0.0,0.0,0.0,100.0,UNKNOWN,1,0.0,0.0,0.0,0.0,0.0,0.0,100.0,UNKNOWN,1,0.0,0.0,0.0,0.0,0.0,0.0,100.0,UNKNOWN,1,0.0,0.0,0.0,0.0,0.0,0.0,100.0,UNKNOWN,1,9.685040473937988,IDLE,0.0
1779449535.2959929,0.0,0.0,1.0,0.0,0.0,0.0,100.0,DISARMED,1,0.0,0.0,0.0,0.0,0.0,0.0,100.0,UNKNOWN,1,0.0,0.0,0.0,0.0,0.0,0.0,100.0,UNKNOWN,1,0.0,0.0,0.0,0.0,0.0,0.0,100.0,UNKNOWN,1,0.0,0.0,0.0,0.0,0.0,0.0,100.0,UNKNOWN,1,9.685040473937988,IDLE,0.0
1779449535.429293,0.0,0.0,1.0,0.0,0.0,0.0,100.0,DISARMED,1,0.0,0.0,0.0,0.0,0.0,0.0,100.0,UNKNOWN,1,0.0,0.0,0.0,0.0,0.0,0.0,100.0,UNKNOWN,1,0.0,0.0,0.0,0.0,0.0,0.0,100.0,UNKNOWN,1,0.0,0.0,0.0,0.0,0.0,0.0,100.0,UNKNOWN,1,9.685040473937988,IDLE,0.0
1779449535.7280083,0.0,0.0,1.0,0.0,0.0,0.0,100.0,DISARMED,1,0.0,0.0,0.0,0.0,0.0,0.0,100.0,UNKNOWN,1,0.0,0.0,0.0,0.0,0.0,0.0,100.0,UNKNOWN,1,0.0,0.0,0.0,0.0,0.0,0.0,100.0,UNKNOWN,1,0.0,0.0,0.0,0.0,0.0,0.0,100.0,UNKNOWN,1,9.685040473937988,IDLE,0.0
1779449535.7913754,0.0,0.0,1.0,0.0,0.0,0.0,100.0,DISARMED,1,0.0,0.0,0.0,0.0,0.0,0.0,100.0,UNKNOWN,1,0.0,0.0,0.0,0.0,0.0,0.0,100.0,UNKNOWN,1,0.0,0.0,0.0,0.0,0.0,0.0,100.0,UNKNOWN,1,0.0,0.0,0.0,0.0,0.0,0.0,100.0,UNKNOWN,1,9.685040473937988,IDLE,0.0
1779449536.0762143,0.0,0.0,1.0,0.0,0.0,0.0,100.0,DISARMED,1,0.0,0.0,0.0,0.0,0.0,0.0,100.0,UNKNOWN,1,0.0,0.0,0.0,0.0,0.0,0.0,100.0,UNKNOWN,1,0.0,0.0,0.0,0.0,0.0,0.0,100.0,UNKNOWN,1,0.0,0.0,0.0,0.0,0.0,0.0,100.0,UNKNOWN,1,9.685040473937988,IDLE,0.0
1779449536.2613306,0.0,0.0,1.0,0.0,0.0,0.0,100.0,DISARMED,1,0.0,0.0,0.0,0.0,0.0,0.0,100.0,UNKNOWN,1,0.0,0.0,0.0,0.0,0.0,0.0,100.0,UNKNOWN,1,0.0,0.0,0.0,0.0,0.0,0.0,100.0,UNKNOWN,1,0.0,0.0,0.0,0.0,0.0,0.0,100.0,UNKNOWN,1,9.685040473937988,IDLE,0.0
1779449536.3626978,0.0,0.0,1.0,0.0,0.0,0.0,100.0,DISARMED,1,0.0,0.0,0.0,0.0,0.0,0.0,100.0,UNKNOWN,1,0.0,0.0,0.0,0.0,0.0,0.0,100.0,UNKNOWN,1,0.0,0.0,0.0,0.0,0.0,0.0,100.0,UNKNOWN,1,0.0,0.0,0.0,0.0,0.0,0.0,100.0,UNKNOWN,1,9.685040473937988,IDLE,0.0
1779449536.7251918,0.0,0.0,1.0,0.0,0.0,0.0,100.0,DISARMED,1,0.0,0.0,0.0,0.0,0.0,0.0,100.0,UNKNOWN,1,0.0,0.0,0.0,0.0,0.0,0.0,100.0,UNKNOWN,1,0.0,0.0,0.0,0.0,0.0,0.0,100.0,UNKNOWN,1,0.0,0.0,0.0,0.0,0.0,0.0,100.0,UNKNOWN,1,9.685040473937988,IDLE,0.0
1779449536.8228183,0.0,0.0,1.0,0.0,0.0,0.0,100.0,DISARMED,1,0.0,0.0,0.0,0.0,0.0,0.0,100.0,UNKNOWN,1,0.0,0.0,0.0,0.0,0.0,0.0,100.0,UNKNOWN,1,0.0,0.0,0.0,0.0,0.0,0.0,100.0,UNKNOWN,1,0.0,0.0,0.0,0.0,0.0,0.0,100.0,UNKNOWN,1,9.685040473937988,IDLE,0.0
1779449536.956452,0.0,0.0,1.0,0.0,0.0,0.0,100.0,DISARMED,1,0.0,0.0,0.0,0.0,0.0,0.0,100.0,UNKNOWN,1,0.0,0.0,0.0,0.0,0.0,0.0,100.0,UNKNOWN,1,0.0,0.0,0.0,0.0,0.0,0.0,100.0,UNKNOWN,1,0.0,0.0,0.0,0.0,0.0,0.0,100.0,UNKNOWN,1,9.685040473937988,IDLE,0.0
1779449536.9873302,0.0,0.0,1.0,0.0,0.0,0.0,100.0,DISARMED,1,0.0,0.0,0.0,0.0,0.0,0.0,100.0,UNKNOWN,1,0.0,0.0,0.0,0.0,0.0,0.0,100.0,UNKNOWN,1,0.0,0.0,0.0,0.0,0.0,0.0,100.0,UNKNOWN,1,0.0,0.0,0.0,0.0,0.0,0.0,100.0,UNKNOWN,1,9.685040473937988,IDLE,0.0
1779449537.1556075,0.0,0.0,1.0,0.0,0.0,0.0,100.0,DISARMED,1,0.0,0.0,0.0,0.0,0.0,0.0,100.0,UNKNOWN,1,0.0,0.0,0.0,0.0,0.0,0.0,100.0,UNKNOWN,1,0.0,0.0,0.0,0.0,0.0,0.0,100.0,UNKNOWN,1,0.0,0.0,0.0,0.0,0.0,0.0,100.0,UNKNOWN,1,9.685040473937988,IDLE,0.0
1779449537.2420619,0.0,0.0,1.0,0.0,0.0,0.0,100.0,DISARMED,1,0.0,0.0,0.0,0.0,0.0,0.0,100.0,UNKNOWN,1,0.0,0.0,0.0,0.0,0.0,0.0,100.0,UNKNOWN,1,0.0,0.0,0.0,0.0,0.0,0.0,100.0,UNKNOWN,1,0.0,0.0,0.0,0.0,0.0,0.0,100.0,UNKNOWN,1,9.685040473937988,IDLE,0.0
1779449537.2595809,0.0,0.0,1.0,0.0,0.0,0.0,100.0,DISARMED,1,0.0,0.0,0.0,0.0,0.0,0.0,100.0,UNKNOWN,1,0.0,0.0,0.0,0.0,0.0,0.0,100.0,UNKNOWN,1,0.0,0.0,0.0,0.0,0.0,0.0,100.0,UNKNOWN,1,0.0,0.0,0.0,0.0,0.0,0.0,100.0,UNKNOWN,1,9.685040473937988,IDLE,0.0
1779449537.4014099,0.0,0.0,1.0,0.0,0.0,0.0,100.0,DISARMED,1,0.0,0.0,0.0,0.0,0.0,0.0,100.0,UNKNOWN,1,0.0,0.0,0.0,0.0,0.0,0.0,100.0,UNKNOWN,1,0.0,0.0,0.0,0.0,0.0,0.0,100.0,UNKNOWN,1,0.0,0.0,0.0,0.0,0.0,0.0,100.0,UNKNOWN,1,9.685040473937988,IDLE,0.0
1779449537.7916164,0.0,0.0,1.0,0.0,0.0,0.0,100.0,DISARMED,1,0.0,0.0,0.0,0.0,0.0,0.0,100.0,UNKNOWN,1,0.0,0.0,0.0,0.0,0.0,0.0,100.0,UNKNOWN,1,0.0,0.0,0.0,0.0,0.0,0.0,100.0,UNKNOWN,1,0.0,0.0,0.0,0.0,0.0,0.0,100.0,UNKNOWN,1,9.685040473937988,IDLE,0.0
1779449537.901682,0.0,0.0,1.0,0.0,0.0,0.0,100.0,DISARMED,1,0.0,0.0,0.0,0.0,0.0,0.0,100.0,UNKNOWN,1,0.0,0.0,0.0,0.0,0.0,0.0,100.0,UNKNOWN,1,0.0,0.0,0.0,0.0,0.0,0.0,100.0,UNKNOWN,1,0.0,0.0,0.0,0.0,0.0,0.0,100.0,UNKNOWN,1,9.685040473937988,IDLE,0.0
1779449538.03845,0.0,0.0,1.0,0.0,0.0,0.0,100.0,DISARMED,1,0.0,0.0,0.0,0.0,0.0,0.0,100.0,UNKNOWN,1,0.0,0.0,0.0,0.0,0.0,0.0,100.0,UNKNOWN,1,0.0,0.0,0.0,0.0,0.0,0.0,100.0,UNKNOWN,1,0.0,0.0,0.0,0.0,0.0,0.0,100.0,UNKNOWN,1,9.685040473937988,IDLE,0.0
1779449538.111794,0.0,0.0,1.0,0.0,0.0,0.0,100.0,DISARMED,1,0.0,0.0,0.0,0.0,0.0,0.0,100.0,UNKNOWN,1,0.0,0.0,0.0,0.0,0.0,0.0,100.0,UNKNOWN,1,0.0,0.0,0.0,0.0,0.0,0.0,100.0,UNKNOWN,1,0.0,0.0,0.0,0.0,0.0,0.0,100.0,UNKNOWN,1,9.685040473937988,IDLE,0.0
1779449538.2965508,0.0,0.0,1.0,0.0,0.0,0.0,100.0,DISARMED,1,0.0,0.0,0.0,0.0,0.0,0.0,100.0,UNKNOWN,1,0.0,0.0,0.0,0.0,0.0,0.0,100.0,UNKNOWN,1,0.0,0.0,0.0,0.0,0.0,0.0,100.0,UNKNOWN,1,0.0,0.0,0.0,0.0,0.0,0.0,100.0,UNKNOWN,1,9.685040473937988,IDLE,0.0
1779449538.6890695,0.0,0.0,1.0,0.0,0.0,0.0,100.0,DISARMED,1,0.0,0.0,0.0,0.0,0.0,0.0,100.0,UNKNOWN,1,0.0,0.0,0.0,0.0,0.0,0.0,100.0,UNKNOWN,1,0.0,0.0,0.0,0.0,0.0,0.0,100.0,UNKNOWN,1,0.0,0.0,0.0,0.0,0.0,0.0,100.0,UNKNOWN,1,9.685040473937988,IDLE,0.0
1779449538.829422,0.0,0.0,1.0,0.0,0.0,0.0,100.0,DISARMED,1,0.0,0.0,0.0,0.0,0.0,0.0,100.0,UNKNOWN,1,0.0,0.0,0.0,0.0,0.0,0.0,100.0,UNKNOWN,1,0.0,0.0,0.0,0.0,0.0,0.0,100.0,UNKNOWN,1,0.0,0.0,0.0,0.0,0.0,0.0,100.0,UNKNOWN,1,9.685040473937988,IDLE,0.0
1779449538.9911335,0.0,0.0,1.0,0.0,0.0,0.0,100.0,DISARMED,1,0.0,0.0,0.0,0.0,0.0,0.0,100.0,UNKNOWN,1,0.0,0.0,0.0,0.0,0.0,0.0,100.0,UNKNOWN,1,0.0,0.0,0.0,0.0,0.0,0.0,100.0,UNKNOWN,1,0.0,0.0,0.0,0.0,0.0,0.0,100.0,UNKNOWN,1,9.685040473937988,IDLE,0.0
1779449539.0813344,0.0,0.0,1.0,0.0,0.0,0.0,100.0,DISARMED,1,0.0,0.0,0.0,0.0,0.0,0.0,100.0,UNKNOWN,1,0.0,0.0,0.0,0.0,0.0,0.0,100.0,UNKNOWN,1,0.0,0.0,0.0,0.0,0.0,0.0,100.0,UNKNOWN,1,0.0,0.0,0.0,0.0,0.0,0.0,100.0,UNKNOWN,1,9.685040473937988,IDLE,0.0
1779449539.2702103,0.0,0.0,1.0,0.0,0.0,0.0,100.0,DISARMED,1,0.0,0.0,0.0,0.0,0.0,0.0,100.0,UNKNOWN,1,0.0,0.0,0.0,0.0,0.0,0.0,100.0,UNKNOWN,1,0.0,0.0,0.0,0.0,0.0,0.0,100.0,UNKNOWN,1,0.0,0.0,0.0,0.0,0.0,0.0,100.0,UNKNOWN,1,9.685040473937988,IDLE,0.0
1779449539.3888655,0.0,0.0,1.0,0.0,0.0,0.0,100.0,DISARMED,1,0.0,0.0,0.0,0.0,0.0,0.0,100.0,UNKNOWN,1,0.0,0.0,0.0,0.0,0.0,0.0,100.0,UNKNOWN,1,0.0,0.0,0.0,0.0,0.0,0.0,100.0,UNKNOWN,1,0.0,0.0,0.0,0.0,0.0,0.0,100.0,UNKNOWN,1,9.685040473937988,IDLE,0.0
1779449539.8746772,0.0,0.0,1.0,0.0,0.0,0.0,100.0,DISARMED,1,0.0,0.0,0.0,0.0,0.0,0.0,100.0,UNKNOWN,1,0.0,0.0,0.0,0.0,0.0,0.0,100.0,UNKNOWN,1,0.0,0.0,0.0,0.0,0.0,0.0,100.0,UNKNOWN,1,0.0,0.0,0.0,0.0,0.0,0.0,100.0,UNKNOWN,1,9.685040473937988,IDLE,0.0
1779449539.9806263,0.0,0.0,1.0,0.0,0.0,0.0,100.0,DISARMED,1,0.0,0.0,0.0,0.0,0.0,0.0,100.0,UNKNOWN,1,0.0,0.0,0.0,0.0,0.0,0.0,100.0,UNKNOWN,1,0.0,0.0,0.0,0.0,0.0,0.0,100.0,UNKNOWN,1,0.0,0.0,0.0,0.0,0.0,0.0,100.0,UNKNOWN,1,9.685040473937988,IDLE,0.0
1779449540.1209223,0.0,0.0,1.0,0.0,0.0,0.0,100.0,DISARMED,1,0.0,0.0,0.0,0.0,0.0,0.0,100.0,UNKNOWN,1,0.0,0.0,0.0,0.0,0.0,0.0,100.0,UNKNOWN,1,0.0,0.0,0.0,0.0,0.0,0.0,100.0,UNKNOWN,1,0.0,0.0,0.0,0.0,0.0,0.0,100.0,UNKNOWN,1,9.685040473937988,IDLE,0.0
1779449540.2356899,0.0,0.0,1.0,0.0,0.0,0.0,100.0,DISARMED,1,0.0,0.0,0.0,0.0,0.0,0.0,100.0,UNKNOWN,1,0.0,0.0,0.0,0.0,0.0,0.0,100.0,UNKNOWN,1,0.0,0.0,0.0,0.0,0.0,0.0,100.0,UNKNOWN,1,0.0,0.0,0.0,0.0,0.0,0.0,100.0,UNKNOWN,1,9.685040473937988,IDLE,0.0
1779449540.320276,0.0,0.0,1.0,0.0,0.0,0.0,100.0,DISARMED,1,0.0,0.0,0.0,0.0,0.0,0.0,100.0,UNKNOWN,1,0.0,0.0,0.0,0.0,0.0,0.0,100.0,UNKNOWN,1,0.0,0.0,0.0,0.0,0.0,0.0,100.0,UNKNOWN,1,0.0,0.0,0.0,0.0,0.0,0.0,100.0,UNKNOWN,1,9.685040473937988,IDLE,0.0
1779449540.4327967,0.0,0.0,1.0,0.0,0.0,0.0,100.0,DISARMED,1,0.0,0.0,0.0,0.0,0.0,0.0,100.0,UNKNOWN,1,0.0,0.0,0.0,0.0,0.0,0.0,100.0,UNKNOWN,1,0.0,0.0,0.0,0.0,0.0,0.0,100.0,UNKNOWN,1,0.0,0.0,0.0,0.0,0.0,0.0,100.0,UNKNOWN,1,9.685040473937988,IDLE,0.0
1779449540.7415082,0.0,0.0,1.0,0.0,0.0,0.0,100.0,DISARMED,1,0.0,0.0,0.0,0.0,0.0,0.0,100.0,UNKNOWN,1,0.0,0.0,0.0,0.0,0.0,0.0,100.0,UNKNOWN,1,0.0,0.0,0.0,0.0,0.0,0.0,100.0,UNKNOWN,1,0.0,0.0,0.0,0.0,0.0,0.0,100.0,UNKNOWN,1,9.685040473937988,IDLE,0.0
1779449540.871031,0.0,0.0,1.0,0.0,0.0,0.0,100.0,DISARMED,1,0.0,0.0,0.0,0.0,0.0,0.0,100.0,UNKNOWN,1,0.0,0.0,0.0,0.0,0.0,0.0,100.0,UNKNOWN,1,0.0,0.0,0.0,0.0,0.0,0.0,100.0,UNKNOWN,1,0.0,0.0,0.0,0.0,0.0,0.0,100.0,UNKNOWN,1,9.685040473937988,IDLE,0.0
1779449540.9771473,0.0,0.0,1.0,0.0,0.0,0.0,100.0,DISARMED,1,0.0,0.0,0.0,0.0,0.0,0.0,100.0,UNKNOWN,1,0.0,0.0,0.0,0.0,0.0,0.0,100.0,UNKNOWN,1,0.0,0.0,0.0,0.0,0.0,0.0,100.0,UNKNOWN,1,0.0,0.0,0.0,0.0,0.0,0.0,100.0,UNKNOWN,1,9.685040473937988,IDLE,0.0
1779449541.1664,0.0,0.0,1.0,0.0,0.0,0.0,100.0,DISARMED,1,0.0,0.0,0.0,0.0,0.0,0.0,100.0,UNKNOWN,1,0.0,0.0,0.0,0.0,0.0,0.0,100.0,UNKNOWN,1,0.0,0.0,0.0,0.0,0.0,0.0,100.0,UNKNOWN,1,0.0,0.0,0.0,0.0,0.0,0.0,100.0,UNKNOWN,1,9.685040473937988,IDLE,0.0
1779449541.2735455,0.0,0.0,1.0,0.0,0.0,0.0,100.0,DISARMED,1,0.0,0.0,0.0,0.0,0.0,0.0,100.0,UNKNOWN,1,0.0,0.0,0.0,0.0,0.0,0.0,100.0,UNKNOWN,1,0.0,0.0,0.0,0.0,0.0,0.0,100.0,UNKNOWN,1,0.0,0.0,0.0,0.0,0.0,0.0,100.0,UNKNOWN,1,9.685040473937988,IDLE,0.0
1779449541.4473495,0.0,0.0,1.0,0.0,0.0,0.0,100.0,DISARMED,1,0.0,0.0,0.0,0.0,0.0,0.0,100.0,UNKNOWN,1,0.0,0.0,0.0,0.0,0.0,0.0,100.0,UNKNOWN,1,0.0,0.0,0.0,0.0,0.0,0.0,100.0,UNKNOWN,1,0.0,0.0,0.0,0.0,0.0,0.0,100.0,UNKNOWN,1,9.685040473937988,IDLE,0.0
1779449541.7540536,0.0,0.0,1.0,0.0,0.0,0.0,100.0,DISARMED,1,0.0,0.0,0.0,0.0,0.0,0.0,100.0,UNKNOWN,1,0.0,0.0,0.0,0.0,0.0,0.0,100.0,UNKNOWN,1,0.0,0.0,0.0,0.0,0.0,0.0,100.0,UNKNOWN,1,0.0,0.0,0.0,0.0,0.0,0.0,100.0,UNKNOWN,1,9.685040473937988,IDLE,0.0
1779449541.7714338,0.0,0.0,1.0,0.0,0.0,0.0,100.0,DISARMED,1,0.0,0.0,0.0,0.0,0.0,0.0,100.0,UNKNOWN,1,0.0,0.0,0.0,0.0,0.0,0.0,100.0,UNKNOWN,1,0.0,0.0,0.0,0.0,0.0,0.0,100.0,UNKNOWN,1,0.0,0.0,0.0,0.0,0.0,0.0,100.0,UNKNOWN,1,9.685040473937988,IDLE,0.0
1779449542.1186562,0.0,0.0,1.0,0.0,0.0,0.0,100.0,DISARMED,1,0.0,0.0,0.0,0.0,0.0,0.0,100.0,UNKNOWN,1,0.0,0.0,0.0,0.0,0.0,0.0,100.0,UNKNOWN,1,0.0,0.0,0.0,0.0,0.0,0.0,100.0,UNKNOWN,1,0.0,0.0,0.0,0.0,0.0,0.0,100.0,UNKNOWN,1,9.685040473937988,IDLE,0.0
1779449542.185258,0.0,0.0,1.0,0.0,0.0,0.0,100.0,DISARMED,1,0.0,0.0,0.0,0.0,0.0,0.0,100.0,UNKNOWN,1,0.0,0.0,0.0,0.0,0.0,0.0,100.0,UNKNOWN,1,0.0,0.0,0.0,0.0,0.0,0.0,100.0,UNKNOWN,1,0.0,0.0,0.0,0.0,0.0,0.0,100.0,UNKNOWN,1,9.685040473937988,IDLE,0.0
1779449542.2915552,0.0,0.0,1.0,0.0,0.0,0.0,100.0,DISARMED,1,0.0,0.0,0.0,0.0,0.0,0.0,100.0,UNKNOWN,1,0.0,0.0,0.0,0.0,0.0,0.0,100.0,UNKNOWN,1,0.0,0.0,0.0,0.0,0.0,0.0,100.0,UNKNOWN,1,0.0,0.0,0.0,0.0,0.0,0.0,100.0,UNKNOWN,1,9.685040473937988,IDLE,0.0
1779449542.3633509,0.0,0.0,1.0,0.0,0.0,0.0,100.0,DISARMED,1,0.0,0.0,0.0,0.0,0.0,0.0,100.0,UNKNOWN,1,0.0,0.0,0.0,0.0,0.0,0.0,100.0,UNKNOWN,1,0.0,0.0,0.0,0.0,0.0,0.0,100.0,UNKNOWN,1,0.0,0.0,0.0,0.0,0.0,0.0,100.0,UNKNOWN,1,9.685040473937988,IDLE,0.0
1779449542.6295533,0.0,0.0,1.0,0.0,0.0,0.0,100.0,DISARMED,1,0.0,0.0,0.0,0.0,0.0,0.0,100.0,UNKNOWN,1,0.0,0.0,0.0,0.0,0.0,0.0,100.0,UNKNOWN,1,0.0,0.0,0.0,0.0,0.0,0.0,100.0,UNKNOWN,1,0.0,0.0,0.0,0.0,0.0,0.0,100.0,UNKNOWN,1,9.685040473937988,IDLE,0.0
1779449542.6655161,0.0,0.0,1.0,0.0,0.0,0.0,100.0,DISARMED,1,0.0,0.0,0.0,0.0,0.0,0.0,100.0,UNKNOWN,1,0.0,0.0,0.0,0.0,0.0,0.0,100.0,UNKNOWN,1,0.0,0.0,0.0,0.0,0.0,0.0,100.0,UNKNOWN,1,0.0,0.0,0.0,0.0,0.0,0.0,100.0,UNKNOWN,1,9.685040473937988,IDLE,0.0
1779449542.8042507,0.0,0.0,1.0,0.0,0.0,0.0,100.0,DISARMED,1,0.0,0.0,0.0,0.0,0.0,0.0,100.0,UNKNOWN,1,0.0,0.0,0.0,0.0,0.0,0.0,100.0,UNKNOWN,1,0.0,0.0,0.0,0.0,0.0,0.0,100.0,UNKNOWN,1,0.0,0.0,0.0,0.0,0.0,0.0,100.0,UNKNOWN,1,9.685040473937988,IDLE,0.0
1779449542.870698,0.0,0.0,1.0,0.0,0.0,0.0,100.0,DISARMED,1,0.0,0.0,0.0,0.0,0.0,0.0,100.0,UNKNOWN,1,0.0,0.0,0.0,0.0,0.0,0.0,100.0,UNKNOWN,1,0.0,0.0,0.0,0.0,0.0,0.0,100.0,UNKNOWN,1,0.0,0.0,0.0,0.0,0.0,0.0,100.0,UNKNOWN,1,9.685040473937988,IDLE,0.0
1779449543.0186367,0.0,0.0,1.0,0.0,0.0,0.0,100.0,DISARMED,1,0.0,0.0,0.0,0.0,0.0,0.0,100.0,UNKNOWN,1,0.0,0.0,0.0,0.0,0.0,0.0,100.0,UNKNOWN,1,0.0,0.0,0.0,0.0,0.0,0.0,100.0,UNKNOWN,1,0.0,0.0,0.0,0.0,0.0,0.0,100.0,UNKNOWN,1,9.685040473937988,IDLE,0.0
1779449543.088809,0.0,0.0,1.0,0.0,0.0,0.0,100.0,DISARMED,1,0.0,0.0,0.0,0.0,0.0,0.0,100.0,UNKNOWN,1,0.0,0.0,0.0,0.0,0.0,0.0,100.0,UNKNOWN,1,0.0,0.0,0.0,0.0,0.0,0.0,100.0,UNKNOWN,1,0.0,0.0,0.0,0.0,0.0,0.0,100.0,UNKNOWN,1,9.685040473937988,IDLE,0.0
1779449543.1707633,0.0,0.0,1.0,0.0,0.0,0.0,100.0,DISARMED,1,0.0,0.0,0.0,0.0,0.0,0.0,100.0,UNKNOWN,1,0.0,0.0,0.0,0.0,0.0,0.0,100.0,UNKNOWN,1,0.0,0.0,0.0,0.0,0.0,0.0,100.0,UNKNOWN,1,0.0,0.0,0.0,0.0,0.0,0.0,100.0,UNKNOWN,1,9.685040473937988,IDLE,0.0
1779449543.401109,0.0,0.0,1.0,0.0,0.0,0.0,100.0,DISARMED,1,0.0,0.0,0.0,0.0,0.0,0.0,100.0,UNKNOWN,1,0.0,0.0,0.0,0.0,0.0,0.0,100.0,UNKNOWN,1,0.0,0.0,0.0,0.0,0.0,0.0,100.0,UNKNOWN,1,0.0,0.0,0.0,0.0,0.0,0.0,100.0,UNKNOWN,1,9.685040473937988,IDLE,0.0
1779449543.7303221,0.0,0.0,1.0,0.0,0.0,0.0,100.0,DISARMED,1,0.0,0.0,0.0,0.0,0.0,0.0,100.0,UNKNOWN,1,0.0,0.0,0.0,0.0,0.0,0.0,100.0,UNKNOWN,1,0.0,0.0,0.0,0.0,0.0,0.0,100.0,UNKNOWN,1,0.0,0.0,0.0,0.0,0.0,0.0,100.0,UNKNOWN,1,9.685040473937988,IDLE,0.0
1779449543.7864623,0.0,0.0,1.0,0.0,0.0,0.0,100.0,DISARMED,1,0.0,0.0,0.0,0.0,0.0,0.0,100.0,UNKNOWN,1,0.0,0.0,0.0,0.0,0.0,0.0,100.0,UNKNOWN,1,0.0,0.0,0.0,0.0,0.0,0.0,100.0,UNKNOWN,1,0.0,0.0,0.0,0.0,0.0,0.0,100.0,UNKNOWN,1,9.685040473937988,IDLE,0.0
1779449543.9616578,0.0,0.0,1.0,0.0,0.0,0.0,100.0,DISARMED,1,0.0,0.0,0.0,0.0,0.0,0.0,100.0,UNKNOWN,1,0.0,0.0,0.0,0.0,0.0,0.0,100.0,UNKNOWN,1,0.0,0.0,0.0,0.0,0.0,0.0,100.0,UNKNOWN,1,0.0,0.0,0.0,0.0,0.0,0.0,100.0,UNKNOWN,1,9.685040473937988,IDLE,0.0
1779449544.088282,0.0,0.0,1.0,0.0,0.0,0.0,100.0,DISARMED,1,0.0,0.0,0.0,0.0,0.0,0.0,100.0,UNKNOWN,1,0.0,0.0,0.0,0.0,0.0,0.0,100.0,UNKNOWN,1,0.0,0.0,0.0,0.0,0.0,0.0,100.0,UNKNOWN,1,0.0,0.0,0.0,0.0,0.0,0.0,100.0,UNKNOWN,1,9.685040473937988,IDLE,0.0
1779449544.202877,0.0,0.0,1.0,0.0,0.0,0.0,100.0,DISARMED,1,0.0,0.0,0.0,0.0,0.0,0.0,100.0,UNKNOWN,1,0.0,0.0,0.0,0.0,0.0,0.0,100.0,UNKNOWN,1,0.0,0.0,0.0,0.0,0.0,0.0,100.0,UNKNOWN,1,0.0,0.0,0.0,0.0,0.0,0.0,100.0,UNKNOWN,1,9.685040473937988,IDLE,0.0
1779449544.3261306,0.0,0.0,1.0,0.0,0.0,0.0,100.0,DISARMED,1,0.0,0.0,0.0,0.0,0.0,0.0,100.0,UNKNOWN,1,0.0,0.0,0.0,0.0,0.0,0.0,100.0,UNKNOWN,1,0.0,0.0,0.0,0.0,0.0,0.0,100.0,UNKNOWN,1,0.0,0.0,0.0,0.0,0.0,0.0,100.0,UNKNOWN,1,9.685040473937988,IDLE,0.0
1779449544.3908114,0.0,0.0,1.0,0.0,0.0,0.0,100.0,DISARMED,1,0.0,0.0,0.0,0.0,0.0,0.0,100.0,UNKNOWN,1,0.0,0.0,0.0,0.0,0.0,0.0,100.0,UNKNOWN,1,0.0,0.0,0.0,0.0,0.0,0.0,100.0,UNKNOWN,1,0.0,0.0,0.0,0.0,0.0,0.0,100.0,UNKNOWN,1,9.685040473937988,IDLE,0.0
1779449544.7689407,0.0,0.0,1.0,0.0,0.0,0.0,100.0,DISARMED,1,0.0,0.0,0.0,0.0,0.0,0.0,100.0,UNKNOWN,1,0.0,0.0,0.0,0.0,0.0,0.0,100.0,UNKNOWN,1,0.0,0.0,0.0,0.0,0.0,0.0,100.0,UNKNOWN,1,0.0,0.0,0.0,0.0,0.0,0.0,100.0,UNKNOWN,1,9.685040473937988,IDLE,0.0
1779449544.8798904,0.0,0.0,1.0,0.0,0.0,0.0,100.0,DISARMED,1,0.0,0.0,0.0,0.0,0.0,0.0,100.0,UNKNOWN,1,0.0,0.0,0.0,0.0,0.0,0.0,100.0,UNKNOWN,1,0.0,0.0,0.0,0.0,0.0,0.0,100.0,UNKNOWN,1,0.0,0.0,0.0,0.0,0.0,0.0,100.0,UNKNOWN,1,9.685040473937988,IDLE,0.0
1779449544.9594343,0.0,0.0,1.0,0.0,0.0,0.0,100.0,DISARMED,1,0.0,0.0,0.0,0.0,0.0,0.0,100.0,UNKNOWN,1,0.0,0.0,0.0,0.0,0.0,0.0,100.0,UNKNOWN,1,0.0,0.0,0.0,0.0,0.0,0.0,100.0,UNKNOWN,1,0.0,0.0,0.0,0.0,0.0,0.0,100.0,UNKNOWN,1,9.685040473937988,IDLE,0.0
1779449545.1262012,0.0,0.0,1.0,0.0,0.0,0.0,100.0,DISARMED,1,0.0,0.0,0.0,0.0,0.0,0.0,100.0,UNKNOWN,1,0.0,0.0,0.0,0.0,0.0,0.0,100.0,UNKNOWN,1,0.0,0.0,0.0,0.0,0.0,0.0,100.0,UNKNOWN,1,0.0,0.0,0.0,0.0,0.0,0.0,100.0,UNKNOWN,1,9.685040473937988,IDLE,0.0
1779449545.193636,0.0,0.0,1.0,0.0,0.0,0.0,100.0,DISARMED,1,0.0,0.0,0.0,0.0,0.0,0.0,100.0,UNKNOWN,1,0.0,0.0,0.0,0.0,0.0,0.0,100.0,UNKNOWN,1,0.0,0.0,0.0,0.0,0.0,0.0,100.0,UNKNOWN,1,0.0,0.0,0.0,0.0,0.0,0.0,100.0,UNKNOWN,1,9.685040473937988,IDLE,0.0
1779449545.2898457,0.0,0.0,1.0,0.0,0.0,0.0,100.0,DISARMED,1,0.0,0.0,0.0,0.0,0.0,0.0,100.0,UNKNOWN,1,0.0,0.0,0.0,0.0,0.0,0.0,100.0,UNKNOWN,1,0.0,0.0,0.0,0.0,0.0,0.0,100.0,UNKNOWN,1,0.0,0.0,0.0,0.0,0.0,0.0,100.0,UNKNOWN,1,9.685040473937988,IDLE,0.0
1779449545.3795102,0.0,0.0,1.0,0.0,0.0,0.0,100.0,DISARMED,1,0.0,0.0,0.0,0.0,0.0,0.0,100.0,UNKNOWN,1,0.0,0.0,0.0,0.0,0.0,0.0,100.0,UNKNOWN,1,0.0,0.0,0.0,0.0,0.0,0.0,100.0,UNKNOWN,1,0.0,0.0,0.0,0.0,0.0,0.0,100.0,UNKNOWN,1,9.685040473937988,IDLE,0.0
1779449545.736932,0.0,0.0,1.0,0.0,0.0,0.0,100.0,DISARMED,1,0.0,0.0,0.0,0.0,0.0,0.0,100.0,UNKNOWN,1,0.0,0.0,0.0,0.0,0.0,0.0,100.0,UNKNOWN,1,0.0,0.0,0.0,0.0,0.0,0.0,100.0,UNKNOWN,1,0.0,0.0,0.0,0.0,0.0,0.0,100.0,UNKNOWN,1,9.685040473937988,IDLE,0.0
1779449545.8462658,0.0,0.0,1.0,0.0,0.0,0.0,100.0,DISARMED,1,0.0,0.0,0.0,0.0,0.0,0.0,100.0,UNKNOWN,1,0.0,0.0,0.0,0.0,0.0,0.0,100.0,UNKNOWN,1,0.0,0.0,0.0,0.0,0.0,0.0,100.0,UNKNOWN,1,0.0,0.0,0.0,0.0,0.0,0.0,100.0,UNKNOWN,1,9.685040473937988,IDLE,0.0
1779449545.9809773,0.0,0.0,1.0,0.0,0.0,0.0,100.0,DISARMED,1,0.0,0.0,0.0,0.0,0.0,0.0,100.0,UNKNOWN,1,0.0,0.0,0.0,0.0,0.0,0.0,100.0,UNKNOWN,1,0.0,0.0,0.0,0.0,0.0,0.0,100.0,UNKNOWN,1,0.0,0.0,0.0,0.0,0.0,0.0,100.0,UNKNOWN,1,9.685040473937988,IDLE,0.0
1779449546.0786972,0.0,0.0,1.0,0.0,0.0,0.0,100.0,DISARMED,1,0.0,0.0,0.0,0.0,0.0,0.0,100.0,UNKNOWN,1,0.0,0.0,0.0,0.0,0.0,0.0,100.0,UNKNOWN,1,0.0,0.0,0.0,0.0,0.0,0.0,100.0,UNKNOWN,1,0.0,0.0,0.0,0.0,0.0,0.0,100.0,UNKNOWN,1,9.685040473937988,IDLE,0.0
1779449546.1972265,0.0,0.0,1.0,0.0,0.0,0.0,100.0,DISARMED,1,0.0,0.0,0.0,0.0,0.0,0.0,100.0,UNKNOWN,1,0.0,0.0,0.0,0.0,0.0,0.0,100.0,UNKNOWN,1,0.0,0.0,0.0,0.0,0.0,0.0,100.0,UNKNOWN,1,0.0,0.0,0.0,0.0,0.0,0.0,100.0,UNKNOWN,1,9.685040473937988,IDLE,0.0
1779449546.299401,0.0,0.0,1.0,0.0,0.0,0.0,100.0,DISARMED,1,0.0,0.0,0.0,0.0,0.0,0.0,100.0,UNKNOWN,1,0.0,0.0,0.0,0.0,0.0,0.0,100.0,UNKNOWN,1,0.0,0.0,0.0,0.0,0.0,0.0,100.0,UNKNOWN,1,0.0,0.0,0.0,0.0,0.0,0.0,100.0,UNKNOWN,1,9.685040473937988,IDLE,0.0
1779449546.3844378,0.0,0.0,1.0,0.0,0.0,0.0,100.0,DISARMED,1,0.0,0.0,0.0,0.0,0.0,0.0,100.0,UNKNOWN,1,0.0,0.0,0.0,0.0,0.0,0.0,100.0,UNKNOWN,1,0.0,0.0,0.0,0.0,0.0,0.0,100.0,UNKNOWN,1,0.0,0.0,0.0,0.0,0.0,0.0,100.0,UNKNOWN,1,9.685040473937988,IDLE,0.0
1779449546.6773734,0.0,0.0,1.0,0.0,0.0,0.0,100.0,DISARMED,1,0.0,0.0,0.0,0.0,0.0,0.0,100.0,UNKNOWN,1,0.0,0.0,0.0,0.0,0.0,0.0,100.0,UNKNOWN,1,0.0,0.0,0.0,0.0,0.0,0.0,100.0,UNKNOWN,1,0.0,0.0,0.0,0.0,0.0,0.0,100.0,UNKNOWN,1,9.685040473937988,IDLE,0.0
1779449546.8951,0.0,0.0,1.0,0.0,0.0,0.0,100.0,DISARMED,1,0.0,0.0,0.0,0.0,0.0,0.0,100.0,UNKNOWN,1,0.0,0.0,0.0,0.0,0.0,0.0,100.0,UNKNOWN,1,0.0,0.0,0.0,0.0,0.0,0.0,100.0,UNKNOWN,1,0.0,0.0,0.0,0.0,0.0,0.0,100.0,UNKNOWN,1,9.685040473937988,IDLE,0.0
1779449546.966851,0.0,0.0,1.0,0.0,0.0,0.0,100.0,DISARMED,1,0.0,0.0,0.0,0.0,0.0,0.0,100.0,UNKNOWN,1,0.0,0.0,0.0,0.0,0.0,0.0,100.0,UNKNOWN,1,0.0,0.0,0.0,0.0,0.0,0.0,100.0,UNKNOWN,1,0.0,0.0,0.0,0.0,0.0,0.0,100.0,UNKNOWN,1,9.685040473937988,IDLE,0.0
1779449547.1307123,0.0,0.0,1.0,0.0,0.0,0.0,100.0,DISARMED,1,0.0,0.0,0.0,0.0,0.0,0.0,100.0,UNKNOWN,1,0.0,0.0,0.0,0.0,0.0,0.0,100.0,UNKNOWN,1,0.0,0.0,0.0,0.0,0.0,0.0,100.0,UNKNOWN,1,0.0,0.0,0.0,0.0,0.0,0.0,100.0,UNKNOWN,1,9.685040473937988,IDLE,0.0
1779449547.2566078,0.0,0.0,1.0,0.0,0.0,0.0,100.0,DISARMED,1,0.0,0.0,0.0,0.0,0.0,0.0,100.0,UNKNOWN,1,0.0,0.0,0.0,0.0,0.0,0.0,100.0,UNKNOWN,1,0.0,0.0,0.0,0.0,0.0,0.0,100.0,UNKNOWN,1,0.0,0.0,0.0,0.0,0.0,0.0,100.0,UNKNOWN,1,9.685040473937988,IDLE,0.0
1779449547.3777282,0.0,0.0,1.0,0.0,0.0,0.0,100.0,DISARMED,1,0.0,0.0,0.0,0.0,0.0,0.0,100.0,UNKNOWN,1,0.0,0.0,0.0,0.0,0.0,0.0,100.0,UNKNOWN,1,0.0,0.0,0.0,0.0,0.0,0.0,100.0,UNKNOWN,1,0.0,0.0,0.0,0.0,0.0,0.0,100.0,UNKNOWN,1,9.685040473937988,IDLE,0.0
1779449547.7878542,0.0,0.0,1.0,0.0,0.0,0.0,100.0,DISARMED,1,0.0,0.0,0.0,0.0,0.0,0.0,100.0,UNKNOWN,1,0.0,0.0,0.0,0.0,0.0,0.0,100.0,UNKNOWN,1,0.0,0.0,0.0,0.0,0.0,0.0,100.0,UNKNOWN,1,0.0,0.0,0.0,0.0,0.0,0.0,100.0,UNKNOWN,1,9.685040473937988,IDLE,0.0
1779449547.8973708,0.0,0.0,1.0,0.0,0.0,0.0,100.0,DISARMED,1,0.0,0.0,0.0,0.0,0.0,0.0,100.0,UNKNOWN,1,0.0,0.0,0.0,0.0,0.0,0.0,100.0,UNKNOWN,1,0.0,0.0,0.0,0.0,0.0,0.0,100.0,UNKNOWN,1,0.0,0.0,0.0,0.0,0.0,0.0,100.0,UNKNOWN,1,9.685040473937988,IDLE,0.0
1779449548.1743548,0.0,0.0,1.0,0.0,0.0,0.0,100.0,DISARMED,1,0.0,0.0,0.0,0.0,0.0,0.0,100.0,UNKNOWN,1,0.0,0.0,0.0,0.0,0.0,0.0,100.0,UNKNOWN,1,0.0,0.0,0.0,0.0,0.0,0.0,100.0,UNKNOWN,1,0.0,0.0,0.0,0.0,0.0,0.0,100.0,UNKNOWN,1,9.685040473937988,IDLE,0.0
1779449548.3305948,0.0,0.0,1.0,0.0,0.0,0.0,100.0,DISARMED,1,0.0,0.0,0.0,0.0,0.0,0.0,100.0,UNKNOWN,1,0.0,0.0,0.0,0.0,0.0,0.0,100.0,UNKNOWN,1,0.0,0.0,0.0,0.0,0.0,0.0,100.0,UNKNOWN,1,0.0,0.0,0.0,0.0,0.0,0.0,100.0,UNKNOWN,1,9.685040473937988,IDLE,0.0
1779449548.6634326,0.0,0.0,1.0,0.0,0.0,0.0,100.0,DISARMED,1,0.0,0.0,0.0,0.0,0.0,0.0,100.0,UNKNOWN,1,0.0,0.0,0.0,0.0,0.0,0.0,100.0,UNKNOWN,1,0.0,0.0,0.0,0.0,0.0,0.0,100.0,UNKNOWN,1,0.0,0.0,0.0,0.0,0.0,0.0,100.0,UNKNOWN,1,9.685040473937988,IDLE,0.0
1779449548.7867992,0.0,0.0,1.0,0.0,0.0,0.0,100.0,DISARMED,1,0.0,0.0,0.0,0.0,0.0,0.0,100.0,UNKNOWN,1,0.0,0.0,0.0,0.0,0.0,0.0,100.0,UNKNOWN,1,0.0,0.0,0.0,0.0,0.0,0.0,100.0,UNKNOWN,1,0.0,0.0,0.0,0.0,0.0,0.0,100.0,UNKNOWN,1,9.685040473937988,IDLE,0.0
1779449548.8876488,0.0,0.0,1.0,0.0,0.0,0.0,100.0,DISARMED,1,0.0,0.0,0.0,0.0,0.0,0.0,100.0,UNKNOWN,1,0.0,0.0,0.0,0.0,0.0,0.0,100.0,UNKNOWN,1,0.0,0.0,0.0,0.0,0.0,0.0,100.0,UNKNOWN,1,0.0,0.0,0.0,0.0,0.0,0.0,100.0,UNKNOWN,1,9.685040473937988,IDLE,0.0
1779449549.2226582,0.0,0.0,1.0,0.0,0.0,0.0,100.0,DISARMED,1,0.0,0.0,0.0,0.0,0.0,0.0,100.0,UNKNOWN,1,0.0,0.0,0.0,0.0,0.0,0.0,100.0,UNKNOWN,1,0.0,0.0,0.0,0.0,0.0,0.0,100.0,UNKNOWN,1,0.0,0.0,0.0,0.0,0.0,0.0,100.0,UNKNOWN,1,9.685040473937988,IDLE,0.0
1779449549.3053033,0.0,0.0,1.0,0.0,0.0,0.0,100.0,DISARMED,1,0.0,0.0,0.0,0.0,0.0,0.0,100.0,UNKNOWN,1,0.0,0.0,0.0,0.0,0.0,0.0,100.0,UNKNOWN,1,0.0,0.0,0.0,0.0,0.0,0.0,100.0,UNKNOWN,1,0.0,0.0,0.0,0.0,0.0,0.0,100.0,UNKNOWN,1,9.685040473937988,IDLE,0.0
1779449549.3772793,0.0,0.0,1.0,0.0,0.0,0.0,100.0,DISARMED,1,0.0,0.0,0.0,0.0,0.0,0.0,100.0,UNKNOWN,1,0.0,0.0,0.0,0.0,0.0,0.0,100.0,UNKNOWN,1,0.0,0.0,0.0,0.0,0.0,0.0,100.0,UNKNOWN,1,0.0,0.0,0.0,0.0,0.0,0.0,100.0,UNKNOWN,1,9.685040473937988,IDLE,0.0
1779449549.7544706,0.0,0.0,1.0,0.0,0.0,0.0,100.0,DISARMED,1,0.0,0.0,0.0,0.0,0.0,0.0,100.0,UNKNOWN,1,0.0,0.0,0.0,0.0,0.0,0.0,100.0,UNKNOWN,1,0.0,0.0,0.0,0.0,0.0,0.0,100.0,UNKNOWN,1,0.0,0.0,0.0,0.0,0.0,0.0,100.0,UNKNOWN,1,9.685040473937988,IDLE,0.0
1779449549.956587,0.0,0.0,1.0,0.0,0.0,0.0,100.0,DISARMED,1,0.0,0.0,0.0,0.0,0.0,0.0,100.0,UNKNOWN,1,0.0,0.0,0.0,0.0,0.0,0.0,100.0,UNKNOWN,1,0.0,0.0,0.0,0.0,0.0,0.0,100.0,UNKNOWN,1,0.0,0.0,0.0,0.0,0.0,0.0,100.0,UNKNOWN,1,9.685040473937988,IDLE,0.0
1779449549.9739454,0.0,0.0,1.0,0.0,0.0,0.0,100.0,DISARMED,1,0.0,0.0,0.0,0.0,0.0,0.0,100.0,UNKNOWN,1,0.0,0.0,0.0,0.0,0.0,0.0,100.0,UNKNOWN,1,0.0,0.0,0.0,0.0,0.0,0.0,100.0,UNKNOWN,1,0.0,0.0,0.0,0.0,0.0,0.0,100.0,UNKNOWN,1,9.685040473937988,IDLE,0.0
1779449550.0653622,0.0,0.0,1.0,0.0,0.0,0.0,100.0,DISARMED,1,0.0,0.0,0.0,0.0,0.0,0.0,100.0,UNKNOWN,1,0.0,0.0,0.0,0.0,0.0,0.0,100.0,UNKNOWN,1,0.0,0.0,0.0,0.0,0.0,0.0,100.0,UNKNOWN,1,0.0,0.0,0.0,0.0,0.0,0.0,100.0,UNKNOWN,1,9.685040473937988,IDLE,0.0
1779449550.226085,0.0,0.0,1.0,0.0,0.0,0.0,100.0,DISARMED,1,0.0,0.0,0.0,0.0,0.0,0.0,100.0,UNKNOWN,1,0.0,0.0,0.0,0.0,0.0,0.0,100.0,UNKNOWN,1,0.0,0.0,0.0,0.0,0.0,0.0,100.0,UNKNOWN,1,0.0,0.0,0.0,0.0,0.0,0.0,100.0,UNKNOWN,1,9.685040473937988,IDLE,0.0
1779449550.3276172,0.0,0.0,1.0,0.0,0.0,0.0,100.0,DISARMED,1,0.0,0.0,0.0,0.0,0.0,0.0,100.0,UNKNOWN,1,0.0,0.0,0.0,0.0,0.0,0.0,100.0,UNKNOWN,1,0.0,0.0,0.0,0.0,0.0,0.0,100.0,UNKNOWN,1,0.0,0.0,0.0,0.0,0.0,0.0,100.0,UNKNOWN,1,9.685040473937988,IDLE,0.0
1779449550.3874097,0.0,0.0,1.0,0.0,0.0,0.0,100.0,DISARMED,1,0.0,0.0,0.0,0.0,0.0,0.0,100.0,UNKNOWN,1,0.0,0.0,0.0,0.0,0.0,0.0,100.0,UNKNOWN,1,0.0,0.0,0.0,0.0,0.0,0.0,100.0,UNKNOWN,1,0.0,0.0,0.0,0.0,0.0,0.0,100.0,UNKNOWN,1,9.685040473937988,IDLE,0.0
1779449550.685527,0.0,0.0,1.0,0.0,0.0,0.0,100.0,DISARMED,1,0.0,0.0,0.0,0.0,0.0,0.0,100.0,UNKNOWN,1,0.0,0.0,0.0,0.0,0.0,0.0,100.0,UNKNOWN,1,0.0,0.0,0.0,0.0,0.0,0.0,100.0,UNKNOWN,1,0.0,0.0,0.0,0.0,0.0,0.0,100.0,UNKNOWN,1,9.685040473937988,IDLE,0.0
1779449550.8519752,0.0,0.0,1.0,0.0,0.0,0.0,100.0,DISARMED,1,0.0,0.0,0.0,0.0,0.0,0.0,100.0,UNKNOWN,1,0.0,0.0,0.0,0.0,0.0,0.0,100.0,UNKNOWN,1,0.0,0.0,0.0,0.0,0.0,0.0,100.0,UNKNOWN,1,0.0,0.0,0.0,0.0,0.0,0.0,100.0,UNKNOWN,1,9.685040473937988,IDLE,0.0
1779449550.9916604,0.0,0.0,1.0,0.0,0.0,0.0,100.0,DISARMED,1,0.0,0.0,0.0,0.0,0.0,0.0,100.0,UNKNOWN,1,0.0,0.0,0.0,0.0,0.0,0.0,100.0,UNKNOWN,1,0.0,0.0,0.0,0.0,0.0,0.0,100.0,UNKNOWN,1,0.0,0.0,0.0,0.0,0.0,0.0,100.0,UNKNOWN,1,9.685040473937988,IDLE,0.0
1779449551.0905447,0.0,0.0,1.0,0.0,0.0,0.0,100.0,DISARMED,1,0.0,0.0,0.0,0.0,0.0,0.0,100.0,UNKNOWN,1,0.0,0.0,0.0,0.0,0.0,0.0,100.0,UNKNOWN,1,0.0,0.0,0.0,0.0,0.0,0.0,100.0,UNKNOWN,1,0.0,0.0,0.0,0.0,0.0,0.0,100.0,UNKNOWN,1,9.685040473937988,IDLE,0.0
1779449551.1858137,0.0,0.0,1.0,0.0,0.0,0.0,100.0,DISARMED,1,0.0,0.0,0.0,0.0,0.0,0.0,100.0,UNKNOWN,1,0.0,0.0,0.0,0.0,0.0,0.0,100.0,UNKNOWN,1,0.0,0.0,0.0,0.0,0.0,0.0,100.0,UNKNOWN,1,0.0,0.0,0.0,0.0,0.0,0.0,100.0,UNKNOWN,1,9.685040473937988,IDLE,0.0
1779449551.2925138,0.0,0.0,1.0,0.0,0.0,0.0,100.0,DISARMED,1,0.0,0.0,0.0,0.0,0.0,0.0,100.0,UNKNOWN,1,0.0,0.0,0.0,0.0,0.0,0.0,100.0,UNKNOWN,1,0.0,0.0,0.0,0.0,0.0,0.0,100.0,UNKNOWN,1,0.0,0.0,0.0,0.0,0.0,0.0,100.0,UNKNOWN,1,9.685040473937988,IDLE,0.0
1779449551.4113436,0.0,0.0,1.0,0.0,0.0,0.0,100.0,DISARMED,1,0.0,0.0,0.0,0.0,0.0,0.0,100.0,UNKNOWN,1,0.0,0.0,0.0,0.0,0.0,0.0,100.0,UNKNOWN,1,0.0,0.0,0.0,0.0,0.0,0.0,100.0,UNKNOWN,1,0.0,0.0,0.0,0.0,0.0,0.0,100.0,UNKNOWN,1,9.685040473937988,IDLE,0.0
1779449551.7881806,0.0,0.0,1.0,0.0,0.0,0.0,100.0,DISARMED,1,0.0,0.0,0.0,0.0,0.0,0.0,100.0,UNKNOWN,1,0.0,0.0,0.0,0.0,0.0,0.0,100.0,UNKNOWN,1,0.0,0.0,0.0,0.0,0.0,0.0,100.0,UNKNOWN,1,0.0,0.0,0.0,0.0,0.0,0.0,100.0,UNKNOWN,1,9.685040473937988,IDLE,0.0
1779449552.0202713,0.0,0.0,1.0,0.0,0.0,0.0,100.0,DISARMED,1,0.0,0.0,0.0,0.0,0.0,0.0,100.0,UNKNOWN,1,0.0,0.0,0.0,0.0,0.0,0.0,100.0,UNKNOWN,1,0.0,0.0,0.0,0.0,0.0,0.0,100.0,UNKNOWN,1,0.0,0.0,0.0,0.0,0.0,0.0,100.0,UNKNOWN,1,9.685040473937988,IDLE,0.0
1779449552.060734,0.0,0.0,1.0,0.0,0.0,0.0,100.0,DISARMED,1,0.0,0.0,0.0,0.0,0.0,0.0,100.0,UNKNOWN,1,0.0,0.0,0.0,0.0,0.0,0.0,100.0,UNKNOWN,1,0.0,0.0,0.0,0.0,0.0,0.0,100.0,UNKNOWN,1,0.0,0.0,0.0,0.0,0.0,0.0,100.0,UNKNOWN,1,9.685040473937988,IDLE,0.0
1779449552.2151537,0.0,0.0,1.0,0.0,0.0,0.0,100.0,DISARMED,1,0.0,0.0,0.0,0.0,0.0,0.0,100.0,UNKNOWN,1,0.0,0.0,0.0,0.0,0.0,0.0,100.0,UNKNOWN,1,0.0,0.0,0.0,0.0,0.0,0.0,100.0,UNKNOWN,1,0.0,0.0,0.0,0.0,0.0,0.0,100.0,UNKNOWN,1,9.685040473937988,IDLE,0.0
1779449552.2949252,0.0,0.0,1.0,0.0,0.0,0.0,100.0,DISARMED,1,0.0,0.0,0.0,0.0,0.0,0.0,100.0,UNKNOWN,1,0.0,0.0,0.0,0.0,0.0,0.0,100.0,UNKNOWN,1,0.0,0.0,0.0,0.0,0.0,0.0,100.0,UNKNOWN,1,0.0,0.0,0.0,0.0,0.0,0.0,100.0,UNKNOWN,1,9.685040473937988,IDLE,0.0
1779449552.3623314,0.0,0.0,1.0,0.0,0.0,0.0,100.0,DISARMED,1,0.0,0.0,0.0,0.0,0.0,0.0,100.0,UNKNOWN,1,0.0,0.0,0.0,0.0,0.0,0.0,100.0,UNKNOWN,1,0.0,0.0,0.0,0.0,0.0,0.0,100.0,UNKNOWN,1,0.0,0.0,0.0,0.0,0.0,0.0,100.0,UNKNOWN,1,9.685040473937988,IDLE,0.0
1779449552.708402,0.0,0.0,1.0,0.0,0.0,0.0,100.0,DISARMED,1,0.0,0.0,0.0,0.0,0.0,0.0,100.0,UNKNOWN,1,0.0,0.0,0.0,0.0,0.0,0.0,100.0,UNKNOWN,1,0.0,0.0,0.0,0.0,0.0,0.0,100.0,UNKNOWN,1,0.0,0.0,0.0,0.0,0.0,0.0,100.0,UNKNOWN,1,9.685040473937988,IDLE,0.0
1779449552.8050644,0.0,0.0,1.0,0.0,0.0,0.0,100.0,DISARMED,1,0.0,0.0,0.0,0.0,0.0,0.0,100.0,UNKNOWN,1,0.0,0.0,0.0,0.0,0.0,0.0,100.0,UNKNOWN,1,0.0,0.0,0.0,0.0,0.0,0.0,100.0,UNKNOWN,1,0.0,0.0,0.0,0.0,0.0,0.0,100.0,UNKNOWN,1,9.685040473937988,IDLE,0.0
1779449552.8599684,0.0,0.0,1.0,0.0,0.0,0.0,100.0,DISARMED,1,0.0,0.0,0.0,0.0,0.0,0.0,100.0,UNKNOWN,1,0.0,0.0,0.0,0.0,0.0,0.0,100.0,UNKNOWN,1,0.0,0.0,0.0,0.0,0.0,0.0,100.0,UNKNOWN,1,0.0,0.0,0.0,0.0,0.0,0.0,100.0,UNKNOWN,1,9.685040473937988,IDLE,0.0
1779449552.967618,0.0,0.0,1.0,0.0,0.0,0.0,100.0,DISARMED,1,0.0,0.0,0.0,0.0,0.0,0.0,100.0,UNKNOWN,1,0.0,0.0,0.0,0.0,0.0,0.0,100.0,UNKNOWN,1,0.0,0.0,0.0,0.0,0.0,0.0,100.0,UNKNOWN,1,0.0,0.0,0.0,0.0,0.0,0.0,100.0,UNKNOWN,1,9.685040473937988,IDLE,0.0
1779449553.0912435,0.0,0.0,1.0,0.0,0.0,0.0,100.0,DISARMED,1,0.0,0.0,0.0,0.0,0.0,0.0,100.0,UNKNOWN,1,0.0,0.0,0.0,0.0,0.0,0.0,100.0,UNKNOWN,1,0.0,0.0,0.0,0.0,0.0,0.0,100.0,UNKNOWN,1,0.0,0.0,0.0,0.0,0.0,0.0,100.0,UNKNOWN,1,9.685040473937988,IDLE,0.0
1779449553.164335,0.0,0.0,1.0,0.0,0.0,0.0,100.0,DISARMED,1,0.0,0.0,0.0,0.0,0.0,0.0,100.0,UNKNOWN,1,0.0,0.0,0.0,0.0,0.0,0.0,100.0,UNKNOWN,1,0.0,0.0,0.0,0.0,0.0,0.0,100.0,UNKNOWN,1,0.0,0.0,0.0,0.0,0.0,0.0,100.0,UNKNOWN,1,9.685040473937988,IDLE,0.0
1779449553.293573,0.0,0.0,1.0,0.0,0.0,0.0,100.0,DISARMED,1,0.0,0.0,0.0,0.0,0.0,0.0,100.0,UNKNOWN,1,0.0,0.0,0.0,0.0,0.0,0.0,100.0,UNKNOWN,1,0.0,0.0,0.0,0.0,0.0,0.0,100.0,UNKNOWN,1,0.0,0.0,0.0,0.0,0.0,0.0,100.0,UNKNOWN,1,9.685040473937988,IDLE,0.0
1779449553.4255867,0.0,0.0,1.0,0.0,0.0,0.0,100.0,DISARMED,1,0.0,0.0,0.0,0.0,0.0,0.0,100.0,UNKNOWN,1,0.0,0.0,0.0,0.0,0.0,0.0,100.0,UNKNOWN,1,0.0,0.0,0.0,0.0,0.0,0.0,100.0,UNKNOWN,1,0.0,0.0,0.0,0.0,0.0,0.0,100.0,UNKNOWN,1,9.685040473937988,IDLE,0.0
1779449553.704409,0.0,0.0,1.0,0.0,0.0,0.0,100.0,DISARMED,1,0.0,0.0,0.0,0.0,0.0,0.0,100.0,UNKNOWN,1,0.0,0.0,0.0,0.0,0.0,0.0,100.0,UNKNOWN,1,0.0,0.0,0.0,0.0,0.0,0.0,100.0,UNKNOWN,1,0.0,0.0,0.0,0.0,0.0,0.0,100.0,UNKNOWN,1,9.685040473937988,IDLE,0.0
1779449553.821097,0.0,0.0,1.0,0.0,0.0,0.0,100.0,DISARMED,1,0.0,0.0,0.0,0.0,0.0,0.0,100.0,UNKNOWN,1,0.0,0.0,0.0,0.0,0.0,0.0,100.0,UNKNOWN,1,0.0,0.0,0.0,0.0,0.0,0.0,100.0,UNKNOWN,1,0.0,0.0,0.0,0.0,0.0,0.0,100.0,UNKNOWN,1,9.685040473937988,IDLE,0.0
1779449553.9036674,0.0,0.0,1.0,0.0,0.0,0.0,100.0,DISARMED,1,0.0,0.0,0.0,0.0,0.0,0.0,100.0,UNKNOWN,1,0.0,0.0,0.0,0.0,0.0,0.0,100.0,UNKNOWN,1,0.0,0.0,0.0,0.0,0.0,0.0,100.0,UNKNOWN,1,0.0,0.0,0.0,0.0,0.0,0.0,100.0,UNKNOWN,1,9.685040473937988,IDLE,0.0
1779449553.9933019,0.0,0.0,1.0,0.0,0.0,0.0,100.0,DISARMED,1,0.0,0.0,0.0,0.0,0.0,0.0,100.0,UNKNOWN,1,0.0,0.0,0.0,0.0,0.0,0.0,100.0,UNKNOWN,1,0.0,0.0,0.0,0.0,0.0,0.0,100.0,UNKNOWN,1,0.0,0.0,0.0,0.0,0.0,0.0,100.0,UNKNOWN,1,9.685040473937988,IDLE,0.0
1779449554.085268,0.0,0.0,1.0,0.0,0.0,0.0,100.0,DISARMED,1,0.0,0.0,0.0,0.0,0.0,0.0,100.0,UNKNOWN,1,0.0,0.0,0.0,0.0,0.0,0.0,100.0,UNKNOWN,1,0.0,0.0,0.0,0.0,0.0,0.0,100.0,UNKNOWN,1,0.0,0.0,0.0,0.0,0.0,0.0,100.0,UNKNOWN,1,9.685040473937988,IDLE,0.0
1779449554.205573,0.0,0.0,1.0,0.0,0.0,0.0,100.0,DISARMED,1,0.0,0.0,0.0,0.0,0.0,0.0,100.0,UNKNOWN,1,0.0,0.0,0.0,0.0,0.0,0.0,100.0,UNKNOWN,1,0.0,0.0,0.0,0.0,0.0,0.0,100.0,UNKNOWN,1,0.0,0.0,0.0,0.0,0.0,0.0,100.0,UNKNOWN,1,9.685040473937988,IDLE,0.0
1779449554.2760735,0.0,0.0,1.0,0.0,0.0,0.0,100.0,DISARMED,1,0.0,0.0,0.0,0.0,0.0,0.0,100.0,UNKNOWN,1,0.0,0.0,0.0,0.0,0.0,0.0,100.0,UNKNOWN,1,0.0,0.0,0.0,0.0,0.0,0.0,100.0,UNKNOWN,1,0.0,0.0,0.0,0.0,0.0,0.0,100.0,UNKNOWN,1,9.685040473937988,IDLE,0.0
1779449554.3811047,0.0,0.0,1.0,0.0,0.0,0.0,100.0,DISARMED,1,0.0,0.0,0.0,0.0,0.0,0.0,100.0,UNKNOWN,1,0.0,0.0,0.0,0.0,0.0,0.0,100.0,UNKNOWN,1,0.0,0.0,0.0,0.0,0.0,0.0,100.0,UNKNOWN,1,0.0,0.0,0.0,0.0,0.0,0.0,100.0,UNKNOWN,1,9.685040473937988,IDLE,0.0
1779449554.619504,0.0,0.0,1.0,0.0,0.0,0.0,100.0,DISARMED,1,0.0,0.0,0.0,0.0,0.0,0.0,100.0,UNKNOWN,1,0.0,0.0,0.0,0.0,0.0,0.0,100.0,UNKNOWN,1,0.0,0.0,0.0,0.0,0.0,0.0,100.0,UNKNOWN,1,0.0,0.0,0.0,0.0,0.0,0.0,100.0,UNKNOWN,1,9.685040473937988,IDLE,0.0
1779449554.693709,0.0,0.0,1.0,0.0,0.0,0.0,100.0,DISARMED,1,0.0,0.0,0.0,0.0,0.0,0.0,100.0,UNKNOWN,1,0.0,0.0,0.0,0.0,0.0,0.0,100.0,UNKNOWN,1,0.0,0.0,0.0,0.0,0.0,0.0,100.0,UNKNOWN,1,0.0,0.0,0.0,0.0,0.0,0.0,100.0,UNKNOWN,1,9.685040473937988,IDLE,0.0
1779449554.87065,0.0,0.0,1.0,0.0,0.0,0.0,100.0,DISARMED,1,0.0,0.0,0.0,0.0,0.0,0.0,100.0,UNKNOWN,1,0.0,0.0,0.0,0.0,0.0,0.0,100.0,UNKNOWN,1,0.0,0.0,0.0,0.0,0.0,0.0,100.0,UNKNOWN,1,0.0,0.0,0.0,0.0,0.0,0.0,100.0,UNKNOWN,1,9.685040473937988,IDLE,0.0
1779449554.9664924,0.0,0.0,1.0,0.0,0.0,0.0,100.0,DISARMED,1,0.0,0.0,0.0,0.0,0.0,0.0,100.0,UNKNOWN,1,0.0,0.0,0.0,0.0,0.0,0.0,100.0,UNKNOWN,1,0.0,0.0,0.0,0.0,0.0,0.0,100.0,UNKNOWN,1,0.0,0.0,0.0,0.0,0.0,0.0,100.0,UNKNOWN,1,9.685040473937988,IDLE,0.0
1779449555.0944235,0.0,0.0,1.0,0.0,0.0,0.0,100.0,DISARMED,1,0.0,0.0,0.0,0.0,0.0,0.0,100.0,UNKNOWN,1,0.0,0.0,0.0,0.0,0.0,0.0,100.0,UNKNOWN,1,0.0,0.0,0.0,0.0,0.0,0.0,100.0,UNKNOWN,1,0.0,0.0,0.0,0.0,0.0,0.0,100.0,UNKNOWN,1,9.685040473937988,IDLE,0.0
1779449555.2304869,0.0,0.0,1.0,0.0,0.0,0.0,100.0,DISARMED,1,0.0,0.0,0.0,0.0,0.0,0.0,100.0,UNKNOWN,1,0.0,0.0,0.0,0.0,0.0,0.0,100.0,UNKNOWN,1,0.0,0.0,0.0,0.0,0.0,0.0,100.0,UNKNOWN,1,0.0,0.0,0.0,0.0,0.0,0.0,100.0,UNKNOWN,1,9.685040473937988,IDLE,0.0
1779449555.264239,0.0,0.0,1.0,0.0,0.0,0.0,100.0,DISARMED,1,0.0,0.0,0.0,0.0,0.0,0.0,100.0,UNKNOWN,1,0.0,0.0,0.0,0.0,0.0,0.0,100.0,UNKNOWN,1,0.0,0.0,0.0,0.0,0.0,0.0,100.0,UNKNOWN,1,0.0,0.0,0.0,0.0,0.0,0.0,100.0,UNKNOWN,1,9.685040473937988,IDLE,0.0
1779449555.6721294,0.0,0.0,1.0,0.0,0.0,0.0,100.0,DISARMED,1,0.0,0.0,0.0,0.0,0.0,0.0,100.0,UNKNOWN,1,0.0,0.0,0.0,0.0,0.0,0.0,100.0,UNKNOWN,1,0.0,0.0,0.0,0.0,0.0,0.0,100.0,UNKNOWN,1,0.0,0.0,0.0,0.0,0.0,0.0,100.0,UNKNOWN,1,9.685040473937988,IDLE,0.0
1779449555.7810743,0.0,0.0,1.0,0.0,0.0,0.0,100.0,DISARMED,1,0.0,0.0,0.0,0.0,0.0,0.0,100.0,UNKNOWN,1,0.0,0.0,0.0,0.0,0.0,0.0,100.0,UNKNOWN,1,0.0,0.0,0.0,0.0,0.0,0.0,100.0,UNKNOWN,1,0.0,0.0,0.0,0.0,0.0,0.0,100.0,UNKNOWN,1,9.685040473937988,IDLE,0.0
1779449555.949614,0.0,0.0,1.0,0.0,0.0,0.0,100.0,DISARMED,1,0.0,0.0,0.0,0.0,0.0,0.0,100.0,UNKNOWN,1,0.0,0.0,0.0,0.0,0.0,0.0,100.0,UNKNOWN,1,0.0,0.0,0.0,0.0,0.0,0.0,100.0,UNKNOWN,1,0.0,0.0,0.0,0.0,0.0,0.0,100.0,UNKNOWN,1,9.685040473937988,IDLE,0.0
1779449556.05367,0.0,0.0,1.0,0.0,0.0,0.0,100.0,DISARMED,1,0.0,0.0,0.0,0.0,0.0,0.0,100.0,UNKNOWN,1,0.0,0.0,0.0,0.0,0.0,0.0,100.0,UNKNOWN,1,0.0,0.0,0.0,0.0,0.0,0.0,100.0,UNKNOWN,1,0.0,0.0,0.0,0.0,0.0,0.0,100.0,UNKNOWN,1,9.685040473937988,IDLE,0.0
1779449556.1341,0.0,0.0,1.0,0.0,0.0,0.0,100.0,DISARMED,1,0.0,0.0,0.0,0.0,0.0,0.0,100.0,UNKNOWN,1,0.0,0.0,0.0,0.0,0.0,0.0,100.0,UNKNOWN,1,0.0,0.0,0.0,0.0,0.0,0.0,100.0,UNKNOWN,1,0.0,0.0,0.0,0.0,0.0,0.0,100.0,UNKNOWN,1,9.685040473937988,IDLE,0.0
1779449556.213312,0.0,0.0,1.0,0.0,0.0,0.0,100.0,DISARMED,1,0.0,0.0,0.0,0.0,0.0,0.0,100.0,UNKNOWN,1,0.0,0.0,0.0,0.0,0.0,0.0,100.0,UNKNOWN,1,0.0,0.0,0.0,0.0,0.0,0.0,100.0,UNKNOWN,1,0.0,0.0,0.0,0.0,0.0,0.0,100.0,UNKNOWN,1,9.685040473937988,IDLE,0.0
1779449556.2944403,0.0,0.0,1.0,0.0,0.0,0.0,100.0,DISARMED,1,0.0,0.0,0.0,0.0,0.0,0.0,100.0,UNKNOWN,1,0.0,0.0,0.0,0.0,0.0,0.0,100.0,UNKNOWN,1,0.0,0.0,0.0,0.0,0.0,0.0,100.0,UNKNOWN,1,0.0,0.0,0.0,0.0,0.0,0.0,100.0,UNKNOWN,1,9.685040473937988,IDLE,0.0
1779449556.3714204,0.0,0.0,1.0,0.0,0.0,0.0,100.0,DISARMED,1,0.0,0.0,0.0,0.0,0.0,0.0,100.0,UNKNOWN,1,0.0,0.0,0.0,0.0,0.0,0.0,100.0,UNKNOWN,1,0.0,0.0,0.0,0.0,0.0,0.0,100.0,UNKNOWN,1,0.0,0.0,0.0,0.0,0.0,0.0,100.0,UNKNOWN,1,9.685040473937988,IDLE,0.0
1779449556.7773361,0.0,0.0,1.0,0.0,0.0,0.0,100.0,DISARMED,1,0.0,0.0,0.0,0.0,0.0,0.0,100.0,UNKNOWN,1,0.0,0.0,0.0,0.0,0.0,0.0,100.0,UNKNOWN,1,0.0,0.0,0.0,0.0,0.0,0.0,100.0,UNKNOWN,1,0.0,0.0,0.0,0.0,0.0,0.0,100.0,UNKNOWN,1,9.685040473937988,IDLE,0.0
1779449556.9203,0.0,0.0,1.0,0.0,0.0,0.0,100.0,DISARMED,1,0.0,0.0,0.0,0.0,0.0,0.0,100.0,UNKNOWN,1,0.0,0.0,0.0,0.0,0.0,0.0,100.0,UNKNOWN,1,0.0,0.0,0.0,0.0,0.0,0.0,100.0,UNKNOWN,1,0.0,0.0,0.0,0.0,0.0,0.0,100.0,UNKNOWN,1,9.685040473937988,IDLE,0.0
1779449556.9611235,0.0,0.0,1.0,0.0,0.0,0.0,100.0,DISARMED,1,0.0,0.0,0.0,0.0,0.0,0.0,100.0,UNKNOWN,1,0.0,0.0,0.0,0.0,0.0,0.0,100.0,UNKNOWN,1,0.0,0.0,0.0,0.0,0.0,0.0,100.0,UNKNOWN,1,0.0,0.0,0.0,0.0,0.0,0.0,100.0,UNKNOWN,1,9.685040473937988,IDLE,0.0
1779449557.1117568,0.0,0.0,1.0,0.0,0.0,0.0,100.0,DISARMED,1,0.0,0.0,0.0,0.0,0.0,0.0,100.0,UNKNOWN,1,0.0,0.0,0.0,0.0,0.0,0.0,100.0,UNKNOWN,1,0.0,0.0,0.0,0.0,0.0,0.0,100.0,UNKNOWN,1,0.0,0.0,0.0,0.0,0.0,0.0,100.0,UNKNOWN,1,9.685040473937988,IDLE,0.0
1779449557.1665106,0.0,0.0,1.0,0.0,0.0,0.0,100.0,DISARMED,1,0.0,0.0,0.0,0.0,0.0,0.0,100.0,UNKNOWN,1,0.0,0.0,0.0,0.0,0.0,0.0,100.0,UNKNOWN,1,0.0,0.0,0.0,0.0,0.0,0.0,100.0,UNKNOWN,1,0.0,0.0,0.0,0.0,0.0,0.0,100.0,UNKNOWN,1,9.685040473937988,IDLE,0.0
1779449557.3161042,0.0,0.0,1.0,0.0,0.0,0.0,100.0,DISARMED,1,0.0,0.0,0.0,0.0,0.0,0.0,100.0,UNKNOWN,1,0.0,0.0,0.0,0.0,0.0,0.0,100.0,UNKNOWN,1,0.0,0.0,0.0,0.0,0.0,0.0,100.0,UNKNOWN,1,0.0,0.0,0.0,0.0,0.0,0.0,100.0,UNKNOWN,1,9.685040473937988,IDLE,0.0
1779449557.7025657,0.0,0.0,1.0,0.0,0.0,0.0,100.0,DISARMED,1,0.0,0.0,0.0,0.0,0.0,0.0,100.0,UNKNOWN,1,0.0,0.0,0.0,0.0,0.0,0.0,100.0,UNKNOWN,1,0.0,0.0,0.0,0.0,0.0,0.0,100.0,UNKNOWN,1,0.0,0.0,0.0,0.0,0.0,0.0,100.0,UNKNOWN,1,9.685040473937988,IDLE,0.0
1779449557.7843733,0.0,0.0,1.0,0.0,0.0,0.0,100.0,DISARMED,1,0.0,0.0,0.0,0.0,0.0,0.0,100.0,UNKNOWN,1,0.0,0.0,0.0,0.0,0.0,0.0,100.0,UNKNOWN,1,0.0,0.0,0.0,0.0,0.0,0.0,100.0,UNKNOWN,1,0.0,0.0,0.0,0.0,0.0,0.0,100.0,UNKNOWN,1,9.685040473937988,IDLE,0.0
1779449557.8654919,0.0,0.0,1.0,0.0,0.0,0.0,100.0,DISARMED,1,0.0,0.0,0.0,0.0,0.0,0.0,100.0,UNKNOWN,1,0.0,0.0,0.0,0.0,0.0,0.0,100.0,UNKNOWN,1,0.0,0.0,0.0,0.0,0.0,0.0,100.0,UNKNOWN,1,0.0,0.0,0.0,0.0,0.0,0.0,100.0,UNKNOWN,1,9.685040473937988,IDLE,0.0
1779449558.0143435,0.0,0.0,1.0,0.0,0.0,0.0,100.0,DISARMED,1,0.0,0.0,0.0,0.0,0.0,0.0,100.0,UNKNOWN,1,0.0,0.0,0.0,0.0,0.0,0.0,100.0,UNKNOWN,1,0.0,0.0,0.0,0.0,0.0,0.0,100.0,UNKNOWN,1,0.0,0.0,0.0,0.0,0.0,0.0,100.0,UNKNOWN,1,9.685040473937988,IDLE,0.0
1779449558.0894527,0.0,0.0,1.0,0.0,0.0,0.0,100.0,DISARMED,1,0.0,0.0,0.0,0.0,0.0,0.0,100.0,UNKNOWN,1,0.0,0.0,0.0,0.0,0.0,0.0,100.0,UNKNOWN,1,0.0,0.0,0.0,0.0,0.0,0.0,100.0,UNKNOWN,1,0.0,0.0,0.0,0.0,0.0,0.0,100.0,UNKNOWN,1,9.685040473937988,IDLE,0.0
1779449558.263158,0.0,0.0,1.0,0.0,0.0,0.0,100.0,DISARMED,1,0.0,0.0,0.0,0.0,0.0,0.0,100.0,UNKNOWN,1,0.0,0.0,0.0,0.0,0.0,0.0,100.0,UNKNOWN,1,0.0,0.0,0.0,0.0,0.0,0.0,100.0,UNKNOWN,1,0.0,0.0,0.0,0.0,0.0,0.0,100.0,UNKNOWN,1,9.685040473937988,IDLE,0.0
1779449558.3687286,0.0,0.0,1.0,0.0,0.0,0.0,100.0,DISARMED,1,0.0,0.0,0.0,0.0,0.0,0.0,100.0,UNKNOWN,1,0.0,0.0,0.0,0.0,0.0,0.0,100.0,UNKNOWN,1,0.0,0.0,0.0,0.0,0.0,0.0,100.0,UNKNOWN,1,0.0,0.0,0.0,0.0,0.0,0.0,100.0,UNKNOWN,1,9.685040473937988,IDLE,0.0
1779449558.6925294,0.0,0.0,1.0,0.0,0.0,0.0,100.0,DISARMED,1,0.0,0.0,0.0,0.0,0.0,0.0,100.0,UNKNOWN,1,0.0,0.0,0.0,0.0,0.0,0.0,100.0,UNKNOWN,1,0.0,0.0,0.0,0.0,0.0,0.0,100.0,UNKNOWN,1,0.0,0.0,0.0,0.0,0.0,0.0,100.0,UNKNOWN,1,9.685040473937988,IDLE,0.0
1779449558.7875247,0.0,0.0,1.0,0.0,0.0,0.0,100.0,DISARMED,1,0.0,0.0,0.0,0.0,0.0,0.0,100.0,UNKNOWN,1,0.0,0.0,0.0,0.0,0.0,0.0,100.0,UNKNOWN,1,0.0,0.0,0.0,0.0,0.0,0.0,100.0,UNKNOWN,1,0.0,0.0,0.0,0.0,0.0,0.0,100.0,UNKNOWN,1,9.685040473937988,IDLE,0.0
1779449558.91605,0.0,0.0,1.0,0.0,0.0,0.0,100.0,DISARMED,1,0.0,0.0,0.0,0.0,0.0,0.0,100.0,UNKNOWN,1,0.0,0.0,0.0,0.0,0.0,0.0,100.0,UNKNOWN,1,0.0,0.0,0.0,0.0,0.0,0.0,100.0,UNKNOWN,1,0.0,0.0,0.0,0.0,0.0,0.0,100.0,UNKNOWN,1,9.685040473937988,IDLE,0.0
1779449559.0222888,0.0,0.0,1.0,0.0,0.0,0.0,100.0,DISARMED,1,0.0,0.0,0.0,0.0,0.0,0.0,100.0,UNKNOWN,1,0.0,0.0,0.0,0.0,0.0,0.0,100.0,UNKNOWN,1,0.0,0.0,0.0,0.0,0.0,0.0,100.0,UNKNOWN,1,0.0,0.0,0.0,0.0,0.0,0.0,100.0,UNKNOWN,1,9.685040473937988,IDLE,0.0
1779449559.0928261,0.0,0.0,1.0,0.0,0.0,0.0,100.0,DISARMED,1,0.0,0.0,0.0,0.0,0.0,0.0,100.0,UNKNOWN,1,0.0,0.0,0.0,0.0,0.0,0.0,100.0,UNKNOWN,1,0.0,0.0,0.0,0.0,0.0,0.0,100.0,UNKNOWN,1,0.0,0.0,0.0,0.0,0.0,0.0,100.0,UNKNOWN,1,9.685040473937988,IDLE,0.0
1779449559.194054,0.0,0.0,1.0,0.0,0.0,0.0,100.0,DISARMED,1,0.0,0.0,0.0,0.0,0.0,0.0,100.0,UNKNOWN,1,0.0,0.0,0.0,0.0,0.0,0.0,100.0,UNKNOWN,1,0.0,0.0,0.0,0.0,0.0,0.0,100.0,UNKNOWN,1,0.0,0.0,0.0,0.0,0.0,0.0,100.0,UNKNOWN,1,9.685040473937988,IDLE,0.0
1779449559.2673101,0.0,0.0,1.0,0.0,0.0,0.0,100.0,DISARMED,1,0.0,0.0,0.0,0.0,0.0,0.0,100.0,UNKNOWN,1,0.0,0.0,0.0,0.0,0.0,0.0,100.0,UNKNOWN,1,0.0,0.0,0.0,0.0,0.0,0.0,100.0,UNKNOWN,1,0.0,0.0,0.0,0.0,0.0,0.0,100.0,UNKNOWN,1,9.685040473937988,IDLE,0.0
1779449559.3759615,0.0,0.0,1.0,0.0,0.0,0.0,100.0,DISARMED,1,0.0,0.0,0.0,0.0,0.0,0.0,100.0,UNKNOWN,1,0.0,0.0,0.0,0.0,0.0,0.0,100.0,UNKNOWN,1,0.0,0.0,0.0,0.0,0.0,0.0,100.0,UNKNOWN,1,0.0,0.0,0.0,0.0,0.0,0.0,100.0,UNKNOWN,1,9.685040473937988,IDLE,0.0
1779449559.656492,0.0,0.0,1.0,0.0,0.0,0.0,100.0,DISARMED,1,0.0,0.0,0.0,0.0,0.0,0.0,100.0,UNKNOWN,1,0.0,0.0,0.0,0.0,0.0,0.0,100.0,UNKNOWN,1,0.0,0.0,0.0,0.0,0.0,0.0,100.0,UNKNOWN,1,0.0,0.0,0.0,0.0,0.0,0.0,100.0,UNKNOWN,1,9.685040473937988,IDLE,0.0
1779449559.7394733,0.0,0.0,1.0,0.0,0.0,0.0,100.0,DISARMED,1,0.0,0.0,0.0,0.0,0.0,0.0,100.0,UNKNOWN,1,0.0,0.0,0.0,0.0,0.0,0.0,100.0,UNKNOWN,1,0.0,0.0,0.0,0.0,0.0,0.0,100.0,UNKNOWN,1,0.0,0.0,0.0,0.0,0.0,0.0,100.0,UNKNOWN,1,9.685040473937988,IDLE,0.0
1779449559.828995,0.0,0.0,1.0,0.0,0.0,0.0,100.0,DISARMED,1,0.0,0.0,0.0,0.0,0.0,0.0,100.0,UNKNOWN,1,0.0,0.0,0.0,0.0,0.0,0.0,100.0,UNKNOWN,1,0.0,0.0,0.0,0.0,0.0,0.0,100.0,UNKNOWN,1,0.0,0.0,0.0,0.0,0.0,0.0,100.0,UNKNOWN,1,9.685040473937988,IDLE,0.0
1779449559.9445674,0.0,0.0,1.0,0.0,0.0,0.0,100.0,DISARMED,1,0.0,0.0,0.0,0.0,0.0,0.0,100.0,UNKNOWN,1,0.0,0.0,0.0,0.0,0.0,0.0,100.0,UNKNOWN,1,0.0,0.0,0.0,0.0,0.0,0.0,100.0,UNKNOWN,1,0.0,0.0,0.0,0.0,0.0,0.0,100.0,UNKNOWN,1,9.685040473937988,IDLE,0.0
1779449560.0109806,0.0,0.0,1.0,0.0,0.0,0.0,100.0,DISARMED,1,0.0,0.0,0.0,0.0,0.0,0.0,100.0,UNKNOWN,1,0.0,0.0,0.0,0.0,0.0,0.0,100.0,UNKNOWN,1,0.0,0.0,0.0,0.0,0.0,0.0,100.0,UNKNOWN,1,0.0,0.0,0.0,0.0,0.0,0.0,100.0,UNKNOWN,1,9.685040473937988,IDLE,0.0
1779449560.1072981,0.0,0.0,1.0,0.0,0.0,0.0,100.0,DISARMED,1,0.0,0.0,0.0,0.0,0.0,0.0,100.0,UNKNOWN,1,0.0,0.0,0.0,0.0,0.0,0.0,100.0,UNKNOWN,1,0.0,0.0,0.0,0.0,0.0,0.0,100.0,UNKNOWN,1,0.0,0.0,0.0,0.0,0.0,0.0,100.0,UNKNOWN,1,9.685040473937988,IDLE,0.0
1779449560.2101238,0.0,0.0,1.0,0.0,0.0,0.0,100.0,DISARMED,1,0.0,0.0,0.0,0.0,0.0,0.0,100.0,UNKNOWN,1,0.0,0.0,0.0,0.0,0.0,0.0,100.0,UNKNOWN,1,0.0,0.0,0.0,0.0,0.0,0.0,100.0,UNKNOWN,1,0.0,0.0,0.0,0.0,0.0,0.0,100.0,UNKNOWN,1,9.685040473937988,IDLE,0.0
1779449560.340835,0.0,0.0,1.0,0.0,0.0,0.0,100.0,DISARMED,1,0.0,0.0,0.0,0.0,0.0,0.0,100.0,UNKNOWN,1,0.0,0.0,0.0,0.0,0.0,0.0,100.0,UNKNOWN,1,0.0,0.0,0.0,0.0,0.0,0.0,100.0,UNKNOWN,1,0.0,0.0,0.0,0.0,0.0,0.0,100.0,UNKNOWN,1,9.685040473937988,IDLE,0.0
1779449560.376245,0.0,0.0,1.0,0.0,0.0,0.0,100.0,DISARMED,1,0.0,0.0,0.0,0.0,0.0,0.0,100.0,UNKNOWN,1,0.0,0.0,0.0,0.0,0.0,0.0,100.0,UNKNOWN,1,0.0,0.0,0.0,0.0,0.0,0.0,100.0,UNKNOWN,1,0.0,0.0,0.0,0.0,0.0,0.0,100.0,UNKNOWN,1,9.685040473937988,IDLE,0.0
1779449560.571534,0.0,0.0,1.0,0.0,0.0,0.0,100.0,DISARMED,1,0.0,0.0,0.0,0.0,0.0,0.0,100.0,UNKNOWN,1,0.0,0.0,0.0,0.0,0.0,0.0,100.0,UNKNOWN,1,0.0,0.0,0.0,0.0,0.0,0.0,100.0,UNKNOWN,1,0.0,0.0,0.0,0.0,0.0,0.0,100.0,UNKNOWN,1,9.685040473937988,IDLE,0.0
1779449560.6602232,0.0,0.0,1.0,0.0,0.0,0.0,100.0,DISARMED,1,0.0,0.0,0.0,0.0,0.0,0.0,100.0,UNKNOWN,1,0.0,0.0,0.0,0.0,0.0,0.0,100.0,UNKNOWN,1,0.0,0.0,0.0,0.0,0.0,0.0,100.0,UNKNOWN,1,0.0,0.0,0.0,0.0,0.0,0.0,100.0,UNKNOWN,1,9.685040473937988,IDLE,0.0
1779449560.7875993,0.0,0.0,1.0,0.0,0.0,0.0,100.0,DISARMED,1,0.0,0.0,0.0,0.0,0.0,0.0,100.0,UNKNOWN,1,0.0,0.0,0.0,0.0,0.0,0.0,100.0,UNKNOWN,1,0.0,0.0,0.0,0.0,0.0,0.0,100.0,UNKNOWN,1,0.0,0.0,0.0,0.0,0.0,0.0,100.0,UNKNOWN,1,9.685040473937988,IDLE,0.0
1779449560.9362266,0.0,0.0,1.0,0.0,0.0,0.0,100.0,DISARMED,1,0.0,0.0,0.0,0.0,0.0,0.0,100.0,UNKNOWN,1,0.0,0.0,0.0,0.0,0.0,0.0,100.0,UNKNOWN,1,0.0,0.0,0.0,0.0,0.0,0.0,100.0,UNKNOWN,1,0.0,0.0,0.0,0.0,0.0,0.0,100.0,UNKNOWN,1,9.685040473937988,IDLE,0.0
1779449561.0614774,0.0,0.0,1.0,0.0,0.0,0.0,100.0,DISARMED,1,0.0,0.0,0.0,0.0,0.0,0.0,100.0,UNKNOWN,1,0.0,0.0,0.0,0.0,0.0,0.0,100.0,UNKNOWN,1,0.0,0.0,0.0,0.0,0.0,0.0,100.0,UNKNOWN,1,0.0,0.0,0.0,0.0,0.0,0.0,100.0,UNKNOWN,1,9.685040473937988,IDLE,0.0
1779449561.1875982,0.0,0.0,1.0,0.0,0.0,0.0,100.0,DISARMED,1,0.0,0.0,0.0,0.0,0.0,0.0,100.0,UNKNOWN,1,0.0,0.0,0.0,0.0,0.0,0.0,100.0,UNKNOWN,1,0.0,0.0,0.0,0.0,0.0,0.0,100.0,UNKNOWN,1,0.0,0.0,0.0,0.0,0.0,0.0,100.0,UNKNOWN,1,9.685040473937988,IDLE,0.0
1779449561.3429472,0.0,0.0,1.0,0.0,0.0,0.0,100.0,DISARMED,1,0.0,0.0,0.0,0.0,0.0,0.0,100.0,UNKNOWN,1,0.0,0.0,0.0,0.0,0.0,0.0,100.0,UNKNOWN,1,0.0,0.0,0.0,0.0,0.0,0.0,100.0,UNKNOWN,1,0.0,0.0,0.0,0.0,0.0,0.0,100.0,UNKNOWN,1,9.685040473937988,IDLE,0.0
1779449561.688306,0.0,0.0,1.0,0.0,0.0,0.0,100.0,DISARMED,1,0.0,0.0,0.0,0.0,0.0,0.0,100.0,UNKNOWN,1,0.0,0.0,0.0,0.0,0.0,0.0,100.0,UNKNOWN,1,0.0,0.0,0.0,0.0,0.0,0.0,100.0,UNKNOWN,1,0.0,0.0,0.0,0.0,0.0,0.0,100.0,UNKNOWN,1,9.685040473937988,IDLE,0.0
1779449561.7650332,0.0,0.0,1.0,0.0,0.0,0.0,100.0,DISARMED,1,0.0,0.0,0.0,0.0,0.0,0.0,100.0,UNKNOWN,1,0.0,0.0,0.0,0.0,0.0,0.0,100.0,UNKNOWN,1,0.0,0.0,0.0,0.0,0.0,0.0,100.0,UNKNOWN,1,0.0,0.0,0.0,0.0,0.0,0.0,100.0,UNKNOWN,1,9.685040473937988,IDLE,0.0
1779449561.8895545,0.0,0.0,1.0,0.0,0.0,0.0,100.0,DISARMED,1,0.0,0.0,0.0,0.0,0.0,0.0,100.0,UNKNOWN,1,0.0,0.0,0.0,0.0,0.0,0.0,100.0,UNKNOWN,1,0.0,0.0,0.0,0.0,0.0,0.0,100.0,UNKNOWN,1,0.0,0.0,0.0,0.0,0.0,0.0,100.0,UNKNOWN,1,9.685040473937988,IDLE,0.0
1779449561.9865694,0.0,0.0,1.0,0.0,0.0,0.0,100.0,DISARMED,1,0.0,0.0,0.0,0.0,0.0,0.0,100.0,UNKNOWN,1,0.0,0.0,0.0,0.0,0.0,0.0,100.0,UNKNOWN,1,0.0,0.0,0.0,0.0,0.0,0.0,100.0,UNKNOWN,1,0.0,0.0,0.0,0.0,0.0,0.0,100.0,UNKNOWN,1,9.685040473937988,IDLE,0.0
1779449562.0755372,0.0,0.0,1.0,0.0,0.0,0.0,100.0,DISARMED,1,0.0,0.0,0.0,0.0,0.0,0.0,100.0,UNKNOWN,1,0.0,0.0,0.0,0.0,0.0,0.0,100.0,UNKNOWN,1,0.0,0.0,0.0,0.0,0.0,0.0,100.0,UNKNOWN,1,0.0,0.0,0.0,0.0,0.0,0.0,100.0,UNKNOWN,1,9.685040473937988,IDLE,0.0
1779449562.2311172,0.0,0.0,1.0,0.0,0.0,0.0,100.0,DISARMED,1,0.0,0.0,0.0,0.0,0.0,0.0,100.0,UNKNOWN,1,0.0,0.0,0.0,0.0,0.0,0.0,100.0,UNKNOWN,1,0.0,0.0,0.0,0.0,0.0,0.0,100.0,UNKNOWN,1,0.0,0.0,0.0,0.0,0.0,0.0,100.0,UNKNOWN,1,9.685040473937988,IDLE,0.0
1779449562.3005753,0.0,0.0,1.0,0.0,0.0,0.0,100.0,DISARMED,1,0.0,0.0,0.0,0.0,0.0,0.0,100.0,UNKNOWN,1,0.0,0.0,0.0,0.0,0.0,0.0,100.0,UNKNOWN,1,0.0,0.0,0.0,0.0,0.0,0.0,100.0,UNKNOWN,1,0.0,0.0,0.0,0.0,0.0,0.0,100.0,UNKNOWN,1,9.685040473937988,IDLE,0.0
1779449562.4135199,0.0,0.0,1.0,0.0,0.0,0.0,100.0,DISARMED,1,0.0,0.0,0.0,0.0,0.0,0.0,100.0,UNKNOWN,1,0.0,0.0,0.0,0.0,0.0,0.0,100.0,UNKNOWN,1,0.0,0.0,0.0,0.0,0.0,0.0,100.0,UNKNOWN,1,0.0,0.0,0.0,0.0,0.0,0.0,100.0,UNKNOWN,1,9.685040473937988,IDLE,0.0
1779449562.6686113,0.0,0.0,1.0,0.0,0.0,0.0,100.0,DISARMED,1,0.0,0.0,0.0,0.0,0.0,0.0,100.0,UNKNOWN,1,0.0,0.0,0.0,0.0,0.0,0.0,100.0,UNKNOWN,1,0.0,0.0,0.0,0.0,0.0,0.0,100.0,UNKNOWN,1,0.0,0.0,0.0,0.0,0.0,0.0,100.0,UNKNOWN,1,9.685040473937988,IDLE,0.0
1779449562.761445,0.0,0.0,1.0,0.0,0.0,0.0,100.0,DISARMED,1,0.0,0.0,0.0,0.0,0.0,0.0,100.0,UNKNOWN,1,0.0,0.0,0.0,0.0,0.0,0.0,100.0,UNKNOWN,1,0.0,0.0,0.0,0.0,0.0,0.0,100.0,UNKNOWN,1,0.0,0.0,0.0,0.0,0.0,0.0,100.0,UNKNOWN,1,9.685040473937988,IDLE,0.0
1779449562.8616328,0.0,0.0,1.0,0.0,0.0,0.0,100.0,DISARMED,1,0.0,0.0,0.0,0.0,0.0,0.0,100.0,UNKNOWN,1,0.0,0.0,0.0,0.0,0.0,0.0,100.0,UNKNOWN,1,0.0,0.0,0.0,0.0,0.0,0.0,100.0,UNKNOWN,1,0.0,0.0,0.0,0.0,0.0,0.0,100.0,UNKNOWN,1,9.685040473937988,IDLE,0.0
1779449563.0696204,0.0,0.0,1.0,0.0,0.0,0.0,100.0,DISARMED,1,0.0,0.0,0.0,0.0,0.0,0.0,100.0,UNKNOWN,1,0.0,0.0,0.0,0.0,0.0,0.0,100.0,UNKNOWN,1,0.0,0.0,0.0,0.0,0.0,0.0,100.0,UNKNOWN,1,0.0,0.0,0.0,0.0,0.0,0.0,100.0,UNKNOWN,1,9.685040473937988,IDLE,0.0
1779449563.2464888,0.0,0.0,1.0,0.0,0.0,0.0,100.0,DISARMED,1,0.0,0.0,0.0,0.0,0.0,0.0,100.0,UNKNOWN,1,0.0,0.0,0.0,0.0,0.0,0.0,100.0,UNKNOWN,1,0.0,0.0,0.0,0.0,0.0,0.0,100.0,UNKNOWN,1,0.0,0.0,0.0,0.0,0.0,0.0,100.0,UNKNOWN,1,9.685040473937988,IDLE,0.0
1779449563.2819324,0.0,0.0,1.0,0.0,0.0,0.0,100.0,DISARMED,1,0.0,0.0,0.0,0.0,0.0,0.0,100.0,UNKNOWN,1,0.0,0.0,0.0,0.0,0.0,0.0,100.0,UNKNOWN,1,0.0,0.0,0.0,0.0,0.0,0.0,100.0,UNKNOWN,1,0.0,0.0,0.0,0.0,0.0,0.0,100.0,UNKNOWN,1,9.685040473937988,IDLE,0.0
1779449563.4019969,0.0,0.0,1.0,0.0,0.0,0.0,100.0,DISARMED,1,0.0,0.0,0.0,0.0,0.0,0.0,100.0,UNKNOWN,1,0.0,0.0,0.0,0.0,0.0,0.0,100.0,UNKNOWN,1,0.0,0.0,0.0,0.0,0.0,0.0,100.0,UNKNOWN,1,0.0,0.0,0.0,0.0,0.0,0.0,100.0,UNKNOWN,1,9.685040473937988,IDLE,0.0
1779449563.8764853,0.0,0.0,1.0,0.0,0.0,0.0,100.0,DISARMED,1,0.0,0.0,0.0,0.0,0.0,0.0,100.0,UNKNOWN,1,0.0,0.0,0.0,0.0,0.0,0.0,100.0,UNKNOWN,1,0.0,0.0,0.0,0.0,0.0,0.0,100.0,UNKNOWN,1,0.0,0.0,0.0,0.0,0.0,0.0,100.0,UNKNOWN,1,9.685040473937988,IDLE,0.0
1779449564.025948,0.0,0.0,1.0,0.0,0.0,0.0,100.0,DISARMED,1,0.0,0.0,0.0,0.0,0.0,0.0,100.0,UNKNOWN,1,0.0,0.0,0.0,0.0,0.0,0.0,100.0,UNKNOWN,1,0.0,0.0,0.0,0.0,0.0,0.0,100.0,UNKNOWN,1,0.0,0.0,0.0,0.0,0.0,0.0,100.0,UNKNOWN,1,9.685040473937988,IDLE,0.0
1779449564.0882432,0.0,0.0,1.0,0.0,0.0,0.0,100.0,DISARMED,1,0.0,0.0,0.0,0.0,0.0,0.0,100.0,UNKNOWN,1,0.0,0.0,0.0,0.0,0.0,0.0,100.0,UNKNOWN,1,0.0,0.0,0.0,0.0,0.0,0.0,100.0,UNKNOWN,1,0.0,0.0,0.0,0.0,0.0,0.0,100.0,UNKNOWN,1,9.685040473937988,IDLE,0.0
1779449564.2581146,0.0,0.0,1.0,0.0,0.0,0.0,100.0,DISARMED,1,0.0,0.0,0.0,0.0,0.0,0.0,100.0,UNKNOWN,1,0.0,0.0,0.0,0.0,0.0,0.0,100.0,UNKNOWN,1,0.0,0.0,0.0,0.0,0.0,0.0,100.0,UNKNOWN,1,0.0,0.0,0.0,0.0,0.0,0.0,100.0,UNKNOWN,1,9.685040473937988,IDLE,0.0
1779449564.2654538,0.0,0.0,1.0,0.0,0.0,0.0,100.0,DISARMED,1,0.0,0.0,0.0,0.0,0.0,0.0,100.0,UNKNOWN,1,0.0,0.0,0.0,0.0,0.0,0.0,100.0,UNKNOWN,1,0.0,0.0,0.0,0.0,0.0,0.0,100.0,UNKNOWN,1,0.0,0.0,0.0,0.0,0.0,0.0,100.0,UNKNOWN,1,9.685040473937988,IDLE,0.0
1779449564.4288805,0.0,0.0,1.0,0.0,0.0,0.0,100.0,DISARMED,1,0.0,0.0,0.0,0.0,0.0,0.0,100.0,UNKNOWN,1,0.0,0.0,0.0,0.0,0.0,0.0,100.0,UNKNOWN,1,0.0,0.0,0.0,0.0,0.0,0.0,100.0,UNKNOWN,1,0.0,0.0,0.0,0.0,0.0,0.0,100.0,UNKNOWN,1,9.685040473937988,IDLE,0.0
1779449564.6246612,0.0,0.0,1.0,0.0,0.0,0.0,100.0,DISARMED,1,0.0,0.0,0.0,0.0,0.0,0.0,100.0,UNKNOWN,1,0.0,0.0,0.0,0.0,0.0,0.0,100.0,UNKNOWN,1,0.0,0.0,0.0,0.0,0.0,0.0,100.0,UNKNOWN,1,0.0,0.0,0.0,0.0,0.0,0.0,100.0,UNKNOWN,1,9.685040473937988,IDLE,0.0
1779449564.660513,0.0,0.0,1.0,0.0,0.0,0.0,100.0,DISARMED,1,0.0,0.0,0.0,0.0,0.0,0.0,100.0,UNKNOWN,1,0.0,0.0,0.0,0.0,0.0,0.0,100.0,UNKNOWN,1,0.0,0.0,0.0,0.0,0.0,0.0,100.0,UNKNOWN,1,0.0,0.0,0.0,0.0,0.0,0.0,100.0,UNKNOWN,1,9.685040473937988,IDLE,0.0
1779449564.7857974,0.0,0.0,1.0,0.0,0.0,0.0,100.0,DISARMED,1,0.0,0.0,0.0,0.0,0.0,0.0,100.0,UNKNOWN,1,0.0,0.0,0.0,0.0,0.0,0.0,100.0,UNKNOWN,1,0.0,0.0,0.0,0.0,0.0,0.0,100.0,UNKNOWN,1,0.0,0.0,0.0,0.0,0.0,0.0,100.0,UNKNOWN,1,9.685040473937988,IDLE,0.0
1779449564.888956,0.0,0.0,1.0,0.0,0.0,0.0,100.0,DISARMED,1,0.0,0.0,0.0,0.0,0.0,0.0,100.0,UNKNOWN,1,0.0,0.0,0.0,0.0,0.0,0.0,100.0,UNKNOWN,1,0.0,0.0,0.0,0.0,0.0,0.0,100.0,UNKNOWN,1,0.0,0.0,0.0,0.0,0.0,0.0,100.0,UNKNOWN,1,9.685040473937988,IDLE,0.0
1779449564.9774532,0.0,0.0,1.0,0.0,0.0,0.0,100.0,DISARMED,1,0.0,0.0,0.0,0.0,0.0,0.0,100.0,UNKNOWN,1,0.0,0.0,0.0,0.0,0.0,0.0,100.0,UNKNOWN,1,0.0,0.0,0.0,0.0,0.0,0.0,100.0,UNKNOWN,1,0.0,0.0,0.0,0.0,0.0,0.0,100.0,UNKNOWN,1,9.685040473937988,IDLE,0.0
1779449565.1431174,0.0,0.0,1.0,0.0,0.0,0.0,100.0,DISARMED,1,0.0,0.0,0.0,0.0,0.0,0.0,100.0,UNKNOWN,1,0.0,0.0,0.0,0.0,0.0,0.0,100.0,UNKNOWN,1,0.0,0.0,0.0,0.0,0.0,0.0,100.0,UNKNOWN,1,0.0,0.0,0.0,0.0,0.0,0.0,100.0,UNKNOWN,1,9.685040473937988,IDLE,0.0
1779449565.1964285,0.0,0.0,1.0,0.0,0.0,0.0,100.0,DISARMED,1,0.0,0.0,0.0,0.0,0.0,0.0,100.0,UNKNOWN,1,0.0,0.0,0.0,0.0,0.0,0.0,100.0,UNKNOWN,1,0.0,0.0,0.0,0.0,0.0,0.0,100.0,UNKNOWN,1,0.0,0.0,0.0,0.0,0.0,0.0,100.0,UNKNOWN,1,9.685040473937988,IDLE,0.0
1779449565.857224,0.0,0.0,1.0,0.0,0.0,0.0,100.0,DISARMED,1,0.0,0.0,0.0,0.0,0.0,0.0,100.0,UNKNOWN,1,0.0,0.0,0.0,0.0,0.0,0.0,100.0,UNKNOWN,1,0.0,0.0,0.0,0.0,0.0,0.0,100.0,UNKNOWN,1,0.0,0.0,0.0,0.0,0.0,0.0,100.0,UNKNOWN,1,9.685040473937988,IDLE,0.0
1779449566.1436749,0.0,0.0,1.0,0.0,0.0,0.0,100.0,DISARMED,1,0.0,0.0,0.0,0.0,0.0,0.0,100.0,UNKNOWN,1,0.0,0.0,0.0,0.0,0.0,0.0,100.0,UNKNOWN,1,0.0,0.0,0.0,0.0,0.0,0.0,100.0,UNKNOWN,1,0.0,0.0,0.0,0.0,0.0,0.0,100.0,UNKNOWN,1,9.685040473937988,IDLE,0.0
1779449566.247716,0.0,0.0,1.0,0.0,0.0,0.0,100.0,DISARMED,1,0.0,0.0,0.0,0.0,0.0,0.0,100.0,UNKNOWN,1,0.0,0.0,0.0,0.0,0.0,0.0,100.0,UNKNOWN,1,0.0,0.0,0.0,0.0,0.0,0.0,100.0,UNKNOWN,1,0.0,0.0,0.0,0.0,0.0,0.0,100.0,UNKNOWN,1,9.685040473937988,IDLE,0.0
1779449566.2774827,0.0,0.0,1.0,0.0,0.0,0.0,100.0,DISARMED,1,0.0,0.0,0.0,0.0,0.0,0.0,100.0,UNKNOWN,1,0.0,0.0,0.0,0.0,0.0,0.0,100.0,UNKNOWN,1,0.0,0.0,0.0,0.0,0.0,0.0,100.0,UNKNOWN,1,0.0,0.0,0.0,0.0,0.0,0.0,100.0,UNKNOWN,1,9.685040473937988,IDLE,0.0
1779449566.4123795,0.0,0.0,1.0,0.0,0.0,0.0,100.0,DISARMED,1,0.0,0.0,0.0,0.0,0.0,0.0,100.0,UNKNOWN,1,0.0,0.0,0.0,0.0,0.0,0.0,100.0,UNKNOWN,1,0.0,0.0,0.0,0.0,0.0,0.0,100.0,UNKNOWN,1,0.0,0.0,0.0,0.0,0.0,0.0,100.0,UNKNOWN,1,9.685040473937988,IDLE,0.0
1779449566.8501804,0.0,0.0,1.0,0.0,0.0,0.0,100.0,DISARMED,1,0.0,0.0,0.0,0.0,0.0,0.0,100.0,UNKNOWN,1,0.0,0.0,0.0,0.0,0.0,0.0,100.0,UNKNOWN,1,0.0,0.0,0.0,0.0,0.0,0.0,100.0,UNKNOWN,1,0.0,0.0,0.0,0.0,0.0,0.0,100.0,UNKNOWN,1,9.685040473937988,IDLE,0.0
1779449566.8898396,0.0,0.0,1.0,0.0,0.0,0.0,100.0,DISARMED,1,0.0,0.0,0.0,0.0,0.0,0.0,100.0,UNKNOWN,1,0.0,0.0,0.0,0.0,0.0,0.0,100.0,UNKNOWN,1,0.0,0.0,0.0,0.0,0.0,0.0,100.0,UNKNOWN,1,0.0,0.0,0.0,0.0,0.0,0.0,100.0,UNKNOWN,1,9.685040473937988,IDLE,0.0
1779449567.1033964,0.0,0.0,1.0,0.0,0.0,0.0,100.0,DISARMED,1,0.0,0.0,0.0,0.0,0.0,0.0,100.0,UNKNOWN,1,0.0,0.0,0.0,0.0,0.0,0.0,100.0,UNKNOWN,1,0.0,0.0,0.0,0.0,0.0,0.0,100.0,UNKNOWN,1,0.0,0.0,0.0,0.0,0.0,0.0,100.0,UNKNOWN,1,9.685040473937988,IDLE,0.0
1779449567.2257006,0.0,0.0,1.0,0.0,0.0,0.0,100.0,DISARMED,1,0.0,0.0,0.0,0.0,0.0,0.0,100.0,UNKNOWN,1,0.0,0.0,0.0,0.0,0.0,0.0,100.0,UNKNOWN,1,0.0,0.0,0.0,0.0,0.0,0.0,100.0,UNKNOWN,1,0.0,0.0,0.0,0.0,0.0,0.0,100.0,UNKNOWN,1,9.685040473937988,IDLE,0.0
1779449567.2799695,0.0,0.0,1.0,0.0,0.0,0.0,100.0,DISARMED,1,0.0,0.0,0.0,0.0,0.0,0.0,100.0,UNKNOWN,1,0.0,0.0,0.0,0.0,0.0,0.0,100.0,UNKNOWN,1,0.0,0.0,0.0,0.0,0.0,0.0,100.0,UNKNOWN,1,0.0,0.0,0.0,0.0,0.0,0.0,100.0,UNKNOWN,1,9.685040473937988,IDLE,0.0
1779449567.373391,0.0,0.0,1.0,0.0,0.0,0.0,100.0,DISARMED,1,0.0,0.0,0.0,0.0,0.0,0.0,100.0,UNKNOWN,1,0.0,0.0,0.0,0.0,0.0,0.0,100.0,UNKNOWN,1,0.0,0.0,0.0,0.0,0.0,0.0,100.0,UNKNOWN,1,0.0,0.0,0.0,0.0,0.0,0.0,100.0,UNKNOWN,1,9.685040473937988,IDLE,0.0
1779449567.687688,0.0,0.0,1.0,0.0,0.0,0.0,100.0,DISARMED,1,0.0,0.0,0.0,0.0,0.0,0.0,100.0,UNKNOWN,1,0.0,0.0,0.0,0.0,0.0,0.0,100.0,UNKNOWN,1,0.0,0.0,0.0,0.0,0.0,0.0,100.0,UNKNOWN,1,0.0,0.0,0.0,0.0,0.0,0.0,100.0,UNKNOWN,1,9.685040473937988,IDLE,0.0
1779449567.7939775,0.0,0.0,1.0,0.0,0.0,0.0,100.0,DISARMED,1,0.0,0.0,0.0,0.0,0.0,0.0,100.0,UNKNOWN,1,0.0,0.0,0.0,0.0,0.0,0.0,100.0,UNKNOWN,1,0.0,0.0,0.0,0.0,0.0,0.0,100.0,UNKNOWN,1,0.0,0.0,0.0,0.0,0.0,0.0,100.0,UNKNOWN,1,9.685040473937988,IDLE,0.0
1779449567.9216237,0.0,0.0,1.0,0.0,0.0,0.0,100.0,DISARMED,1,0.0,0.0,0.0,0.0,0.0,0.0,100.0,UNKNOWN,1,0.0,0.0,0.0,0.0,0.0,0.0,100.0,UNKNOWN,1,0.0,0.0,0.0,0.0,0.0,0.0,100.0,UNKNOWN,1,0.0,0.0,0.0,0.0,0.0,0.0,100.0,UNKNOWN,1,9.685040473937988,IDLE,0.0
1779449567.984445,0.0,0.0,1.0,0.0,0.0,0.0,100.0,DISARMED,1,0.0,0.0,0.0,0.0,0.0,0.0,100.0,UNKNOWN,1,0.0,0.0,0.0,0.0,0.0,0.0,100.0,UNKNOWN,1,0.0,0.0,0.0,0.0,0.0,0.0,100.0,UNKNOWN,1,0.0,0.0,0.0,0.0,0.0,0.0,100.0,UNKNOWN,1,9.685040473937988,IDLE,0.0
1779449568.0958438,0.0,0.0,1.0,0.0,0.0,0.0,100.0,DISARMED,1,0.0,0.0,0.0,0.0,0.0,0.0,100.0,UNKNOWN,1,0.0,0.0,0.0,0.0,0.0,0.0,100.0,UNKNOWN,1,0.0,0.0,0.0,0.0,0.0,0.0,100.0,UNKNOWN,1,0.0,0.0,0.0,0.0,0.0,0.0,100.0,UNKNOWN,1,9.685040473937988,IDLE,0.0
1779449568.2175539,0.0,0.0,1.0,0.0,0.0,0.0,100.0,DISARMED,1,0.0,0.0,0.0,0.0,0.0,0.0,100.0,UNKNOWN,1,0.0,0.0,0.0,0.0,0.0,0.0,100.0,UNKNOWN,1,0.0,0.0,0.0,0.0,0.0,0.0,100.0,UNKNOWN,1,0.0,0.0,0.0,0.0,0.0,0.0,100.0,UNKNOWN,1,9.685040473937988,IDLE,0.0
1779449568.3247712,0.0,0.0,1.0,0.0,0.0,0.0,100.0,DISARMED,1,0.0,0.0,0.0,0.0,0.0,0.0,100.0,UNKNOWN,1,0.0,0.0,0.0,0.0,0.0,0.0,100.0,UNKNOWN,1,0.0,0.0,0.0,0.0,0.0,0.0,100.0,UNKNOWN,1,0.0,0.0,0.0,0.0,0.0,0.0,100.0,UNKNOWN,1,9.685040473937988,IDLE,0.0
1779449568.3622077,0.0,0.0,1.0,0.0,0.0,0.0,100.0,DISARMED,1,0.0,0.0,0.0,0.0,0.0,0.0,100.0,UNKNOWN,1,0.0,0.0,0.0,0.0,0.0,0.0,100.0,UNKNOWN,1,0.0,0.0,0.0,0.0,0.0,0.0,100.0,UNKNOWN,1,0.0,0.0,0.0,0.0,0.0,0.0,100.0,UNKNOWN,1,9.685040473937988,IDLE,0.0
1779449568.707036,0.0,0.0,1.0,0.0,0.0,0.0,100.0,DISARMED,1,0.0,0.0,0.0,0.0,0.0,0.0,100.0,UNKNOWN,1,0.0,0.0,0.0,0.0,0.0,0.0,100.0,UNKNOWN,1,0.0,0.0,0.0,0.0,0.0,0.0,100.0,UNKNOWN,1,0.0,0.0,0.0,0.0,0.0,0.0,100.0,UNKNOWN,1,9.685040473937988,IDLE,0.0
1779449568.79426,0.0,0.0,1.0,0.0,0.0,0.0,100.0,DISARMED,1,0.0,0.0,0.0,0.0,0.0,0.0,100.0,UNKNOWN,1,0.0,0.0,0.0,0.0,0.0,0.0,100.0,UNKNOWN,1,0.0,0.0,0.0,0.0,0.0,0.0,100.0,UNKNOWN,1,0.0,0.0,0.0,0.0,0.0,0.0,100.0,UNKNOWN,1,9.685040473937988,IDLE,0.0
1779449568.886172,0.0,0.0,1.0,0.0,0.0,0.0,100.0,DISARMED,1,0.0,0.0,0.0,0.0,0.0,0.0,100.0,UNKNOWN,1,0.0,0.0,0.0,0.0,0.0,0.0,100.0,UNKNOWN,1,0.0,0.0,0.0,0.0,0.0,0.0,100.0,UNKNOWN,1,0.0,0.0,0.0,0.0,0.0,0.0,100.0,UNKNOWN,1,9.685040473937988,IDLE,0.0
1779449569.0210197,0.0,0.0,1.0,0.0,0.0,0.0,100.0,DISARMED,1,0.0,0.0,0.0,0.0,0.0,0.0,100.0,UNKNOWN,1,0.0,0.0,0.0,0.0,0.0,0.0,100.0,UNKNOWN,1,0.0,0.0,0.0,0.0,0.0,0.0,100.0,UNKNOWN,1,0.0,0.0,0.0,0.0,0.0,0.0,100.0,UNKNOWN,1,9.685040473937988,IDLE,0.0
1779449569.1032326,0.0,0.0,1.0,0.0,0.0,0.0,100.0,DISARMED,1,0.0,0.0,0.0,0.0,0.0,0.0,100.0,UNKNOWN,1,0.0,0.0,0.0,0.0,0.0,0.0,100.0,UNKNOWN,1,0.0,0.0,0.0,0.0,0.0,0.0,100.0,UNKNOWN,1,0.0,0.0,0.0,0.0,0.0,0.0,100.0,UNKNOWN,1,9.685040473937988,IDLE,0.0
1779449569.232282,0.0,0.0,1.0,0.0,0.0,0.0,100.0,DISARMED,1,0.0,0.0,0.0,0.0,0.0,0.0,100.0,UNKNOWN,1,0.0,0.0,0.0,0.0,0.0,0.0,100.0,UNKNOWN,1,0.0,0.0,0.0,0.0,0.0,0.0,100.0,UNKNOWN,1,0.0,0.0,0.0,0.0,0.0,0.0,100.0,UNKNOWN,1,9.685040473937988,IDLE,0.0
1779449569.3463304,0.0,0.0,1.0,0.0,0.0,0.0,100.0,DISARMED,1,0.0,0.0,0.0,0.0,0.0,0.0,100.0,UNKNOWN,1,0.0,0.0,0.0,0.0,0.0,0.0,100.0,UNKNOWN,1,0.0,0.0,0.0,0.0,0.0,0.0,100.0,UNKNOWN,1,0.0,0.0,0.0,0.0,0.0,0.0,100.0,UNKNOWN,1,9.685040473937988,IDLE,0.0
1779449569.4586914,0.0,0.0,1.0,0.0,0.0,0.0,100.0,DISARMED,1,0.0,0.0,0.0,0.0,0.0,0.0,100.0,UNKNOWN,1,0.0,0.0,0.0,0.0,0.0,0.0,100.0,UNKNOWN,1,0.0,0.0,0.0,0.0,0.0,0.0,100.0,UNKNOWN,1,0.0,0.0,0.0,0.0,0.0,0.0,100.0,UNKNOWN,1,9.685040473937988,IDLE,0.0
1779449569.6493766,0.0,0.0,1.0,0.0,0.0,0.0,100.0,DISARMED,1,0.0,0.0,0.0,0.0,0.0,0.0,100.0,UNKNOWN,1,0.0,0.0,0.0,0.0,0.0,0.0,100.0,UNKNOWN,1,0.0,0.0,0.0,0.0,0.0,0.0,100.0,UNKNOWN,1,0.0,0.0,0.0,0.0,0.0,0.0,100.0,UNKNOWN,1,9.685040473937988,IDLE,0.0
1779449569.7513487,0.0,0.0,1.0,0.0,0.0,0.0,100.0,DISARMED,1,0.0,0.0,0.0,0.0,0.0,0.0,100.0,UNKNOWN,1,0.0,0.0,0.0,0.0,0.0,0.0,100.0,UNKNOWN,1,0.0,0.0,0.0,0.0,0.0,0.0,100.0,UNKNOWN,1,0.0,0.0,0.0,0.0,0.0,0.0,100.0,UNKNOWN,1,9.685040473937988,IDLE,0.0
1779449569.7807255,0.0,0.0,1.0,0.0,0.0,0.0,100.0,DISARMED,1,0.0,0.0,0.0,0.0,0.0,0.0,100.0,UNKNOWN,1,0.0,0.0,0.0,0.0,0.0,0.0,100.0,UNKNOWN,1,0.0,0.0,0.0,0.0,0.0,0.0,100.0,UNKNOWN,1,0.0,0.0,0.0,0.0,0.0,0.0,100.0,UNKNOWN,1,9.685040473937988,IDLE,0.0
1779449569.8669903,0.0,0.0,1.0,0.0,0.0,0.0,100.0,DISARMED,1,0.0,0.0,0.0,0.0,0.0,0.0,100.0,UNKNOWN,1,0.0,0.0,0.0,0.0,0.0,0.0,100.0,UNKNOWN,1,0.0,0.0,0.0,0.0,0.0,0.0,100.0,UNKNOWN,1,0.0,0.0,0.0,0.0,0.0,0.0,100.0,UNKNOWN,1,9.685040473937988,IDLE,0.0
1779449569.9993725,0.0,0.0,1.0,0.0,0.0,0.0,100.0,DISARMED,1,0.0,0.0,0.0,0.0,0.0,0.0,100.0,UNKNOWN,1,0.0,0.0,0.0,0.0,0.0,0.0,100.0,UNKNOWN,1,0.0,0.0,0.0,0.0,0.0,0.0,100.0,UNKNOWN,1,0.0,0.0,0.0,0.0,0.0,0.0,100.0,UNKNOWN,1,9.685040473937988,IDLE,0.0
1779449570.090726,0.0,0.0,1.0,0.0,0.0,0.0,100.0,DISARMED,1,0.0,0.0,0.0,0.0,0.0,0.0,100.0,UNKNOWN,1,0.0,0.0,0.0,0.0,0.0,0.0,100.0,UNKNOWN,1,0.0,0.0,0.0,0.0,0.0,0.0,100.0,UNKNOWN,1,0.0,0.0,0.0,0.0,0.0,0.0,100.0,UNKNOWN,1,9.685040473937988,IDLE,0.0
1779449570.3164582,0.0,0.0,1.0,0.0,0.0,0.0,100.0,DISARMED,1,0.0,0.0,0.0,0.0,0.0,0.0,100.0,UNKNOWN,1,0.0,0.0,0.0,0.0,0.0,0.0,100.0,UNKNOWN,1,0.0,0.0,0.0,0.0,0.0,0.0,100.0,UNKNOWN,1,0.0,0.0,0.0,0.0,0.0,0.0,100.0,UNKNOWN,1,9.685040473937988,IDLE,0.0
1779449570.3759897,0.0,0.0,1.0,0.0,0.0,0.0,100.0,DISARMED,1,0.0,0.0,0.0,0.0,0.0,0.0,100.0,UNKNOWN,1,0.0,0.0,0.0,0.0,0.0,0.0,100.0,UNKNOWN,1,0.0,0.0,0.0,0.0,0.0,0.0,100.0,UNKNOWN,1,0.0,0.0,0.0,0.0,0.0,0.0,100.0,UNKNOWN,1,9.685040473937988,IDLE,0.0
1779449570.60822,0.0,0.0,1.0,0.0,0.0,0.0,100.0,DISARMED,1,0.0,0.0,0.0,0.0,0.0,0.0,100.0,UNKNOWN,1,0.0,0.0,0.0,0.0,0.0,0.0,100.0,UNKNOWN,1,0.0,0.0,0.0,0.0,0.0,0.0,100.0,UNKNOWN,1,0.0,0.0,0.0,0.0,0.0,0.0,100.0,UNKNOWN,1,9.685040473937988,IDLE,0.0
1779449570.686561,0.0,0.0,1.0,0.0,0.0,0.0,100.0,DISARMED,1,0.0,0.0,0.0,0.0,0.0,0.0,100.0,UNKNOWN,1,0.0,0.0,0.0,0.0,0.0,0.0,100.0,UNKNOWN,1,0.0,0.0,0.0,0.0,0.0,0.0,100.0,UNKNOWN,1,0.0,0.0,0.0,0.0,0.0,0.0,100.0,UNKNOWN,1,9.685040473937988,IDLE,0.0
1779449570.8249402,0.0,0.0,1.0,0.0,0.0,0.0,100.0,DISARMED,1,0.0,0.0,0.0,0.0,0.0,0.0,100.0,UNKNOWN,1,0.0,0.0,0.0,0.0,0.0,0.0,100.0,UNKNOWN,1,0.0,0.0,0.0,0.0,0.0,0.0,100.0,UNKNOWN,1,0.0,0.0,0.0,0.0,0.0,0.0,100.0,UNKNOWN,1,9.685040473937988,IDLE,0.0
1779449570.8851087,0.0,0.0,1.0,0.0,0.0,0.0,100.0,DISARMED,1,0.0,0.0,0.0,0.0,0.0,0.0,100.0,UNKNOWN,1,0.0,0.0,0.0,0.0,0.0,0.0,100.0,UNKNOWN,1,0.0,0.0,0.0,0.0,0.0,0.0,100.0,UNKNOWN,1,0.0,0.0,0.0,0.0,0.0,0.0,100.0,UNKNOWN,1,9.685040473937988,IDLE,0.0
1779449571.0662658,0.0,0.0,1.0,0.0,0.0,0.0,100.0,DISARMED,1,0.0,0.0,0.0,0.0,0.0,0.0,100.0,UNKNOWN,1,0.0,0.0,0.0,0.0,0.0,0.0,100.0,UNKNOWN,1,0.0,0.0,0.0,0.0,0.0,0.0,100.0,UNKNOWN,1,0.0,0.0,0.0,0.0,0.0,0.0,100.0,UNKNOWN,1,9.685040473937988,IDLE,0.0
1779449571.357145,0.0,0.0,1.0,0.0,0.0,0.0,100.0,DISARMED,1,0.0,0.0,0.0,0.0,0.0,0.0,100.0,UNKNOWN,1,0.0,0.0,0.0,0.0,0.0,0.0,100.0,UNKNOWN,1,0.0,0.0,0.0,0.0,0.0,0.0,100.0,UNKNOWN,1,0.0,0.0,0.0,0.0,0.0,0.0,100.0,UNKNOWN,1,9.685040473937988,IDLE,0.0
1779449571.3961961,0.0,0.0,1.0,0.0,0.0,0.0,100.0,DISARMED,1,0.0,0.0,0.0,0.0,0.0,0.0,100.0,UNKNOWN,1,0.0,0.0,0.0,0.0,0.0,0.0,100.0,UNKNOWN,1,0.0,0.0,0.0,0.0,0.0,0.0,100.0,UNKNOWN,1,0.0,0.0,0.0,0.0,0.0,0.0,100.0,UNKNOWN,1,9.685040473937988,IDLE,0.0
1779449571.7391987,0.0,0.0,1.0,0.0,0.0,0.0,100.0,DISARMED,1,0.0,0.0,0.0,0.0,0.0,0.0,100.0,UNKNOWN,1,0.0,0.0,0.0,0.0,0.0,0.0,100.0,UNKNOWN,1,0.0,0.0,0.0,0.0,0.0,0.0,100.0,UNKNOWN,1,0.0,0.0,0.0,0.0,0.0,0.0,100.0,UNKNOWN,1,9.685040473937988,IDLE,0.0
1779449571.7917678,0.0,0.0,1.0,0.0,0.0,0.0,100.0,DISARMED,1,0.0,0.0,0.0,0.0,0.0,0.0,100.0,UNKNOWN,1,0.0,0.0,0.0,0.0,0.0,0.0,100.0,UNKNOWN,1,0.0,0.0,0.0,0.0,0.0,0.0,100.0,UNKNOWN,1,0.0,0.0,0.0,0.0,0.0,0.0,100.0,UNKNOWN,1,9.685040473937988,IDLE,0.0
1779449571.8667226,0.0,0.0,1.0,0.0,0.0,0.0,100.0,DISARMED,1,0.0,0.0,0.0,0.0,0.0,0.0,100.0,UNKNOWN,1,0.0,0.0,0.0,0.0,0.0,0.0,100.0,UNKNOWN,1,0.0,0.0,0.0,0.0,0.0,0.0,100.0,UNKNOWN,1,0.0,0.0,0.0,0.0,0.0,0.0,100.0,UNKNOWN,1,9.685040473937988,IDLE,0.0
1779449572.0473955,0.0,0.0,1.0,0.0,0.0,0.0,100.0,DISARMED,1,0.0,0.0,0.0,0.0,0.0,0.0,100.0,UNKNOWN,1,0.0,0.0,0.0,0.0,0.0,0.0,100.0,UNKNOWN,1,0.0,0.0,0.0,0.0,0.0,0.0,100.0,UNKNOWN,1,0.0,0.0,0.0,0.0,0.0,0.0,100.0,UNKNOWN,1,9.685040473937988,IDLE,0.0
1779449572.0647404,0.0,0.0,1.0,0.0,0.0,0.0,100.0,DISARMED,1,0.0,0.0,0.0,0.0,0.0,0.0,100.0,UNKNOWN,1,0.0,0.0,0.0,0.0,0.0,0.0,100.0,UNKNOWN,1,0.0,0.0,0.0,0.0,0.0,0.0,100.0,UNKNOWN,1,0.0,0.0,0.0,0.0,0.0,0.0,100.0,UNKNOWN,1,9.685040473937988,IDLE,0.0
1779449572.1695285,0.0,0.0,1.0,0.0,0.0,0.0,100.0,DISARMED,1,0.0,0.0,0.0,0.0,0.0,0.0,100.0,UNKNOWN,1,0.0,0.0,0.0,0.0,0.0,0.0,100.0,UNKNOWN,1,0.0,0.0,0.0,0.0,0.0,0.0,100.0,UNKNOWN,1,0.0,0.0,0.0,0.0,0.0,0.0,100.0,UNKNOWN,1,9.685040473937988,IDLE,0.0
1779449572.3062737,0.0,0.0,1.0,0.0,0.0,0.0,100.0,DISARMED,1,0.0,0.0,0.0,0.0,0.0,0.0,100.0,UNKNOWN,1,0.0,0.0,0.0,0.0,0.0,0.0,100.0,UNKNOWN,1,0.0,0.0,0.0,0.0,0.0,0.0,100.0,UNKNOWN,1,0.0,0.0,0.0,0.0,0.0,0.0,100.0,UNKNOWN,1,9.685040473937988,IDLE,0.0
1779449572.3978431,0.0,0.0,1.0,0.0,0.0,0.0,100.0,DISARMED,1,0.0,0.0,0.0,0.0,0.0,0.0,100.0,UNKNOWN,1,0.0,0.0,0.0,0.0,0.0,0.0,100.0,UNKNOWN,1,0.0,0.0,0.0,0.0,0.0,0.0,100.0,UNKNOWN,1,0.0,0.0,0.0,0.0,0.0,0.0,100.0,UNKNOWN,1,9.685040473937988,IDLE,0.0
1779449572.7314332,0.0,0.0,1.0,0.0,0.0,0.0,100.0,DISARMED,1,0.0,0.0,0.0,0.0,0.0,0.0,100.0,UNKNOWN,1,0.0,0.0,0.0,0.0,0.0,0.0,100.0,UNKNOWN,1,0.0,0.0,0.0,0.0,0.0,0.0,100.0,UNKNOWN,1,0.0,0.0,0.0,0.0,0.0,0.0,100.0,UNKNOWN,1,9.685040473937988,IDLE,0.0
1779449572.8084772,0.0,0.0,1.0,0.0,0.0,0.0,100.0,DISARMED,1,0.0,0.0,0.0,0.0,0.0,0.0,100.0,UNKNOWN,1,0.0,0.0,0.0,0.0,0.0,0.0,100.0,UNKNOWN,1,0.0,0.0,0.0,0.0,0.0,0.0,100.0,UNKNOWN,1,0.0,0.0,0.0,0.0,0.0,0.0,100.0,UNKNOWN,1,9.685040473937988,IDLE,0.0
1779449572.8833773,0.0,0.0,1.0,0.0,0.0,0.0,100.0,DISARMED,1,0.0,0.0,0.0,0.0,0.0,0.0,100.0,UNKNOWN,1,0.0,0.0,0.0,0.0,0.0,0.0,100.0,UNKNOWN,1,0.0,0.0,0.0,0.0,0.0,0.0,100.0,UNKNOWN,1,0.0,0.0,0.0,0.0,0.0,0.0,100.0,UNKNOWN,1,9.685040473937988,IDLE,0.0
1779449573.0185022,0.0,0.0,1.0,0.0,0.0,0.0,100.0,DISARMED,1,0.0,0.0,0.0,0.0,0.0,0.0,100.0,UNKNOWN,1,0.0,0.0,0.0,0.0,0.0,0.0,100.0,UNKNOWN,1,0.0,0.0,0.0,0.0,0.0,0.0,100.0,UNKNOWN,1,0.0,0.0,0.0,0.0,0.0,0.0,100.0,UNKNOWN,1,9.685040473937988,IDLE,0.0
1779449573.090887,0.0,0.0,1.0,0.0,0.0,0.0,100.0,DISARMED,1,0.0,0.0,0.0,0.0,0.0,0.0,100.0,UNKNOWN,1,0.0,0.0,0.0,0.0,0.0,0.0,100.0,UNKNOWN,1,0.0,0.0,0.0,0.0,0.0,0.0,100.0,UNKNOWN,1,0.0,0.0,0.0,0.0,0.0,0.0,100.0,UNKNOWN,1,9.685040473937988,IDLE,0.0
1779449573.1638591,0.0,0.0,1.0,0.0,0.0,0.0,100.0,DISARMED,1,0.0,0.0,0.0,0.0,0.0,0.0,100.0,UNKNOWN,1,0.0,0.0,0.0,0.0,0.0,0.0,100.0,UNKNOWN,1,0.0,0.0,0.0,0.0,0.0,0.0,100.0,UNKNOWN,1,0.0,0.0,0.0,0.0,0.0,0.0,100.0,UNKNOWN,1,9.685040473937988,IDLE,0.0
1779449573.2702098,0.0,0.0,1.0,0.0,0.0,0.0,100.0,DISARMED,1,0.0,0.0,0.0,0.0,0.0,0.0,100.0,UNKNOWN,1,0.0,0.0,0.0,0.0,0.0,0.0,100.0,UNKNOWN,1,0.0,0.0,0.0,0.0,0.0,0.0,100.0,UNKNOWN,1,0.0,0.0,0.0,0.0,0.0,0.0,100.0,UNKNOWN,1,9.685040473937988,IDLE,0.0
1779449573.755253,0.0,0.0,1.0,0.0,0.0,0.0,100.0,DISARMED,1,0.0,0.0,0.0,0.0,0.0,0.0,100.0,UNKNOWN,1,0.0,0.0,0.0,0.0,0.0,0.0,100.0,UNKNOWN,1,0.0,0.0,0.0,0.0,0.0,0.0,100.0,UNKNOWN,1,0.0,0.0,0.0,0.0,0.0,0.0,100.0,UNKNOWN,1,9.685040473937988,IDLE,0.0
1779449573.8610404,0.0,0.0,1.0,0.0,0.0,0.0,100.0,DISARMED,1,0.0,0.0,0.0,0.0,0.0,0.0,100.0,UNKNOWN,1,0.0,0.0,0.0,0.0,0.0,0.0,100.0,UNKNOWN,1,0.0,0.0,0.0,0.0,0.0,0.0,100.0,UNKNOWN,1,0.0,0.0,0.0,0.0,0.0,0.0,100.0,UNKNOWN,1,9.685040473937988,IDLE,0.0
1779449574.0663238,0.0,0.0,1.0,0.0,0.0,0.0,100.0,DISARMED,1,0.0,0.0,0.0,0.0,0.0,0.0,100.0,UNKNOWN,1,0.0,0.0,0.0,0.0,0.0,0.0,100.0,UNKNOWN,1,0.0,0.0,0.0,0.0,0.0,0.0,100.0,UNKNOWN,1,0.0,0.0,0.0,0.0,0.0,0.0,100.0,UNKNOWN,1,9.685040473937988,IDLE,0.0
1779449574.2039077,0.0,0.0,1.0,0.0,0.0,0.0,100.0,DISARMED,1,0.0,0.0,0.0,0.0,0.0,0.0,100.0,UNKNOWN,1,0.0,0.0,0.0,0.0,0.0,0.0,100.0,UNKNOWN,1,0.0,0.0,0.0,0.0,0.0,0.0,100.0,UNKNOWN,1,0.0,0.0,0.0,0.0,0.0,0.0,100.0,UNKNOWN,1,9.685040473937988,IDLE,0.0
1779449574.3870893,0.0,0.0,1.0,0.0,0.0,0.0,100.0,DISARMED,1,0.0,0.0,0.0,0.0,0.0,0.0,100.0,UNKNOWN,1,0.0,0.0,0.0,0.0,0.0,0.0,100.0,UNKNOWN,1,0.0,0.0,0.0,0.0,0.0,0.0,100.0,UNKNOWN,1,0.0,0.0,0.0,0.0,0.0,0.0,100.0,UNKNOWN,1,9.685040473937988,IDLE,0.0
1779449574.7902932,0.0,0.0,1.0,0.0,0.0,0.0,100.0,DISARMED,1,0.0,0.0,0.0,0.0,0.0,0.0,100.0,UNKNOWN,1,0.0,0.0,0.0,0.0,0.0,0.0,100.0,UNKNOWN,1,0.0,0.0,0.0,0.0,0.0,0.0,100.0,UNKNOWN,1,0.0,0.0,0.0,0.0,0.0,0.0,100.0,UNKNOWN,1,9.685040473937988,IDLE,0.0
1779449574.9445717,0.0,0.0,1.0,0.0,0.0,0.0,100.0,DISARMED,1,0.0,0.0,0.0,0.0,0.0,0.0,100.0,UNKNOWN,1,0.0,0.0,0.0,0.0,0.0,0.0,100.0,UNKNOWN,1,0.0,0.0,0.0,0.0,0.0,0.0,100.0,UNKNOWN,1,0.0,0.0,0.0,0.0,0.0,0.0,100.0,UNKNOWN,1,9.685040473937988,IDLE,0.0
1779449575.16368,0.0,0.0,1.0,0.0,0.0,0.0,100.0,DISARMED,1,0.0,0.0,0.0,0.0,0.0,0.0,100.0,UNKNOWN,1,0.0,0.0,0.0,0.0,0.0,0.0,100.0,UNKNOWN,1,0.0,0.0,0.0,0.0,0.0,0.0,100.0,UNKNOWN,1,0.0,0.0,0.0,0.0,0.0,0.0,100.0,UNKNOWN,1,9.685040473937988,IDLE,0.0
1779449575.2902586,0.0,0.0,1.0,0.0,0.0,0.0,100.0,DISARMED,1,0.0,0.0,0.0,0.0,0.0,0.0,100.0,UNKNOWN,1,0.0,0.0,0.0,0.0,0.0,0.0,100.0,UNKNOWN,1,0.0,0.0,0.0,0.0,0.0,0.0,100.0,UNKNOWN,1,0.0,0.0,0.0,0.0,0.0,0.0,100.0,UNKNOWN,1,9.685040473937988,IDLE,0.0
1779449575.445459,0.0,0.0,1.0,0.0,0.0,0.0,100.0,DISARMED,1,0.0,0.0,0.0,0.0,0.0,0.0,100.0,UNKNOWN,1,0.0,0.0,0.0,0.0,0.0,0.0,100.0,UNKNOWN,1,0.0,0.0,0.0,0.0,0.0,0.0,100.0,UNKNOWN,1,0.0,0.0,0.0,0.0,0.0,0.0,100.0,UNKNOWN,1,9.685040473937988,IDLE,0.0
1779449576.0513523,0.0,0.0,1.0,0.0,0.0,0.0,100.0,DISARMED,1,0.0,0.0,0.0,0.0,0.0,0.0,100.0,UNKNOWN,1,0.0,0.0,0.0,0.0,0.0,0.0,100.0,UNKNOWN,1,0.0,0.0,0.0,0.0,0.0,0.0,100.0,UNKNOWN,1,0.0,0.0,0.0,0.0,0.0,0.0,100.0,UNKNOWN,1,9.685040473937988,IDLE,0.0
1779449576.1852548,0.0,0.0,1.0,0.0,0.0,0.0,100.0,DISARMED,1,0.0,0.0,0.0,0.0,0.0,0.0,100.0,UNKNOWN,1,0.0,0.0,0.0,0.0,0.0,0.0,100.0,UNKNOWN,1,0.0,0.0,0.0,0.0,0.0,0.0,100.0,UNKNOWN,1,0.0,0.0,0.0,0.0,0.0,0.0,100.0,UNKNOWN,1,9.685040473937988,IDLE,0.0
1779449576.2814245,0.0,0.0,1.0,0.0,0.0,0.0,100.0,DISARMED,1,0.0,0.0,0.0,0.0,0.0,0.0,100.0,UNKNOWN,1,0.0,0.0,0.0,0.0,0.0,0.0,100.0,UNKNOWN,1,0.0,0.0,0.0,0.0,0.0,0.0,100.0,UNKNOWN,1,0.0,0.0,0.0,0.0,0.0,0.0,100.0,UNKNOWN,1,9.685040473937988,IDLE,0.0
1779449576.4301705,0.0,0.0,1.0,0.0,0.0,0.0,100.0,DISARMED,1,0.0,0.0,0.0,0.0,0.0,0.0,100.0,UNKNOWN,1,0.0,0.0,0.0,0.0,0.0,0.0,100.0,UNKNOWN,1,0.0,0.0,0.0,0.0,0.0,0.0,100.0,UNKNOWN,1,0.0,0.0,0.0,0.0,0.0,0.0,100.0,UNKNOWN,1,9.685040473937988,IDLE,0.0
1779449576.9275224,0.0,0.0,1.0,0.0,0.0,0.0,100.0,DISARMED,1,0.0,0.0,0.0,0.0,0.0,0.0,100.0,UNKNOWN,1,0.0,0.0,0.0,0.0,0.0,0.0,100.0,UNKNOWN,1,0.0,0.0,0.0,0.0,0.0,0.0,100.0,UNKNOWN,1,0.0,0.0,0.0,0.0,0.0,0.0,100.0,UNKNOWN,1,9.685040473937988,IDLE,0.0
1779449577.1826313,0.0,0.0,1.0,0.0,0.0,0.0,100.0,DISARMED,1,0.0,0.0,0.0,0.0,0.0,0.0,100.0,UNKNOWN,1,0.0,0.0,0.0,0.0,0.0,0.0,100.0,UNKNOWN,1,0.0,0.0,0.0,0.0,0.0,0.0,100.0,UNKNOWN,1,0.0,0.0,0.0,0.0,0.0,0.0,100.0,UNKNOWN,1,9.685040473937988,IDLE,0.0
1779449577.3135598,0.0,0.0,1.0,0.0,0.0,0.0,100.0,DISARMED,1,0.0,0.0,0.0,0.0,0.0,0.0,100.0,UNKNOWN,1,0.0,0.0,0.0,0.0,0.0,0.0,100.0,UNKNOWN,1,0.0,0.0,0.0,0.0,0.0,0.0,100.0,UNKNOWN,1,0.0,0.0,0.0,0.0,0.0,0.0,100.0,UNKNOWN,1,9.685040473937988,IDLE,0.0
1779449577.4565415,0.0,0.0,1.0,0.0,0.0,0.0,100.0,DISARMED,1,0.0,0.0,0.0,0.0,0.0,0.0,100.0,UNKNOWN,1,0.0,0.0,0.0,0.0,0.0,0.0,100.0,UNKNOWN,1,0.0,0.0,0.0,0.0,0.0,0.0,100.0,UNKNOWN,1,0.0,0.0,0.0,0.0,0.0,0.0,100.0,UNKNOWN,1,9.685040473937988,IDLE,0.0
1779449577.9517908,0.0,0.0,1.0,0.0,0.0,0.0,100.0,DISARMED,1,0.0,0.0,0.0,0.0,0.0,0.0,100.0,UNKNOWN,1,0.0,0.0,0.0,0.0,0.0,0.0,100.0,UNKNOWN,1,0.0,0.0,0.0,0.0,0.0,0.0,100.0,UNKNOWN,1,0.0,0.0,0.0,0.0,0.0,0.0,100.0,UNKNOWN,1,9.685040473937988,IDLE,0.0
1779449578.011173,0.0,0.0,1.0,0.0,0.0,0.0,100.0,DISARMED,1,0.0,0.0,0.0,0.0,0.0,0.0,100.0,UNKNOWN,1,0.0,0.0,0.0,0.0,0.0,0.0,100.0,UNKNOWN,1,0.0,0.0,0.0,0.0,0.0,0.0,100.0,UNKNOWN,1,0.0,0.0,0.0,0.0,0.0,0.0,100.0,UNKNOWN,1,9.685040473937988,IDLE,0.0
1779449578.0649328,0.0,0.0,1.0,0.0,0.0,0.0,100.0,DISARMED,1,0.0,0.0,0.0,0.0,0.0,0.0,100.0,UNKNOWN,1,0.0,0.0,0.0,0.0,0.0,0.0,100.0,UNKNOWN,1,0.0,0.0,0.0,0.0,0.0,0.0,100.0,UNKNOWN,1,0.0,0.0,0.0,0.0,0.0,0.0,100.0,UNKNOWN,1,9.685040473937988,IDLE,0.0
1779449578.16468,0.0,0.0,1.0,0.0,0.0,0.0,100.0,DISARMED,1,0.0,0.0,0.0,0.0,0.0,0.0,100.0,UNKNOWN,1,0.0,0.0,0.0,0.0,0.0,0.0,100.0,UNKNOWN,1,0.0,0.0,0.0,0.0,0.0,0.0,100.0,UNKNOWN,1,0.0,0.0,0.0,0.0,0.0,0.0,100.0,UNKNOWN,1,9.685040473937988,IDLE,0.0
1779449578.3026397,0.0,0.0,1.0,0.0,0.0,0.0,100.0,DISARMED,1,0.0,0.0,0.0,0.0,0.0,0.0,100.0,UNKNOWN,1,0.0,0.0,0.0,0.0,0.0,0.0,100.0,UNKNOWN,1,0.0,0.0,0.0,0.0,0.0,0.0,100.0,UNKNOWN,1,0.0,0.0,0.0,0.0,0.0,0.0,100.0,UNKNOWN,1,9.685040473937988,IDLE,0.0
1779449578.794223,0.0,0.0,1.0,0.0,0.0,0.0,100.0,DISARMED,1,0.0,0.0,0.0,0.0,0.0,0.0,100.0,UNKNOWN,1,0.0,0.0,0.0,0.0,0.0,0.0,100.0,UNKNOWN,1,0.0,0.0,0.0,0.0,0.0,0.0,100.0,UNKNOWN,1,0.0,0.0,0.0,0.0,0.0,0.0,100.0,UNKNOWN,1,9.685040473937988,IDLE,0.0
1779449578.8848505,0.0,0.0,1.0,0.0,0.0,0.0,100.0,DISARMED,1,0.0,0.0,0.0,0.0,0.0,0.0,100.0,UNKNOWN,1,0.0,0.0,0.0,0.0,0.0,0.0,100.0,UNKNOWN,1,0.0,0.0,0.0,0.0,0.0,0.0,100.0,UNKNOWN,1,0.0,0.0,0.0,0.0,0.0,0.0,100.0,UNKNOWN,1,9.685040473937988,IDLE,0.0
1779449578.9722738,0.0,0.0,1.0,0.0,0.0,0.0,100.0,DISARMED,1,0.0,0.0,0.0,0.0,0.0,0.0,100.0,UNKNOWN,1,0.0,0.0,0.0,0.0,0.0,0.0,100.0,UNKNOWN,1,0.0,0.0,0.0,0.0,0.0,0.0,100.0,UNKNOWN,1,0.0,0.0,0.0,0.0,0.0,0.0,100.0,UNKNOWN,1,9.685040473937988,IDLE,0.0
1779449579.0971344,0.0,0.0,1.0,0.0,0.0,0.0,100.0,DISARMED,1,0.0,0.0,0.0,0.0,0.0,0.0,100.0,UNKNOWN,1,0.0,0.0,0.0,0.0,0.0,0.0,100.0,UNKNOWN,1,0.0,0.0,0.0,0.0,0.0,0.0,100.0,UNKNOWN,1,0.0,0.0,0.0,0.0,0.0,0.0,100.0,UNKNOWN,1,9.685040473937988,IDLE,0.0
1779449579.1629145,0.0,0.0,1.0,0.0,0.0,0.0,100.0,DISARMED,1,0.0,0.0,0.0,0.0,0.0,0.0,100.0,UNKNOWN,1,0.0,0.0,0.0,0.0,0.0,0.0,100.0,UNKNOWN,1,0.0,0.0,0.0,0.0,0.0,0.0,100.0,UNKNOWN,1,0.0,0.0,0.0,0.0,0.0,0.0,100.0,UNKNOWN,1,9.685040473937988,IDLE,0.0
1779449579.3050115,0.0,0.0,1.0,0.0,0.0,0.0,100.0,DISARMED,1,0.0,0.0,0.0,0.0,0.0,0.0,100.0,UNKNOWN,1,0.0,0.0,0.0,0.0,0.0,0.0,100.0,UNKNOWN,1,0.0,0.0,0.0,0.0,0.0,0.0,100.0,UNKNOWN,1,0.0,0.0,0.0,0.0,0.0,0.0,100.0,UNKNOWN,1,9.685040473937988,IDLE,0.0
1779449579.387748,0.0,0.0,1.0,0.0,0.0,0.0,100.0,DISARMED,1,0.0,0.0,0.0,0.0,0.0,0.0,100.0,UNKNOWN,1,0.0,0.0,0.0,0.0,0.0,0.0,100.0,UNKNOWN,1,0.0,0.0,0.0,0.0,0.0,0.0,100.0,UNKNOWN,1,0.0,0.0,0.0,0.0,0.0,0.0,100.0,UNKNOWN,1,9.685040473937988,IDLE,0.0
1779449579.8452854,0.0,0.0,1.0,0.0,0.0,0.0,100.0,DISARMED,1,0.0,0.0,0.0,0.0,0.0,0.0,100.0,UNKNOWN,1,0.0,0.0,0.0,0.0,0.0,0.0,100.0,UNKNOWN,1,0.0,0.0,0.0,0.0,0.0,0.0,100.0,UNKNOWN,1,0.0,0.0,0.0,0.0,0.0,0.0,100.0,UNKNOWN,1,9.685040473937988,IDLE,0.0
1779449579.8901913,0.0,0.0,1.0,0.0,0.0,0.0,100.0,DISARMED,1,0.0,0.0,0.0,0.0,0.0,0.0,100.0,UNKNOWN,1,0.0,0.0,0.0,0.0,0.0,0.0,100.0,UNKNOWN,1,0.0,0.0,0.0,0.0,0.0,0.0,100.0,UNKNOWN,1,0.0,0.0,0.0,0.0,0.0,0.0,100.0,UNKNOWN,1,9.685040473937988,IDLE,0.0
1779449579.9687846,0.0,0.0,1.0,0.0,0.0,0.0,100.0,DISARMED,1,0.0,0.0,0.0,0.0,0.0,0.0,100.0,UNKNOWN,1,0.0,0.0,0.0,0.0,0.0,0.0,100.0,UNKNOWN,1,0.0,0.0,0.0,0.0,0.0,0.0,100.0,UNKNOWN,1,0.0,0.0,0.0,0.0,0.0,0.0,100.0,UNKNOWN,1,9.685040473937988,IDLE,0.0
1779449580.0675032,0.0,0.0,1.0,0.0,0.0,0.0,100.0,DISARMED,1,0.0,0.0,0.0,0.0,0.0,0.0,100.0,UNKNOWN,1,0.0,0.0,0.0,0.0,0.0,0.0,100.0,UNKNOWN,1,0.0,0.0,0.0,0.0,0.0,0.0,100.0,UNKNOWN,1,0.0,0.0,0.0,0.0,0.0,0.0,100.0,UNKNOWN,1,9.685040473937988,IDLE,0.0
1779449580.3033178,0.0,0.0,1.0,0.0,0.0,0.0,100.0,DISARMED,1,0.0,0.0,0.0,0.0,0.0,0.0,100.0,UNKNOWN,1,0.0,0.0,0.0,0.0,0.0,0.0,100.0,UNKNOWN,1,0.0,0.0,0.0,0.0,0.0,0.0,100.0,UNKNOWN,1,0.0,0.0,0.0,0.0,0.0,0.0,100.0,UNKNOWN,1,9.685040473937988,IDLE,0.0
1779449580.395231,0.0,0.0,1.0,0.0,0.0,0.0,100.0,DISARMED,1,0.0,0.0,0.0,0.0,0.0,0.0,100.0,UNKNOWN,1,0.0,0.0,0.0,0.0,0.0,0.0,100.0,UNKNOWN,1,0.0,0.0,0.0,0.0,0.0,0.0,100.0,UNKNOWN,1,0.0,0.0,0.0,0.0,0.0,0.0,100.0,UNKNOWN,1,9.685040473937988,IDLE,0.0
1779449580.7795403,0.0,0.0,1.0,0.0,0.0,0.0,100.0,DISARMED,1,0.0,0.0,0.0,0.0,0.0,0.0,100.0,UNKNOWN,1,0.0,0.0,0.0,0.0,0.0,0.0,100.0,UNKNOWN,1,0.0,0.0,0.0,0.0,0.0,0.0,100.0,UNKNOWN,1,0.0,0.0,0.0,0.0,0.0,0.0,100.0,UNKNOWN,1,9.685040473937988,IDLE,0.0
1779449580.9688852,0.0,0.0,1.0,0.0,0.0,0.0,100.0,DISARMED,1,0.0,0.0,0.0,0.0,0.0,0.0,100.0,UNKNOWN,1,0.0,0.0,0.0,0.0,0.0,0.0,100.0,UNKNOWN,1,0.0,0.0,0.0,0.0,0.0,0.0,100.0,UNKNOWN,1,0.0,0.0,0.0,0.0,0.0,0.0,100.0,UNKNOWN,1,9.685040473937988,IDLE,0.0
1779449581.0984604,0.0,0.0,1.0,0.0,0.0,0.0,100.0,DISARMED,1,0.0,0.0,0.0,0.0,0.0,0.0,100.0,UNKNOWN,1,0.0,0.0,0.0,0.0,0.0,0.0,100.0,UNKNOWN,1,0.0,0.0,0.0,0.0,0.0,0.0,100.0,UNKNOWN,1,0.0,0.0,0.0,0.0,0.0,0.0,100.0,UNKNOWN,1,9.685040473937988,IDLE,0.0
1779449581.2404637,0.0,0.0,1.0,0.0,0.0,0.0,100.0,DISARMED,1,0.0,0.0,0.0,0.0,0.0,0.0,100.0,UNKNOWN,1,0.0,0.0,0.0,0.0,0.0,0.0,100.0,UNKNOWN,1,0.0,0.0,0.0,0.0,0.0,0.0,100.0,UNKNOWN,1,0.0,0.0,0.0,0.0,0.0,0.0,100.0,UNKNOWN,1,9.685040473937988,IDLE,0.0
1779449581.3534832,0.0,0.0,1.0,0.0,0.0,0.0,100.0,DISARMED,1,0.0,0.0,0.0,0.0,0.0,0.0,100.0,UNKNOWN,1,0.0,0.0,0.0,0.0,0.0,0.0,100.0,UNKNOWN,1,0.0,0.0,0.0,0.0,0.0,0.0,100.0,UNKNOWN,1,0.0,0.0,0.0,0.0,0.0,0.0,100.0,UNKNOWN,1,9.685040473937988,IDLE,0.0
1779449581.6353765,0.0,0.0,1.0,0.0,0.0,0.0,100.0,DISARMED,1,0.0,0.0,0.0,0.0,0.0,0.0,100.0,UNKNOWN,1,0.0,0.0,0.0,0.0,0.0,0.0,100.0,UNKNOWN,1,0.0,0.0,0.0,0.0,0.0,0.0,100.0,UNKNOWN,1,0.0,0.0,0.0,0.0,0.0,0.0,100.0,UNKNOWN,1,9.685040473937988,IDLE,0.0
1779449581.8074949,0.0,0.0,1.0,0.0,0.0,0.0,100.0,DISARMED,1,0.0,0.0,0.0,0.0,0.0,0.0,100.0,UNKNOWN,1,0.0,0.0,0.0,0.0,0.0,0.0,100.0,UNKNOWN,1,0.0,0.0,0.0,0.0,0.0,0.0,100.0,UNKNOWN,1,0.0,0.0,0.0,0.0,0.0,0.0,100.0,UNKNOWN,1,9.685040473937988,IDLE,0.0
1779449581.8937895,0.0,0.0,1.0,0.0,0.0,0.0,100.0,DISARMED,1,0.0,0.0,0.0,0.0,0.0,0.0,100.0,UNKNOWN,1,0.0,0.0,0.0,0.0,0.0,0.0,100.0,UNKNOWN,1,0.0,0.0,0.0,0.0,0.0,0.0,100.0,UNKNOWN,1,0.0,0.0,0.0,0.0,0.0,0.0,100.0,UNKNOWN,1,9.685040473937988,IDLE,0.0
1779449582.0655468,0.0,0.0,1.0,0.0,0.0,0.0,100.0,DISARMED,1,0.0,0.0,0.0,0.0,0.0,0.0,100.0,UNKNOWN,1,0.0,0.0,0.0,0.0,0.0,0.0,100.0,UNKNOWN,1,0.0,0.0,0.0,0.0,0.0,0.0,100.0,UNKNOWN,1,0.0,0.0,0.0,0.0,0.0,0.0,100.0,UNKNOWN,1,9.685040473937988,IDLE,0.0
1779449582.4031382,0.0,0.0,1.0,0.0,0.0,0.0,100.0,DISARMED,1,0.0,0.0,0.0,0.0,0.0,0.0,100.0,UNKNOWN,1,0.0,0.0,0.0,0.0,0.0,0.0,100.0,UNKNOWN,1,0.0,0.0,0.0,0.0,0.0,0.0,100.0,UNKNOWN,1,0.0,0.0,0.0,0.0,0.0,0.0,100.0,UNKNOWN,1,9.685040473937988,IDLE,0.0
1779449582.7563233,0.0,0.0,1.0,0.0,0.0,0.0,100.0,DISARMED,1,0.0,0.0,0.0,0.0,0.0,0.0,100.0,UNKNOWN,1,0.0,0.0,0.0,0.0,0.0,0.0,100.0,UNKNOWN,1,0.0,0.0,0.0,0.0,0.0,0.0,100.0,UNKNOWN,1,0.0,0.0,0.0,0.0,0.0,0.0,100.0,UNKNOWN,1,9.685040473937988,IDLE,0.0
1779449582.7759278,0.0,0.0,1.0,0.0,0.0,0.0,100.0,DISARMED,1,0.0,0.0,0.0,0.0,0.0,0.0,100.0,UNKNOWN,1,0.0,0.0,0.0,0.0,0.0,0.0,100.0,UNKNOWN,1,0.0,0.0,0.0,0.0,0.0,0.0,100.0,UNKNOWN,1,0.0,0.0,0.0,0.0,0.0,0.0,100.0,UNKNOWN,1,9.685040473937988,IDLE,0.0
1779449582.88345,0.0,0.0,1.0,0.0,0.0,0.0,100.0,DISARMED,1,0.0,0.0,0.0,0.0,0.0,0.0,100.0,UNKNOWN,1,0.0,0.0,0.0,0.0,0.0,0.0,100.0,UNKNOWN,1,0.0,0.0,0.0,0.0,0.0,0.0,100.0,UNKNOWN,1,0.0,0.0,0.0,0.0,0.0,0.0,100.0,UNKNOWN,1,9.685040473937988,IDLE,0.0
1779449583.011357,0.0,0.0,1.0,0.0,0.0,0.0,100.0,DISARMED,1,0.0,0.0,0.0,0.0,0.0,0.0,100.0,UNKNOWN,1,0.0,0.0,0.0,0.0,0.0,0.0,100.0,UNKNOWN,1,0.0,0.0,0.0,0.0,0.0,0.0,100.0,UNKNOWN,1,0.0,0.0,0.0,0.0,0.0,0.0,100.0,UNKNOWN,1,9.685040473937988,IDLE,0.0
1779449583.085641,0.0,0.0,1.0,0.0,0.0,0.0,100.0,DISARMED,1,0.0,0.0,0.0,0.0,0.0,0.0,100.0,UNKNOWN,1,0.0,0.0,0.0,0.0,0.0,0.0,100.0,UNKNOWN,1,0.0,0.0,0.0,0.0,0.0,0.0,100.0,UNKNOWN,1,0.0,0.0,0.0,0.0,0.0,0.0,100.0,UNKNOWN,1,9.685040473937988,IDLE,0.0
1779449583.1960695,0.0,0.0,1.0,0.0,0.0,0.0,100.0,DISARMED,1,0.0,0.0,0.0,0.0,0.0,0.0,100.0,UNKNOWN,1,0.0,0.0,0.0,0.0,0.0,0.0,100.0,UNKNOWN,1,0.0,0.0,0.0,0.0,0.0,0.0,100.0,UNKNOWN,1,0.0,0.0,0.0,0.0,0.0,0.0,100.0,UNKNOWN,1,9.685040473937988,IDLE,0.0
1779449583.264641,0.0,0.0,1.0,0.0,0.0,0.0,100.0,DISARMED,1,0.0,0.0,0.0,0.0,0.0,0.0,100.0,UNKNOWN,1,0.0,0.0,0.0,0.0,0.0,0.0,100.0,UNKNOWN,1,0.0,0.0,0.0,0.0,0.0,0.0,100.0,UNKNOWN,1,0.0,0.0,0.0,0.0,0.0,0.0,100.0,UNKNOWN,1,9.685040473937988,IDLE,0.0
1779449583.3942256,0.0,0.0,1.0,0.0,0.0,0.0,100.0,DISARMED,1,0.0,0.0,0.0,0.0,0.0,0.0,100.0,UNKNOWN,1,0.0,0.0,0.0,0.0,0.0,0.0,100.0,UNKNOWN,1,0.0,0.0,0.0,0.0,0.0,0.0,100.0,UNKNOWN,1,0.0,0.0,0.0,0.0,0.0,0.0,100.0,UNKNOWN,1,9.685040473937988,IDLE,0.0
1779449583.7873087,0.0,0.0,1.0,0.0,0.0,0.0,100.0,DISARMED,1,0.0,0.0,0.0,0.0,0.0,0.0,100.0,UNKNOWN,1,0.0,0.0,0.0,0.0,0.0,0.0,100.0,UNKNOWN,1,0.0,0.0,0.0,0.0,0.0,0.0,100.0,UNKNOWN,1,0.0,0.0,0.0,0.0,0.0,0.0,100.0,UNKNOWN,1,9.685040473937988,IDLE,0.0
1779449583.92308,0.0,0.0,1.0,0.0,0.0,0.0,100.0,DISARMED,1,0.0,0.0,0.0,0.0,0.0,0.0,100.0,UNKNOWN,1,0.0,0.0,0.0,0.0,0.0,0.0,100.0,UNKNOWN,1,0.0,0.0,0.0,0.0,0.0,0.0,100.0,UNKNOWN,1,0.0,0.0,0.0,0.0,0.0,0.0,100.0,UNKNOWN,1,9.685040473937988,IDLE,0.0
1779449583.965428,0.0,0.0,1.0,0.0,0.0,0.0,100.0,DISARMED,1,0.0,0.0,0.0,0.0,0.0,0.0,100.0,UNKNOWN,1,0.0,0.0,0.0,0.0,0.0,0.0,100.0,UNKNOWN,1,0.0,0.0,0.0,0.0,0.0,0.0,100.0,UNKNOWN,1,0.0,0.0,0.0,0.0,0.0,0.0,100.0,UNKNOWN,1,9.685040473937988,IDLE,0.0
1779449584.1148365,0.0,0.0,1.0,0.0,0.0,0.0,100.0,DISARMED,1,0.0,0.0,0.0,0.0,0.0,0.0,100.0,UNKNOWN,1,0.0,0.0,0.0,0.0,0.0,0.0,100.0,UNKNOWN,1,0.0,0.0,0.0,0.0,0.0,0.0,100.0,UNKNOWN,1,0.0,0.0,0.0,0.0,0.0,0.0,100.0,UNKNOWN,1,9.685040473937988,IDLE,0.0
1779449584.2212775,0.0,0.0,1.0,0.0,0.0,0.0,100.0,DISARMED,1,0.0,0.0,0.0,0.0,0.0,0.0,100.0,UNKNOWN,1,0.0,0.0,0.0,0.0,0.0,0.0,100.0,UNKNOWN,1,0.0,0.0,0.0,0.0,0.0,0.0,100.0,UNKNOWN,1,0.0,0.0,0.0,0.0,0.0,0.0,100.0,UNKNOWN,1,9.685040473937988,IDLE,0.0
1779449584.2894459,0.0,0.0,1.0,0.0,0.0,0.0,100.0,DISARMED,1,0.0,0.0,0.0,0.0,0.0,0.0,100.0,UNKNOWN,1,0.0,0.0,0.0,0.0,0.0,0.0,100.0,UNKNOWN,1,0.0,0.0,0.0,0.0,0.0,0.0,100.0,UNKNOWN,1,0.0,0.0,0.0,0.0,0.0,0.0,100.0,UNKNOWN,1,9.685040473937988,IDLE,0.0
1779449584.380772,0.0,0.0,1.0,0.0,0.0,0.0,100.0,DISARMED,1,0.0,0.0,0.0,0.0,0.0,0.0,100.0,UNKNOWN,1,0.0,0.0,0.0,0.0,0.0,0.0,100.0,UNKNOWN,1,0.0,0.0,0.0,0.0,0.0,0.0,100.0,UNKNOWN,1,0.0,0.0,0.0,0.0,0.0,0.0,100.0,UNKNOWN,1,9.685040473937988,IDLE,0.0
1779449584.6865895,0.0,0.0,1.0,0.0,0.0,0.0,100.0,DISARMED,1,0.0,0.0,0.0,0.0,0.0,0.0,100.0,UNKNOWN,1,0.0,0.0,0.0,0.0,0.0,0.0,100.0,UNKNOWN,1,0.0,0.0,0.0,0.0,0.0,0.0,100.0,UNKNOWN,1,0.0,0.0,0.0,0.0,0.0,0.0,100.0,UNKNOWN,1,9.685040473937988,IDLE,0.0
1779449584.778128,0.0,0.0,1.0,0.0,0.0,0.0,100.0,DISARMED,1,0.0,0.0,0.0,0.0,0.0,0.0,100.0,UNKNOWN,1,0.0,0.0,0.0,0.0,0.0,0.0,100.0,UNKNOWN,1,0.0,0.0,0.0,0.0,0.0,0.0,100.0,UNKNOWN,1,0.0,0.0,0.0,0.0,0.0,0.0,100.0,UNKNOWN,1,9.685040473937988,IDLE,0.0
1779449584.8659098,0.0,0.0,1.0,0.0,0.0,0.0,100.0,DISARMED,1,0.0,0.0,0.0,0.0,0.0,0.0,100.0,UNKNOWN,1,0.0,0.0,0.0,0.0,0.0,0.0,100.0,UNKNOWN,1,0.0,0.0,0.0,0.0,0.0,0.0,100.0,UNKNOWN,1,0.0,0.0,0.0,0.0,0.0,0.0,100.0,UNKNOWN,1,9.685040473937988,IDLE,0.0
1779449585.0020053,0.0,0.0,1.0,0.0,0.0,0.0,100.0,DISARMED,1,0.0,0.0,0.0,0.0,0.0,0.0,100.0,UNKNOWN,1,0.0,0.0,0.0,0.0,0.0,0.0,100.0,UNKNOWN,1,0.0,0.0,0.0,0.0,0.0,0.0,100.0,UNKNOWN,1,0.0,0.0,0.0,0.0,0.0,0.0,100.0,UNKNOWN,1,9.685040473937988,IDLE,0.0
1779449585.1425605,0.0,0.0,1.0,0.0,0.0,0.0,100.0,DISARMED,1,0.0,0.0,0.0,0.0,0.0,0.0,100.0,UNKNOWN,1,0.0,0.0,0.0,0.0,0.0,0.0,100.0,UNKNOWN,1,0.0,0.0,0.0,0.0,0.0,0.0,100.0,UNKNOWN,1,0.0,0.0,0.0,0.0,0.0,0.0,100.0,UNKNOWN,1,9.685040473937988,IDLE,0.0
1779449585.2233813,0.0,0.0,1.0,0.0,0.0,0.0,100.0,DISARMED,1,0.0,0.0,0.0,0.0,0.0,0.0,100.0,UNKNOWN,1,0.0,0.0,0.0,0.0,0.0,0.0,100.0,UNKNOWN,1,0.0,0.0,0.0,0.0,0.0,0.0,100.0,UNKNOWN,1,0.0,0.0,0.0,0.0,0.0,0.0,100.0,UNKNOWN,1,9.685040473937988,IDLE,0.0
1779449585.3262284,0.0,0.0,1.0,0.0,0.0,0.0,100.0,DISARMED,1,0.0,0.0,0.0,0.0,0.0,0.0,100.0,UNKNOWN,1,0.0,0.0,0.0,0.0,0.0,0.0,100.0,UNKNOWN,1,0.0,0.0,0.0,0.0,0.0,0.0,100.0,UNKNOWN,1,0.0,0.0,0.0,0.0,0.0,0.0,100.0,UNKNOWN,1,9.685040473937988,IDLE,0.0
1779449585.4107566,0.0,0.0,1.0,0.0,0.0,0.0,100.0,DISARMED,1,0.0,0.0,0.0,0.0,0.0,0.0,100.0,UNKNOWN,1,0.0,0.0,0.0,0.0,0.0,0.0,100.0,UNKNOWN,1,0.0,0.0,0.0,0.0,0.0,0.0,100.0,UNKNOWN,1,0.0,0.0,0.0,0.0,0.0,0.0,100.0,UNKNOWN,1,9.685040473937988,IDLE,0.0
1779449585.6666172,0.0,0.0,1.0,0.0,0.0,0.0,100.0,DISARMED,1,0.0,0.0,0.0,0.0,0.0,0.0,100.0,UNKNOWN,1,0.0,0.0,0.0,0.0,0.0,0.0,100.0,UNKNOWN,1,0.0,0.0,0.0,0.0,0.0,0.0,100.0,UNKNOWN,1,0.0,0.0,0.0,0.0,0.0,0.0,100.0,UNKNOWN,1,9.685040473937988,IDLE,0.0
1779449585.7694054,0.0,0.0,1.0,0.0,0.0,0.0,100.0,DISARMED,1,0.0,0.0,0.0,0.0,0.0,0.0,100.0,UNKNOWN,1,0.0,0.0,0.0,0.0,0.0,0.0,100.0,UNKNOWN,1,0.0,0.0,0.0,0.0,0.0,0.0,100.0,UNKNOWN,1,0.0,0.0,0.0,0.0,0.0,0.0,100.0,UNKNOWN,1,9.685040473937988,IDLE,0.0
1779449585.989584,0.0,0.0,1.0,0.0,0.0,0.0,100.0,DISARMED,1,0.0,0.0,0.0,0.0,0.0,0.0,100.0,UNKNOWN,1,0.0,0.0,0.0,0.0,0.0,0.0,100.0,UNKNOWN,1,0.0,0.0,0.0,0.0,0.0,0.0,100.0,UNKNOWN,1,0.0,0.0,0.0,0.0,0.0,0.0,100.0,UNKNOWN,1,9.685040473937988,IDLE,0.0
1779449586.2829552,0.0,0.0,1.0,0.0,0.0,0.0,100.0,DISARMED,1,0.0,0.0,0.0,0.0,0.0,0.0,100.0,UNKNOWN,1,0.0,0.0,0.0,0.0,0.0,0.0,100.0,UNKNOWN,1,0.0,0.0,0.0,0.0,0.0,0.0,100.0,UNKNOWN,1,0.0,0.0,0.0,0.0,0.0,0.0,100.0,UNKNOWN,1,9.685040473937988,IDLE,0.0
1779449586.3860538,0.0,0.0,1.0,0.0,0.0,0.0,100.0,DISARMED,1,0.0,0.0,0.0,0.0,0.0,0.0,100.0,UNKNOWN,1,0.0,0.0,0.0,0.0,0.0,0.0,100.0,UNKNOWN,1,0.0,0.0,0.0,0.0,0.0,0.0,100.0,UNKNOWN,1,0.0,0.0,0.0,0.0,0.0,0.0,100.0,UNKNOWN,1,9.685040473937988,IDLE,0.0
1779449586.669726,0.0,0.0,1.0,0.0,0.0,0.0,100.0,DISARMED,1,0.0,0.0,0.0,0.0,0.0,0.0,100.0,UNKNOWN,1,0.0,0.0,0.0,0.0,0.0,0.0,100.0,UNKNOWN,1,0.0,0.0,0.0,0.0,0.0,0.0,100.0,UNKNOWN,1,0.0,0.0,0.0,0.0,0.0,0.0,100.0,UNKNOWN,1,9.685040473937988,IDLE,0.0
1779449586.8046436,0.0,0.0,1.0,0.0,0.0,0.0,100.0,DISARMED,1,0.0,0.0,0.0,0.0,0.0,0.0,100.0,UNKNOWN,1,0.0,0.0,0.0,0.0,0.0,0.0,100.0,UNKNOWN,1,0.0,0.0,0.0,0.0,0.0,0.0,100.0,UNKNOWN,1,0.0,0.0,0.0,0.0,0.0,0.0,100.0,UNKNOWN,1,9.685040473937988,IDLE,0.0
1779449586.8621142,0.0,0.0,1.0,0.0,0.0,0.0,100.0,DISARMED,1,0.0,0.0,0.0,0.0,0.0,0.0,100.0,UNKNOWN,1,0.0,0.0,0.0,0.0,0.0,0.0,100.0,UNKNOWN,1,0.0,0.0,0.0,0.0,0.0,0.0,100.0,UNKNOWN,1,0.0,0.0,0.0,0.0,0.0,0.0,100.0,UNKNOWN,1,9.685040473937988,IDLE,0.0
1779449587.0130992,0.0,0.0,1.0,0.0,0.0,0.0,100.0,DISARMED,1,0.0,0.0,0.0,0.0,0.0,0.0,100.0,UNKNOWN,1,0.0,0.0,0.0,0.0,0.0,0.0,100.0,UNKNOWN,1,0.0,0.0,0.0,0.0,0.0,0.0,100.0,UNKNOWN,1,0.0,0.0,0.0,0.0,0.0,0.0,100.0,UNKNOWN,1,9.685040473937988,IDLE,0.0
1779449587.0634992,0.0,0.0,1.0,0.0,0.0,0.0,100.0,DISARMED,1,0.0,0.0,0.0,0.0,0.0,0.0,100.0,UNKNOWN,1,0.0,0.0,0.0,0.0,0.0,0.0,100.0,UNKNOWN,1,0.0,0.0,0.0,0.0,0.0,0.0,100.0,UNKNOWN,1,0.0,0.0,0.0,0.0,0.0,0.0,100.0,UNKNOWN,1,9.685040473937988,IDLE,0.0
1779449587.1740162,0.0,0.0,1.0,0.0,0.0,0.0,100.0,DISARMED,1,0.0,0.0,0.0,0.0,0.0,0.0,100.0,UNKNOWN,1,0.0,0.0,0.0,0.0,0.0,0.0,100.0,UNKNOWN,1,0.0,0.0,0.0,0.0,0.0,0.0,100.0,UNKNOWN,1,0.0,0.0,0.0,0.0,0.0,0.0,100.0,UNKNOWN,1,9.685040473937988,IDLE,0.0
1779449587.3234692,0.0,0.0,1.0,0.0,0.0,0.0,100.0,DISARMED,1,0.0,0.0,0.0,0.0,0.0,0.0,100.0,UNKNOWN,1,0.0,0.0,0.0,0.0,0.0,0.0,100.0,UNKNOWN,1,0.0,0.0,0.0,0.0,0.0,0.0,100.0,UNKNOWN,1,0.0,0.0,0.0,0.0,0.0,0.0,100.0,UNKNOWN,1,9.685040473937988,IDLE,0.0
1779449587.3623843,0.0,0.0,1.0,0.0,0.0,0.0,100.0,DISARMED,1,0.0,0.0,0.0,0.0,0.0,0.0,100.0,UNKNOWN,1,0.0,0.0,0.0,0.0,0.0,0.0,100.0,UNKNOWN,1,0.0,0.0,0.0,0.0,0.0,0.0,100.0,UNKNOWN,1,0.0,0.0,0.0,0.0,0.0,0.0,100.0,UNKNOWN,1,9.685040473937988,IDLE,0.0
1779449587.7000587,0.0,0.0,1.0,0.0,0.0,0.0,100.0,DISARMED,1,0.0,0.0,0.0,0.0,0.0,0.0,100.0,UNKNOWN,1,0.0,0.0,0.0,0.0,0.0,0.0,100.0,UNKNOWN,1,0.0,0.0,0.0,0.0,0.0,0.0,100.0,UNKNOWN,1,0.0,0.0,0.0,0.0,0.0,0.0,100.0,UNKNOWN,1,9.685040473937988,IDLE,0.0
1779449587.9018755,0.0,0.0,1.0,0.0,0.0,0.0,100.0,DISARMED,1,0.0,0.0,0.0,0.0,0.0,0.0,100.0,UNKNOWN,1,0.0,0.0,0.0,0.0,0.0,0.0,100.0,UNKNOWN,1,0.0,0.0,0.0,0.0,0.0,0.0,100.0,UNKNOWN,1,0.0,0.0,0.0,0.0,0.0,0.0,100.0,UNKNOWN,1,9.685040473937988,IDLE,0.0
1779449587.9991052,0.0,0.0,1.0,0.0,0.0,0.0,100.0,DISARMED,1,0.0,0.0,0.0,0.0,0.0,0.0,100.0,UNKNOWN,1,0.0,0.0,0.0,0.0,0.0,0.0,100.0,UNKNOWN,1,0.0,0.0,0.0,0.0,0.0,0.0,100.0,UNKNOWN,1,0.0,0.0,0.0,0.0,0.0,0.0,100.0,UNKNOWN,1,9.685040473937988,IDLE,0.0
1779449588.1546988,0.0,0.0,1.0,0.0,0.0,0.0,100.0,DISARMED,1,0.0,0.0,0.0,0.0,0.0,0.0,100.0,UNKNOWN,1,0.0,0.0,0.0,0.0,0.0,0.0,100.0,UNKNOWN,1,0.0,0.0,0.0,0.0,0.0,0.0,100.0,UNKNOWN,1,0.0,0.0,0.0,0.0,0.0,0.0,100.0,UNKNOWN,1,9.685040473937988,IDLE,0.0
1779449588.1933222,0.0,0.0,1.0,0.0,0.0,0.0,100.0,DISARMED,1,0.0,0.0,0.0,0.0,0.0,0.0,100.0,UNKNOWN,1,0.0,0.0,0.0,0.0,0.0,0.0,100.0,UNKNOWN,1,0.0,0.0,0.0,0.0,0.0,0.0,100.0,UNKNOWN,1,0.0,0.0,0.0,0.0,0.0,0.0,100.0,UNKNOWN,1,9.685040473937988,IDLE,0.0
1779449588.2775888,0.0,0.0,1.0,0.0,0.0,0.0,100.0,DISARMED,1,0.0,0.0,0.0,0.0,0.0,0.0,100.0,UNKNOWN,1,0.0,0.0,0.0,0.0,0.0,0.0,100.0,UNKNOWN,1,0.0,0.0,0.0,0.0,0.0,0.0,100.0,UNKNOWN,1,0.0,0.0,0.0,0.0,0.0,0.0,100.0,UNKNOWN,1,9.685040473937988,IDLE,0.0
1779449588.3740895,0.0,0.0,1.0,0.0,0.0,0.0,100.0,DISARMED,1,0.0,0.0,0.0,0.0,0.0,0.0,100.0,UNKNOWN,1,0.0,0.0,0.0,0.0,0.0,0.0,100.0,UNKNOWN,1,0.0,0.0,0.0,0.0,0.0,0.0,100.0,UNKNOWN,1,0.0,0.0,0.0,0.0,0.0,0.0,100.0,UNKNOWN,1,9.685040473937988,IDLE,0.0
1779449588.67861,0.0,0.0,1.0,0.0,0.0,0.0,100.0,DISARMED,1,0.0,0.0,0.0,0.0,0.0,0.0,100.0,UNKNOWN,1,0.0,0.0,0.0,0.0,0.0,0.0,100.0,UNKNOWN,1,0.0,0.0,0.0,0.0,0.0,0.0,100.0,UNKNOWN,1,0.0,0.0,0.0,0.0,0.0,0.0,100.0,UNKNOWN,1,9.685040473937988,IDLE,0.0
1779449588.781269,0.0,0.0,1.0,0.0,0.0,0.0,100.0,DISARMED,1,0.0,0.0,0.0,0.0,0.0,0.0,100.0,UNKNOWN,1,0.0,0.0,0.0,0.0,0.0,0.0,100.0,UNKNOWN,1,0.0,0.0,0.0,0.0,0.0,0.0,100.0,UNKNOWN,1,0.0,0.0,0.0,0.0,0.0,0.0,100.0,UNKNOWN,1,9.685040473937988,IDLE,0.0
1779449588.8682444,0.0,0.0,1.0,0.0,0.0,0.0,100.0,DISARMED,1,0.0,0.0,0.0,0.0,0.0,0.0,100.0,UNKNOWN,1,0.0,0.0,0.0,0.0,0.0,0.0,100.0,UNKNOWN,1,0.0,0.0,0.0,0.0,0.0,0.0,100.0,UNKNOWN,1,0.0,0.0,0.0,0.0,0.0,0.0,100.0,UNKNOWN,1,9.685040473937988,IDLE,0.0
1779449588.976801,0.0,0.0,1.0,0.0,0.0,0.0,100.0,DISARMED,1,0.0,0.0,0.0,0.0,0.0,0.0,100.0,UNKNOWN,1,0.0,0.0,0.0,0.0,0.0,0.0,100.0,UNKNOWN,1,0.0,0.0,0.0,0.0,0.0,0.0,100.0,UNKNOWN,1,0.0,0.0,0.0,0.0,0.0,0.0,100.0,UNKNOWN,1,9.685040473937988,IDLE,0.0
1779449589.145751,0.0,0.0,1.0,0.0,0.0,0.0,100.0,DISARMED,1,0.0,0.0,0.0,0.0,0.0,0.0,100.0,UNKNOWN,1,0.0,0.0,0.0,0.0,0.0,0.0,100.0,UNKNOWN,1,0.0,0.0,0.0,0.0,0.0,0.0,100.0,UNKNOWN,1,0.0,0.0,0.0,0.0,0.0,0.0,100.0,UNKNOWN,1,9.685040473937988,IDLE,0.0
1779449589.1725178,0.0,0.0,1.0,0.0,0.0,0.0,100.0,DISARMED,1,0.0,0.0,0.0,0.0,0.0,0.0,100.0,UNKNOWN,1,0.0,0.0,0.0,0.0,0.0,0.0,100.0,UNKNOWN,1,0.0,0.0,0.0,0.0,0.0,0.0,100.0,UNKNOWN,1,0.0,0.0,0.0,0.0,0.0,0.0,100.0,UNKNOWN,1,9.685040473937988,IDLE,0.0
1779449589.4431882,0.0,0.0,1.0,0.0,0.0,0.0,100.0,DISARMED,1,0.0,0.0,0.0,0.0,0.0,0.0,100.0,UNKNOWN,1,0.0,0.0,0.0,0.0,0.0,0.0,100.0,UNKNOWN,1,0.0,0.0,0.0,0.0,0.0,0.0,100.0,UNKNOWN,1,0.0,0.0,0.0,0.0,0.0,0.0,100.0,UNKNOWN,1,9.685040473937988,IDLE,0.0
1779449589.6275759,0.0,0.0,1.0,0.0,0.0,0.0,100.0,DISARMED,1,0.0,0.0,0.0,0.0,0.0,0.0,100.0,UNKNOWN,1,0.0,0.0,0.0,0.0,0.0,0.0,100.0,UNKNOWN,1,0.0,0.0,0.0,0.0,0.0,0.0,100.0,UNKNOWN,1,0.0,0.0,0.0,0.0,0.0,0.0,100.0,UNKNOWN,1,9.685040473937988,IDLE,0.0
1779449589.7313778,0.0,0.0,1.0,0.0,0.0,0.0,100.0,DISARMED,1,0.0,0.0,0.0,0.0,0.0,0.0,100.0,UNKNOWN,1,0.0,0.0,0.0,0.0,0.0,0.0,100.0,UNKNOWN,1,0.0,0.0,0.0,0.0,0.0,0.0,100.0,UNKNOWN,1,0.0,0.0,0.0,0.0,0.0,0.0,100.0,UNKNOWN,1,9.685040473937988,IDLE,0.0
1779449589.846132,0.0,0.0,1.0,0.0,0.0,0.0,100.0,DISARMED,1,0.0,0.0,0.0,0.0,0.0,0.0,100.0,UNKNOWN,1,0.0,0.0,0.0,0.0,0.0,0.0,100.0,UNKNOWN,1,0.0,0.0,0.0,0.0,0.0,0.0,100.0,UNKNOWN,1,0.0,0.0,0.0,0.0,0.0,0.0,100.0,UNKNOWN,1,9.685040473937988,IDLE,0.0
1779449589.9186826,0.0,0.0,1.0,0.0,0.0,0.0,100.0,DISARMED,1,0.0,0.0,0.0,0.0,0.0,0.0,100.0,UNKNOWN,1,0.0,0.0,0.0,0.0,0.0,0.0,100.0,UNKNOWN,1,0.0,0.0,0.0,0.0,0.0,0.0,100.0,UNKNOWN,1,0.0,0.0,0.0,0.0,0.0,0.0,100.0,UNKNOWN,1,9.685040473937988,IDLE,0.0
1779449589.9868038,0.0,0.0,1.0,0.0,0.0,0.0,100.0,DISARMED,1,0.0,0.0,0.0,0.0,0.0,0.0,100.0,UNKNOWN,1,0.0,0.0,0.0,0.0,0.0,0.0,100.0,UNKNOWN,1,0.0,0.0,0.0,0.0,0.0,0.0,100.0,UNKNOWN,1,0.0,0.0,0.0,0.0,0.0,0.0,100.0,UNKNOWN,1,9.685040473937988,IDLE,0.0
1779449590.086649,0.0,0.0,1.0,0.0,0.0,0.0,100.0,DISARMED,1,0.0,0.0,0.0,0.0,0.0,0.0,100.0,UNKNOWN,1,0.0,0.0,0.0,0.0,0.0,0.0,100.0,UNKNOWN,1,0.0,0.0,0.0,0.0,0.0,0.0,100.0,UNKNOWN,1,0.0,0.0,0.0,0.0,0.0,0.0,100.0,UNKNOWN,1,9.685040473937988,IDLE,0.0
1779449590.191818,0.0,0.0,1.0,0.0,0.0,0.0,100.0,DISARMED,1,0.0,0.0,0.0,0.0,0.0,0.0,100.0,UNKNOWN,1,0.0,0.0,0.0,0.0,0.0,0.0,100.0,UNKNOWN,1,0.0,0.0,0.0,0.0,0.0,0.0,100.0,UNKNOWN,1,0.0,0.0,0.0,0.0,0.0,0.0,100.0,UNKNOWN,1,9.685040473937988,IDLE,0.0
1779449590.288931,0.0,0.0,1.0,0.0,0.0,0.0,100.0,DISARMED,1,0.0,0.0,0.0,0.0,0.0,0.0,100.0,UNKNOWN,1,0.0,0.0,0.0,0.0,0.0,0.0,100.0,UNKNOWN,1,0.0,0.0,0.0,0.0,0.0,0.0,100.0,UNKNOWN,1,0.0,0.0,0.0,0.0,0.0,0.0,100.0,UNKNOWN,1,9.685040473937988,IDLE,0.0
1779449590.4173443,0.0,0.0,1.0,0.0,0.0,0.0,100.0,DISARMED,1,0.0,0.0,0.0,0.0,0.0,0.0,100.0,UNKNOWN,1,0.0,0.0,0.0,0.0,0.0,0.0,100.0,UNKNOWN,1,0.0,0.0,0.0,0.0,0.0,0.0,100.0,UNKNOWN,1,0.0,0.0,0.0,0.0,0.0,0.0,100.0,UNKNOWN,1,9.685040473937988,IDLE,0.0
1779449590.7109995,0.0,0.0,1.0,0.0,0.0,0.0,100.0,DISARMED,1,0.0,0.0,0.0,0.0,0.0,0.0,100.0,UNKNOWN,1,0.0,0.0,0.0,0.0,0.0,0.0,100.0,UNKNOWN,1,0.0,0.0,0.0,0.0,0.0,0.0,100.0,UNKNOWN,1,0.0,0.0,0.0,0.0,0.0,0.0,100.0,UNKNOWN,1,9.685040473937988,IDLE,0.0
1779449590.9665763,0.0,0.0,1.0,0.0,0.0,0.0,100.0,DISARMED,1,0.0,0.0,0.0,0.0,0.0,0.0,100.0,UNKNOWN,1,0.0,0.0,0.0,0.0,0.0,0.0,100.0,UNKNOWN,1,0.0,0.0,0.0,0.0,0.0,0.0,100.0,UNKNOWN,1,0.0,0.0,0.0,0.0,0.0,0.0,100.0,UNKNOWN,1,9.685040473937988,IDLE,0.0
1779449591.0668976,0.0,0.0,1.0,0.0,0.0,0.0,100.0,DISARMED,1,0.0,0.0,0.0,0.0,0.0,0.0,100.0,UNKNOWN,1,0.0,0.0,0.0,0.0,0.0,0.0,100.0,UNKNOWN,1,0.0,0.0,0.0,0.0,0.0,0.0,100.0,UNKNOWN,1,0.0,0.0,0.0,0.0,0.0,0.0,100.0,UNKNOWN,1,9.685040473937988,IDLE,0.0
1779449591.194824,0.0,0.0,1.0,0.0,0.0,0.0,100.0,DISARMED,1,0.0,0.0,0.0,0.0,0.0,0.0,100.0,UNKNOWN,1,0.0,0.0,0.0,0.0,0.0,0.0,100.0,UNKNOWN,1,0.0,0.0,0.0,0.0,0.0,0.0,100.0,UNKNOWN,1,0.0,0.0,0.0,0.0,0.0,0.0,100.0,UNKNOWN,1,9.685040473937988,IDLE,0.0
1779449591.2645373,0.0,0.0,1.0,0.0,0.0,0.0,100.0,DISARMED,1,0.0,0.0,0.0,0.0,0.0,0.0,100.0,UNKNOWN,1,0.0,0.0,0.0,0.0,0.0,0.0,100.0,UNKNOWN,1,0.0,0.0,0.0,0.0,0.0,0.0,100.0,UNKNOWN,1,0.0,0.0,0.0,0.0,0.0,0.0,100.0,UNKNOWN,1,9.685040473937988,IDLE,0.0
1779449591.37202,0.0,0.0,1.0,0.0,0.0,0.0,100.0,DISARMED,1,0.0,0.0,0.0,0.0,0.0,0.0,100.0,UNKNOWN,1,0.0,0.0,0.0,0.0,0.0,0.0,100.0,UNKNOWN,1,0.0,0.0,0.0,0.0,0.0,0.0,100.0,UNKNOWN,1,0.0,0.0,0.0,0.0,0.0,0.0,100.0,UNKNOWN,1,9.685040473937988,IDLE,0.0
1779449591.6141565,0.0,0.0,1.0,0.0,0.0,0.0,100.0,DISARMED,1,0.0,0.0,0.0,0.0,0.0,0.0,100.0,UNKNOWN,1,0.0,0.0,0.0,0.0,0.0,0.0,100.0,UNKNOWN,1,0.0,0.0,0.0,0.0,0.0,0.0,100.0,UNKNOWN,1,0.0,0.0,0.0,0.0,0.0,0.0,100.0,UNKNOWN,1,9.685040473937988,IDLE,0.0
1779449591.6940517,0.0,0.0,1.0,0.0,0.0,0.0,100.0,DISARMED,1,0.0,0.0,0.0,0.0,0.0,0.0,100.0,UNKNOWN,1,0.0,0.0,0.0,0.0,0.0,0.0,100.0,UNKNOWN,1,0.0,0.0,0.0,0.0,0.0,0.0,100.0,UNKNOWN,1,0.0,0.0,0.0,0.0,0.0,0.0,100.0,UNKNOWN,1,9.685040473937988,IDLE,0.0
1779449591.7698853,0.0,0.0,1.0,0.0,0.0,0.0,100.0,DISARMED,1,0.0,0.0,0.0,0.0,0.0,0.0,100.0,UNKNOWN,1,0.0,0.0,0.0,0.0,0.0,0.0,100.0,UNKNOWN,1,0.0,0.0,0.0,0.0,0.0,0.0,100.0,UNKNOWN,1,0.0,0.0,0.0,0.0,0.0,0.0,100.0,UNKNOWN,1,9.685040473937988,IDLE,0.0
1779449591.9042473,0.0,0.0,1.0,0.0,0.0,0.0,100.0,DISARMED,1,0.0,0.0,0.0,0.0,0.0,0.0,100.0,UNKNOWN,1,0.0,0.0,0.0,0.0,0.0,0.0,100.0,UNKNOWN,1,0.0,0.0,0.0,0.0,0.0,0.0,100.0,UNKNOWN,1,0.0,0.0,0.0,0.0,0.0,0.0,100.0,UNKNOWN,1,9.685040473937988,IDLE,0.0
1779449591.9954412,0.0,0.0,1.0,0.0,0.0,0.0,100.0,DISARMED,1,0.0,0.0,0.0,0.0,0.0,0.0,100.0,UNKNOWN,1,0.0,0.0,0.0,0.0,0.0,0.0,100.0,UNKNOWN,1,0.0,0.0,0.0,0.0,0.0,0.0,100.0,UNKNOWN,1,0.0,0.0,0.0,0.0,0.0,0.0,100.0,UNKNOWN,1,9.685040473937988,IDLE,0.0
1779449592.2416422,0.0,0.0,1.0,0.0,0.0,0.0,100.0,DISARMED,1,0.0,0.0,0.0,0.0,0.0,0.0,100.0,UNKNOWN,1,0.0,0.0,0.0,0.0,0.0,0.0,100.0,UNKNOWN,1,0.0,0.0,0.0,0.0,0.0,0.0,100.0,UNKNOWN,1,0.0,0.0,0.0,0.0,0.0,0.0,100.0,UNKNOWN,1,9.685040473937988,IDLE,0.0
1779449592.2645762,0.0,0.0,1.0,0.0,0.0,0.0,100.0,DISARMED,1,0.0,0.0,0.0,0.0,0.0,0.0,100.0,UNKNOWN,1,0.0,0.0,0.0,0.0,0.0,0.0,100.0,UNKNOWN,1,0.0,0.0,0.0,0.0,0.0,0.0,100.0,UNKNOWN,1,0.0,0.0,0.0,0.0,0.0,0.0,100.0,UNKNOWN,1,9.685040473937988,IDLE,0.0
1779449592.3639421,0.0,0.0,1.0,0.0,0.0,0.0,100.0,DISARMED,1,0.0,0.0,0.0,0.0,0.0,0.0,100.0,UNKNOWN,1,0.0,0.0,0.0,0.0,0.0,0.0,100.0,UNKNOWN,1,0.0,0.0,0.0,0.0,0.0,0.0,100.0,UNKNOWN,1,0.0,0.0,0.0,0.0,0.0,0.0,100.0,UNKNOWN,1,9.685040473937988,IDLE,0.0
1779449592.6770048,0.0,0.0,1.0,0.0,0.0,0.0,100.0,DISARMED,1,0.0,0.0,0.0,0.0,0.0,0.0,100.0,UNKNOWN,1,0.0,0.0,0.0,0.0,0.0,0.0,100.0,UNKNOWN,1,0.0,0.0,0.0,0.0,0.0,0.0,100.0,UNKNOWN,1,0.0,0.0,0.0,0.0,0.0,0.0,100.0,UNKNOWN,1,9.685040473937988,IDLE,0.0
1779449592.765182,0.0,0.0,1.0,0.0,0.0,0.0,100.0,DISARMED,1,0.0,0.0,0.0,0.0,0.0,0.0,100.0,UNKNOWN,1,0.0,0.0,0.0,0.0,0.0,0.0,100.0,UNKNOWN,1,0.0,0.0,0.0,0.0,0.0,0.0,100.0,UNKNOWN,1,0.0,0.0,0.0,0.0,0.0,0.0,100.0,UNKNOWN,1,9.685040473937988,IDLE,0.0
1779449592.8635092,0.0,0.0,1.0,0.0,0.0,0.0,100.0,DISARMED,1,0.0,0.0,0.0,0.0,0.0,0.0,100.0,UNKNOWN,1,0.0,0.0,0.0,0.0,0.0,0.0,100.0,UNKNOWN,1,0.0,0.0,0.0,0.0,0.0,0.0,100.0,UNKNOWN,1,0.0,0.0,0.0,0.0,0.0,0.0,100.0,UNKNOWN,1,9.685040473937988,IDLE,0.0
1779449592.9856358,0.0,0.0,1.0,0.0,0.0,0.0,100.0,DISARMED,1,0.0,0.0,0.0,0.0,0.0,0.0,100.0,UNKNOWN,1,0.0,0.0,0.0,0.0,0.0,0.0,100.0,UNKNOWN,1,0.0,0.0,0.0,0.0,0.0,0.0,100.0,UNKNOWN,1,0.0,0.0,0.0,0.0,0.0,0.0,100.0,UNKNOWN,1,9.685040473937988,IDLE,0.0
1779449593.097684,0.0,0.0,1.0,0.0,0.0,0.0,100.0,DISARMED,1,0.0,0.0,0.0,0.0,0.0,0.0,100.0,UNKNOWN,1,0.0,0.0,0.0,0.0,0.0,0.0,100.0,UNKNOWN,1,0.0,0.0,0.0,0.0,0.0,0.0,100.0,UNKNOWN,1,0.0,0.0,0.0,0.0,0.0,0.0,100.0,UNKNOWN,1,9.685040473937988,IDLE,0.0
1779449593.1611812,0.0,0.0,1.0,0.0,0.0,0.0,100.0,DISARMED,1,0.0,0.0,0.0,0.0,0.0,0.0,100.0,UNKNOWN,1,0.0,0.0,0.0,0.0,0.0,0.0,100.0,UNKNOWN,1,0.0,0.0,0.0,0.0,0.0,0.0,100.0,UNKNOWN,1,0.0,0.0,0.0,0.0,0.0,0.0,100.0,UNKNOWN,1,9.685040473937988,IDLE,0.0
1779449593.366181,0.0,0.0,1.0,0.0,0.0,0.0,100.0,DISARMED,1,0.0,0.0,0.0,0.0,0.0,0.0,100.0,UNKNOWN,1,0.0,0.0,0.0,0.0,0.0,0.0,100.0,UNKNOWN,1,0.0,0.0,0.0,0.0,0.0,0.0,100.0,UNKNOWN,1,0.0,0.0,0.0,0.0,0.0,0.0,100.0,UNKNOWN,1,9.685040473937988,IDLE,0.0
1779449593.4115522,0.0,0.0,1.0,0.0,0.0,0.0,100.0,DISARMED,1,0.0,0.0,0.0,0.0,0.0,0.0,100.0,UNKNOWN,1,0.0,0.0,0.0,0.0,0.0,0.0,100.0,UNKNOWN,1,0.0,0.0,0.0,0.0,0.0,0.0,100.0,UNKNOWN,1,0.0,0.0,0.0,0.0,0.0,0.0,100.0,UNKNOWN,1,9.685040473937988,IDLE,0.0
1779449593.816518,0.0,0.0,1.0,0.0,0.0,0.0,100.0,DISARMED,1,0.0,0.0,0.0,0.0,0.0,0.0,100.0,UNKNOWN,1,0.0,0.0,0.0,0.0,0.0,0.0,100.0,UNKNOWN,1,0.0,0.0,0.0,0.0,0.0,0.0,100.0,UNKNOWN,1,0.0,0.0,0.0,0.0,0.0,0.0,100.0,UNKNOWN,1,9.685040473937988,IDLE,0.0
1779449593.873093,0.0,0.0,1.0,0.0,0.0,0.0,100.0,DISARMED,1,0.0,0.0,0.0,0.0,0.0,0.0,100.0,UNKNOWN,1,0.0,0.0,0.0,0.0,0.0,0.0,100.0,UNKNOWN,1,0.0,0.0,0.0,0.0,0.0,0.0,100.0,UNKNOWN,1,0.0,0.0,0.0,0.0,0.0,0.0,100.0,UNKNOWN,1,9.685040473937988,IDLE,0.0
1779449593.9965262,0.0,0.0,1.0,0.0,0.0,0.0,100.0,DISARMED,1,0.0,0.0,0.0,0.0,0.0,0.0,100.0,UNKNOWN,1,0.0,0.0,0.0,0.0,0.0,0.0,100.0,UNKNOWN,1,0.0,0.0,0.0,0.0,0.0,0.0,100.0,UNKNOWN,1,0.0,0.0,0.0,0.0,0.0,0.0,100.0,UNKNOWN,1,9.685040473937988,IDLE,0.0
1779449594.0853865,0.0,0.0,1.0,0.0,0.0,0.0,100.0,DISARMED,1,0.0,0.0,0.0,0.0,0.0,0.0,100.0,UNKNOWN,1,0.0,0.0,0.0,0.0,0.0,0.0,100.0,UNKNOWN,1,0.0,0.0,0.0,0.0,0.0,0.0,100.0,UNKNOWN,1,0.0,0.0,0.0,0.0,0.0,0.0,100.0,UNKNOWN,1,9.685040473937988,IDLE,0.0
1779449594.1934254,0.0,0.0,1.0,0.0,0.0,0.0,100.0,DISARMED,1,0.0,0.0,0.0,0.0,0.0,0.0,100.0,UNKNOWN,1,0.0,0.0,0.0,0.0,0.0,0.0,100.0,UNKNOWN,1,0.0,0.0,0.0,0.0,0.0,0.0,100.0,UNKNOWN,1,0.0,0.0,0.0,0.0,0.0,0.0,100.0,UNKNOWN,1,9.685040473937988,IDLE,0.0
1779449594.3085105,0.0,0.0,1.0,0.0,0.0,0.0,100.0,DISARMED,1,0.0,0.0,0.0,0.0,0.0,0.0,100.0,UNKNOWN,1,0.0,0.0,0.0,0.0,0.0,0.0,100.0,UNKNOWN,1,0.0,0.0,0.0,0.0,0.0,0.0,100.0,UNKNOWN,1,0.0,0.0,0.0,0.0,0.0,0.0,100.0,UNKNOWN,1,9.685040473937988,IDLE,0.0
1779449594.3967974,0.0,0.0,1.0,0.0,0.0,0.0,100.0,DISARMED,1,0.0,0.0,0.0,0.0,0.0,0.0,100.0,UNKNOWN,1,0.0,0.0,0.0,0.0,0.0,0.0,100.0,UNKNOWN,1,0.0,0.0,0.0,0.0,0.0,0.0,100.0,UNKNOWN,1,0.0,0.0,0.0,0.0,0.0,0.0,100.0,UNKNOWN,1,9.685040473937988,IDLE,0.0
1779449594.857356,0.0,0.0,1.0,0.0,0.0,0.0,100.0,DISARMED,1,0.0,0.0,0.0,0.0,0.0,0.0,100.0,UNKNOWN,1,0.0,0.0,0.0,0.0,0.0,0.0,100.0,UNKNOWN,1,0.0,0.0,0.0,0.0,0.0,0.0,100.0,UNKNOWN,1,0.0,0.0,0.0,0.0,0.0,0.0,100.0,UNKNOWN,1,9.685040473937988,IDLE,0.0
1779449594.9057224,0.0,0.0,1.0,0.0,0.0,0.0,100.0,DISARMED,1,0.0,0.0,0.0,0.0,0.0,0.0,100.0,UNKNOWN,1,0.0,0.0,0.0,0.0,0.0,0.0,100.0,UNKNOWN,1,0.0,0.0,0.0,0.0,0.0,0.0,100.0,UNKNOWN,1,0.0,0.0,0.0,0.0,0.0,0.0,100.0,UNKNOWN,1,9.685040473937988,IDLE,0.0
1779449594.988093,0.0,0.0,1.0,0.0,0.0,0.0,100.0,DISARMED,1,0.0,0.0,0.0,0.0,0.0,0.0,100.0,UNKNOWN,1,0.0,0.0,0.0,0.0,0.0,0.0,100.0,UNKNOWN,1,0.0,0.0,0.0,0.0,0.0,0.0,100.0,UNKNOWN,1,0.0,0.0,0.0,0.0,0.0,0.0,100.0,UNKNOWN,1,9.685040473937988,IDLE,0.0
1779449595.0949242,0.0,0.0,1.0,0.0,0.0,0.0,100.0,DISARMED,1,0.0,0.0,0.0,0.0,0.0,0.0,100.0,UNKNOWN,1,0.0,0.0,0.0,0.0,0.0,0.0,100.0,UNKNOWN,1,0.0,0.0,0.0,0.0,0.0,0.0,100.0,UNKNOWN,1,0.0,0.0,0.0,0.0,0.0,0.0,100.0,UNKNOWN,1,9.685040473937988,IDLE,0.0
1779449595.2193663,0.0,0.0,1.0,0.0,0.0,0.0,100.0,DISARMED,1,0.0,0.0,0.0,0.0,0.0,0.0,100.0,UNKNOWN,1,0.0,0.0,0.0,0.0,0.0,0.0,100.0,UNKNOWN,1,0.0,0.0,0.0,0.0,0.0,0.0,100.0,UNKNOWN,1,0.0,0.0,0.0,0.0,0.0,0.0,100.0,UNKNOWN,1,9.685040473937988,IDLE,0.0
1779449595.3777404,0.0,0.0,1.0,0.0,0.0,0.0,100.0,DISARMED,1,0.0,0.0,0.0,0.0,0.0,0.0,100.0,UNKNOWN,1,0.0,0.0,0.0,0.0,0.0,0.0,100.0,UNKNOWN,1,0.0,0.0,0.0,0.0,0.0,0.0,100.0,UNKNOWN,1,0.0,0.0,0.0,0.0,0.0,0.0,100.0,UNKNOWN,1,9.685040473937988,IDLE,0.0
1779449595.8113065,0.0,0.0,1.0,0.0,0.0,0.0,100.0,DISARMED,1,0.0,0.0,0.0,0.0,0.0,0.0,100.0,UNKNOWN,1,0.0,0.0,0.0,0.0,0.0,0.0,100.0,UNKNOWN,1,0.0,0.0,0.0,0.0,0.0,0.0,100.0,UNKNOWN,1,0.0,0.0,0.0,0.0,0.0,0.0,100.0,UNKNOWN,1,9.685040473937988,IDLE,0.0
1779449595.864881,0.0,0.0,1.0,0.0,0.0,0.0,100.0,DISARMED,1,0.0,0.0,0.0,0.0,0.0,0.0,100.0,UNKNOWN,1,0.0,0.0,0.0,0.0,0.0,0.0,100.0,UNKNOWN,1,0.0,0.0,0.0,0.0,0.0,0.0,100.0,UNKNOWN,1,0.0,0.0,0.0,0.0,0.0,0.0,100.0,UNKNOWN,1,9.685040473937988,IDLE,0.0
1779449596.013549,0.0,0.0,1.0,0.0,0.0,0.0,100.0,DISARMED,1,0.0,0.0,0.0,0.0,0.0,0.0,100.0,UNKNOWN,1,0.0,0.0,0.0,0.0,0.0,0.0,100.0,UNKNOWN,1,0.0,0.0,0.0,0.0,0.0,0.0,100.0,UNKNOWN,1,0.0,0.0,0.0,0.0,0.0,0.0,100.0,UNKNOWN,1,9.685040473937988,IDLE,0.0
1779449596.165666,0.0,0.0,1.0,0.0,0.0,0.0,100.0,DISARMED,1,0.0,0.0,0.0,0.0,0.0,0.0,100.0,UNKNOWN,1,0.0,0.0,0.0,0.0,0.0,0.0,100.0,UNKNOWN,1,0.0,0.0,0.0,0.0,0.0,0.0,100.0,UNKNOWN,1,0.0,0.0,0.0,0.0,0.0,0.0,100.0,UNKNOWN,1,9.685040473937988,IDLE,0.0
1779449596.3669,0.0,0.0,1.0,0.0,0.0,0.0,100.0,DISARMED,1,0.0,0.0,0.0,0.0,0.0,0.0,100.0,UNKNOWN,1,0.0,0.0,0.0,0.0,0.0,0.0,100.0,UNKNOWN,1,0.0,0.0,0.0,0.0,0.0,0.0,100.0,UNKNOWN,1,0.0,0.0,0.0,0.0,0.0,0.0,100.0,UNKNOWN,1,9.685040473937988,IDLE,0.0
1779449596.7253194,0.0,0.0,1.0,0.0,0.0,0.0,100.0,DISARMED,1,0.0,0.0,0.0,0.0,0.0,0.0,100.0,UNKNOWN,1,0.0,0.0,0.0,0.0,0.0,0.0,100.0,UNKNOWN,1,0.0,0.0,0.0,0.0,0.0,0.0,100.0,UNKNOWN,1,0.0,0.0,0.0,0.0,0.0,0.0,100.0,UNKNOWN,1,9.685040473937988,IDLE,0.0
1779449596.8202796,0.0,0.0,1.0,0.0,0.0,0.0,100.0,DISARMED,1,0.0,0.0,0.0,0.0,0.0,0.0,100.0,UNKNOWN,1,0.0,0.0,0.0,0.0,0.0,0.0,100.0,UNKNOWN,1,0.0,0.0,0.0,0.0,0.0,0.0,100.0,UNKNOWN,1,0.0,0.0,0.0,0.0,0.0,0.0,100.0,UNKNOWN,1,9.685040473937988,IDLE,0.0
1779449596.8755019,0.0,0.0,1.0,0.0,0.0,0.0,100.0,DISARMED,1,0.0,0.0,0.0,0.0,0.0,0.0,100.0,UNKNOWN,1,0.0,0.0,0.0,0.0,0.0,0.0,100.0,UNKNOWN,1,0.0,0.0,0.0,0.0,0.0,0.0,100.0,UNKNOWN,1,0.0,0.0,0.0,0.0,0.0,0.0,100.0,UNKNOWN,1,9.685040473937988,IDLE,0.0
1779449597.0153637,0.0,0.0,1.0,0.0,0.0,0.0,100.0,DISARMED,1,0.0,0.0,0.0,0.0,0.0,0.0,100.0,UNKNOWN,1,0.0,0.0,0.0,0.0,0.0,0.0,100.0,UNKNOWN,1,0.0,0.0,0.0,0.0,0.0,0.0,100.0,UNKNOWN,1,0.0,0.0,0.0,0.0,0.0,0.0,100.0,UNKNOWN,1,9.685040473937988,IDLE,0.0
1779449597.0853,0.0,0.0,1.0,0.0,0.0,0.0,100.0,DISARMED,1,0.0,0.0,0.0,0.0,0.0,0.0,100.0,UNKNOWN,1,0.0,0.0,0.0,0.0,0.0,0.0,100.0,UNKNOWN,1,0.0,0.0,0.0,0.0,0.0,0.0,100.0,UNKNOWN,1,0.0,0.0,0.0,0.0,0.0,0.0,100.0,UNKNOWN,1,9.685040473937988,IDLE,0.0
1779449597.273257,0.0,0.0,1.0,0.0,0.0,0.0,100.0,DISARMED,1,0.0,0.0,0.0,0.0,0.0,0.0,100.0,UNKNOWN,1,0.0,0.0,0.0,0.0,0.0,0.0,100.0,UNKNOWN,1,0.0,0.0,0.0,0.0,0.0,0.0,100.0,UNKNOWN,1,0.0,0.0,0.0,0.0,0.0,0.0,100.0,UNKNOWN,1,9.685040473937988,IDLE,0.0
1779449597.3710737,0.0,0.0,1.0,0.0,0.0,0.0,100.0,DISARMED,1,0.0,0.0,0.0,0.0,0.0,0.0,100.0,UNKNOWN,1,0.0,0.0,0.0,0.0,0.0,0.0,100.0,UNKNOWN,1,0.0,0.0,0.0,0.0,0.0,0.0,100.0,UNKNOWN,1,0.0,0.0,0.0,0.0,0.0,0.0,100.0,UNKNOWN,1,9.685040473937988,IDLE,0.0
1779449597.555035,0.0,0.0,1.0,0.0,0.0,0.0,100.0,DISARMED,1,0.0,0.0,0.0,0.0,0.0,0.0,100.0,UNKNOWN,1,0.0,0.0,0.0,0.0,0.0,0.0,100.0,UNKNOWN,1,0.0,0.0,0.0,0.0,0.0,0.0,100.0,UNKNOWN,1,0.0,0.0,0.0,0.0,0.0,0.0,100.0,UNKNOWN,1,9.685040473937988,IDLE,0.0
1779449597.6054275,0.0,0.0,1.0,0.0,0.0,0.0,100.0,DISARMED,1,0.0,0.0,0.0,0.0,0.0,0.0,100.0,UNKNOWN,1,0.0,0.0,0.0,0.0,0.0,0.0,100.0,UNKNOWN,1,0.0,0.0,0.0,0.0,0.0,0.0,100.0,UNKNOWN,1,0.0,0.0,0.0,0.0,0.0,0.0,100.0,UNKNOWN,1,9.685040473937988,IDLE,0.0
1779449597.6810606,0.0,0.0,1.0,0.0,0.0,0.0,100.0,DISARMED,1,0.0,0.0,0.0,0.0,0.0,0.0,100.0,UNKNOWN,1,0.0,0.0,0.0,0.0,0.0,0.0,100.0,UNKNOWN,1,0.0,0.0,0.0,0.0,0.0,0.0,100.0,UNKNOWN,1,0.0,0.0,0.0,0.0,0.0,0.0,100.0,UNKNOWN,1,9.685040473937988,IDLE,0.0
1779449597.82403,0.0,0.0,1.0,0.0,0.0,0.0,100.0,DISARMED,1,0.0,0.0,0.0,0.0,0.0,0.0,100.0,UNKNOWN,1,0.0,0.0,0.0,0.0,0.0,0.0,100.0,UNKNOWN,1,0.0,0.0,0.0,0.0,0.0,0.0,100.0,UNKNOWN,1,0.0,0.0,0.0,0.0,0.0,0.0,100.0,UNKNOWN,1,9.685040473937988,IDLE,0.0
1779449597.9181077,0.0,0.0,1.0,0.0,0.0,0.0,100.0,DISARMED,1,0.0,0.0,0.0,0.0,0.0,0.0,100.0,UNKNOWN,1,0.0,0.0,0.0,0.0,0.0,0.0,100.0,UNKNOWN,1,0.0,0.0,0.0,0.0,0.0,0.0,100.0,UNKNOWN,1,0.0,0.0,0.0,0.0,0.0,0.0,100.0,UNKNOWN,1,9.685040473937988,IDLE,0.0
1779449597.9812531,0.0,0.0,1.0,0.0,0.0,0.0,100.0,DISARMED,1,0.0,0.0,0.0,0.0,0.0,0.0,100.0,UNKNOWN,1,0.0,0.0,0.0,0.0,0.0,0.0,100.0,UNKNOWN,1,0.0,0.0,0.0,0.0,0.0,0.0,100.0,UNKNOWN,1,0.0,0.0,0.0,0.0,0.0,0.0,100.0,UNKNOWN,1,9.685040473937988,IDLE,0.0
1779449598.0630853,0.0,0.0,1.0,0.0,0.0,0.0,100.0,DISARMED,1,0.0,0.0,0.0,0.0,0.0,0.0,100.0,UNKNOWN,1,0.0,0.0,0.0,0.0,0.0,0.0,100.0,UNKNOWN,1,0.0,0.0,0.0,0.0,0.0,0.0,100.0,UNKNOWN,1,0.0,0.0,0.0,0.0,0.0,0.0,100.0,UNKNOWN,1,9.685040473937988,IDLE,0.0
1779449598.2056458,0.0,0.0,1.0,0.0,0.0,0.0,100.0,DISARMED,1,0.0,0.0,0.0,0.0,0.0,0.0,100.0,UNKNOWN,1,0.0,0.0,0.0,0.0,0.0,0.0,100.0,UNKNOWN,1,0.0,0.0,0.0,0.0,0.0,0.0,100.0,UNKNOWN,1,0.0,0.0,0.0,0.0,0.0,0.0,100.0,UNKNOWN,1,9.685040473937988,IDLE,0.0
1779449598.2681499,0.0,0.0,1.0,0.0,0.0,0.0,100.0,DISARMED,1,0.0,0.0,0.0,0.0,0.0,0.0,100.0,UNKNOWN,1,0.0,0.0,0.0,0.0,0.0,0.0,100.0,UNKNOWN,1,0.0,0.0,0.0,0.0,0.0,0.0,100.0,UNKNOWN,1,0.0,0.0,0.0,0.0,0.0,0.0,100.0,UNKNOWN,1,9.685040473937988,IDLE,0.0
1779449598.4470937,0.0,0.0,1.0,0.0,0.0,0.0,100.0,DISARMED,1,0.0,0.0,0.0,0.0,0.0,0.0,100.0,UNKNOWN,1,0.0,0.0,0.0,0.0,0.0,0.0,100.0,UNKNOWN,1,0.0,0.0,0.0,0.0,0.0,0.0,100.0,UNKNOWN,1,0.0,0.0,0.0,0.0,0.0,0.0,100.0,UNKNOWN,1,9.685040473937988,IDLE,0.0
1779449598.6539948,0.0,0.0,1.0,0.0,0.0,0.0,100.0,DISARMED,1,0.0,0.0,0.0,0.0,0.0,0.0,100.0,UNKNOWN,1,0.0,0.0,0.0,0.0,0.0,0.0,100.0,UNKNOWN,1,0.0,0.0,0.0,0.0,0.0,0.0,100.0,UNKNOWN,1,0.0,0.0,0.0,0.0,0.0,0.0,100.0,UNKNOWN,1,9.685040473937988,IDLE,0.0
1779449598.7240381,0.0,0.0,1.0,0.0,0.0,0.0,100.0,DISARMED,1,0.0,0.0,0.0,0.0,0.0,0.0,100.0,UNKNOWN,1,0.0,0.0,0.0,0.0,0.0,0.0,100.0,UNKNOWN,1,0.0,0.0,0.0,0.0,0.0,0.0,100.0,UNKNOWN,1,0.0,0.0,0.0,0.0,0.0,0.0,100.0,UNKNOWN,1,9.685040473937988,IDLE,0.0
1779449598.7862554,0.0,0.0,1.0,0.0,0.0,0.0,100.0,DISARMED,1,0.0,0.0,0.0,0.0,0.0,0.0,100.0,UNKNOWN,1,0.0,0.0,0.0,0.0,0.0,0.0,100.0,UNKNOWN,1,0.0,0.0,0.0,0.0,0.0,0.0,100.0,UNKNOWN,1,0.0,0.0,0.0,0.0,0.0,0.0,100.0,UNKNOWN,1,9.685040473937988,IDLE,0.0
1779449598.923738,0.0,0.0,1.0,0.0,0.0,0.0,100.0,DISARMED,1,0.0,0.0,0.0,0.0,0.0,0.0,100.0,UNKNOWN,1,0.0,0.0,0.0,0.0,0.0,0.0,100.0,UNKNOWN,1,0.0,0.0,0.0,0.0,0.0,0.0,100.0,UNKNOWN,1,0.0,0.0,0.0,0.0,0.0,0.0,100.0,UNKNOWN,1,9.685040473937988,IDLE,0.0
1779449599.024523,0.0,0.0,1.0,0.0,0.0,0.0,100.0,DISARMED,1,0.0,0.0,0.0,0.0,0.0,0.0,100.0,UNKNOWN,1,0.0,0.0,0.0,0.0,0.0,0.0,100.0,UNKNOWN,1,0.0,0.0,0.0,0.0,0.0,0.0,100.0,UNKNOWN,1,0.0,0.0,0.0,0.0,0.0,0.0,100.0,UNKNOWN,1,9.685040473937988,IDLE,0.0
1779449599.168804,0.0,0.0,1.0,0.0,0.0,0.0,100.0,DISARMED,1,0.0,0.0,0.0,0.0,0.0,0.0,100.0,UNKNOWN,1,0.0,0.0,0.0,0.0,0.0,0.0,100.0,UNKNOWN,1,0.0,0.0,0.0,0.0,0.0,0.0,100.0,UNKNOWN,1,0.0,0.0,0.0,0.0,0.0,0.0,100.0,UNKNOWN,1,9.685040473937988,IDLE,0.0
1779449599.3669837,0.0,0.0,1.0,0.0,0.0,0.0,100.0,DISARMED,1,0.0,0.0,0.0,0.0,0.0,0.0,100.0,UNKNOWN,1,0.0,0.0,0.0,0.0,0.0,0.0,100.0,UNKNOWN,1,0.0,0.0,0.0,0.0,0.0,0.0,100.0,UNKNOWN,1,0.0,0.0,0.0,0.0,0.0,0.0,100.0,UNKNOWN,1,9.685040473937988,IDLE,0.0
1779449599.8153858,0.0,0.0,1.0,0.0,0.0,0.0,100.0,DISARMED,1,0.0,0.0,0.0,0.0,0.0,0.0,100.0,UNKNOWN,1,0.0,0.0,0.0,0.0,0.0,0.0,100.0,UNKNOWN,1,0.0,0.0,0.0,0.0,0.0,0.0,100.0,UNKNOWN,1,0.0,0.0,0.0,0.0,0.0,0.0,100.0,UNKNOWN,1,9.685040473937988,IDLE,0.0
1779449599.9147584,0.0,0.0,1.0,0.0,0.0,0.0,100.0,DISARMED,1,0.0,0.0,0.0,0.0,0.0,0.0,100.0,UNKNOWN,1,0.0,0.0,0.0,0.0,0.0,0.0,100.0,UNKNOWN,1,0.0,0.0,0.0,0.0,0.0,0.0,100.0,UNKNOWN,1,0.0,0.0,0.0,0.0,0.0,0.0,100.0,UNKNOWN,1,9.685040473937988,IDLE,0.0
1779449599.973555,0.0,0.0,1.0,0.0,0.0,0.0,100.0,DISARMED,1,0.0,0.0,0.0,0.0,0.0,0.0,100.0,UNKNOWN,1,0.0,0.0,0.0,0.0,0.0,0.0,100.0,UNKNOWN,1,0.0,0.0,0.0,0.0,0.0,0.0,100.0,UNKNOWN,1,0.0,0.0,0.0,0.0,0.0,0.0,100.0,UNKNOWN,1,9.685040473937988,IDLE,0.0
1779449600.1199784,0.0,0.0,1.0,0.0,0.0,0.0,100.0,DISARMED,1,0.0,0.0,0.0,0.0,0.0,0.0,100.0,UNKNOWN,1,0.0,0.0,0.0,0.0,0.0,0.0,100.0,UNKNOWN,1,0.0,0.0,0.0,0.0,0.0,0.0,100.0,UNKNOWN,1,0.0,0.0,0.0,0.0,0.0,0.0,100.0,UNKNOWN,1,9.685040473937988,IDLE,0.0
1779449600.2187831,0.0,0.0,1.0,0.0,0.0,0.0,100.0,DISARMED,1,0.0,0.0,0.0,0.0,0.0,0.0,100.0,UNKNOWN,1,0.0,0.0,0.0,0.0,0.0,0.0,100.0,UNKNOWN,1,0.0,0.0,0.0,0.0,0.0,0.0,100.0,UNKNOWN,1,0.0,0.0,0.0,0.0,0.0,0.0,100.0,UNKNOWN,1,9.685040473937988,IDLE,0.0
1779449600.2847416,0.0,0.0,1.0,0.0,0.0,0.0,100.0,DISARMED,1,0.0,0.0,0.0,0.0,0.0,0.0,100.0,UNKNOWN,1,0.0,0.0,0.0,0.0,0.0,0.0,100.0,UNKNOWN,1,0.0,0.0,0.0,0.0,0.0,0.0,100.0,UNKNOWN,1,0.0,0.0,0.0,0.0,0.0,0.0,100.0,UNKNOWN,1,9.685040473937988,IDLE,0.0
1779449600.772688,0.0,0.0,1.0,0.0,0.0,0.0,100.0,DISARMED,1,0.0,0.0,0.0,0.0,0.0,0.0,100.0,UNKNOWN,1,0.0,0.0,0.0,0.0,0.0,0.0,100.0,UNKNOWN,1,0.0,0.0,0.0,0.0,0.0,0.0,100.0,UNKNOWN,1,0.0,0.0,0.0,0.0,0.0,0.0,100.0,UNKNOWN,1,9.685040473937988,IDLE,0.0
1779449600.9438252,0.0,0.0,1.0,0.0,0.0,0.0,100.0,DISARMED,1,0.0,0.0,0.0,0.0,0.0,0.0,100.0,UNKNOWN,1,0.0,0.0,0.0,0.0,0.0,0.0,100.0,UNKNOWN,1,0.0,0.0,0.0,0.0,0.0,0.0,100.0,UNKNOWN,1,0.0,0.0,0.0,0.0,0.0,0.0,100.0,UNKNOWN,1,9.685040473937988,IDLE,0.0
1779449601.0068731,0.0,0.0,1.0,0.0,0.0,0.0,100.0,DISARMED,1,0.0,0.0,0.0,0.0,0.0,0.0,100.0,UNKNOWN,1,0.0,0.0,0.0,0.0,0.0,0.0,100.0,UNKNOWN,1,0.0,0.0,0.0,0.0,0.0,0.0,100.0,UNKNOWN,1,0.0,0.0,0.0,0.0,0.0,0.0,100.0,UNKNOWN,1,9.685040473937988,IDLE,0.0
1779449601.0712163,0.0,0.0,1.0,0.0,0.0,0.0,100.0,DISARMED,1,0.0,0.0,0.0,0.0,0.0,0.0,100.0,UNKNOWN,1,0.0,0.0,0.0,0.0,0.0,0.0,100.0,UNKNOWN,1,0.0,0.0,0.0,0.0,0.0,0.0,100.0,UNKNOWN,1,0.0,0.0,0.0,0.0,0.0,0.0,100.0,UNKNOWN,1,9.685040473937988,IDLE,0.0
1779449601.172165,0.0,0.0,1.0,0.0,0.0,0.0,100.0,DISARMED,1,0.0,0.0,0.0,0.0,0.0,0.0,100.0,UNKNOWN,1,0.0,0.0,0.0,0.0,0.0,0.0,100.0,UNKNOWN,1,0.0,0.0,0.0,0.0,0.0,0.0,100.0,UNKNOWN,1,0.0,0.0,0.0,0.0,0.0,0.0,100.0,UNKNOWN,1,9.685040473937988,IDLE,0.0
1779449601.2990303,0.0,0.0,1.0,0.0,0.0,0.0,100.0,DISARMED,1,0.0,0.0,0.0,0.0,0.0,0.0,100.0,UNKNOWN,1,0.0,0.0,0.0,0.0,0.0,0.0,100.0,UNKNOWN,1,0.0,0.0,0.0,0.0,0.0,0.0,100.0,UNKNOWN,1,0.0,0.0,0.0,0.0,0.0,0.0,100.0,UNKNOWN,1,9.685040473937988,IDLE,0.0
1779449601.4394822,0.0,0.0,1.0,0.0,0.0,0.0,100.0,DISARMED,1,0.0,0.0,0.0,0.0,0.0,0.0,100.0,UNKNOWN,1,0.0,0.0,0.0,0.0,0.0,0.0,100.0,UNKNOWN,1,0.0,0.0,0.0,0.0,0.0,0.0,100.0,UNKNOWN,1,0.0,0.0,0.0,0.0,0.0,0.0,100.0,UNKNOWN,1,9.685040473937988,IDLE,0.0
1779449601.5867946,0.0,0.0,1.0,0.0,0.0,0.0,100.0,DISARMED,1,0.0,0.0,0.0,0.0,0.0,0.0,100.0,UNKNOWN,1,0.0,0.0,0.0,0.0,0.0,0.0,100.0,UNKNOWN,1,0.0,0.0,0.0,0.0,0.0,0.0,100.0,UNKNOWN,1,0.0,0.0,0.0,0.0,0.0,0.0,100.0,UNKNOWN,1,9.685040473937988,IDLE,0.0
1779449601.6706192,0.0,0.0,1.0,0.0,0.0,0.0,100.0,DISARMED,1,0.0,0.0,0.0,0.0,0.0,0.0,100.0,UNKNOWN,1,0.0,0.0,0.0,0.0,0.0,0.0,100.0,UNKNOWN,1,0.0,0.0,0.0,0.0,0.0,0.0,100.0,UNKNOWN,1,0.0,0.0,0.0,0.0,0.0,0.0,100.0,UNKNOWN,1,9.685040473937988,IDLE,0.0
1779449601.7668417,0.0,0.0,1.0,0.0,0.0,0.0,100.0,DISARMED,1,0.0,0.0,0.0,0.0,0.0,0.0,100.0,UNKNOWN,1,0.0,0.0,0.0,0.0,0.0,0.0,100.0,UNKNOWN,1,0.0,0.0,0.0,0.0,0.0,0.0,100.0,UNKNOWN,1,0.0,0.0,0.0,0.0,0.0,0.0,100.0,UNKNOWN,1,9.685040473937988,IDLE,0.0
1779449601.8764071,0.0,0.0,1.0,0.0,0.0,0.0,100.0,DISARMED,1,0.0,0.0,0.0,0.0,0.0,0.0,100.0,UNKNOWN,1,0.0,0.0,0.0,0.0,0.0,0.0,100.0,UNKNOWN,1,0.0,0.0,0.0,0.0,0.0,0.0,100.0,UNKNOWN,1,0.0,0.0,0.0,0.0,0.0,0.0,100.0,UNKNOWN,1,9.685040473937988,IDLE,0.0
1779449602.0202081,0.0,0.0,1.0,0.0,0.0,0.0,100.0,DISARMED,1,0.0,0.0,0.0,0.0,0.0,0.0,100.0,UNKNOWN,1,0.0,0.0,0.0,0.0,0.0,0.0,100.0,UNKNOWN,1,0.0,0.0,0.0,0.0,0.0,0.0,100.0,UNKNOWN,1,0.0,0.0,0.0,0.0,0.0,0.0,100.0,UNKNOWN,1,9.685040473937988,IDLE,0.0
1779449602.0794425,0.0,0.0,1.0,0.0,0.0,0.0,100.0,DISARMED,1,0.0,0.0,0.0,0.0,0.0,0.0,100.0,UNKNOWN,1,0.0,0.0,0.0,0.0,0.0,0.0,100.0,UNKNOWN,1,0.0,0.0,0.0,0.0,0.0,0.0,100.0,UNKNOWN,1,0.0,0.0,0.0,0.0,0.0,0.0,100.0,UNKNOWN,1,9.685040473937988,IDLE,0.0
1779449602.1995668,0.0,0.0,1.0,0.0,0.0,0.0,100.0,DISARMED,1,0.0,0.0,0.0,0.0,0.0,0.0,100.0,UNKNOWN,1,0.0,0.0,0.0,0.0,0.0,0.0,100.0,UNKNOWN,1,0.0,0.0,0.0,0.0,0.0,0.0,100.0,UNKNOWN,1,0.0,0.0,0.0,0.0,0.0,0.0,100.0,UNKNOWN,1,9.685040473937988,IDLE,0.0
1779449602.2660122,0.0,0.0,1.0,0.0,0.0,0.0,100.0,DISARMED,1,0.0,0.0,0.0,0.0,0.0,0.0,100.0,UNKNOWN,1,0.0,0.0,0.0,0.0,0.0,0.0,100.0,UNKNOWN,1,0.0,0.0,0.0,0.0,0.0,0.0,100.0,UNKNOWN,1,0.0,0.0,0.0,0.0,0.0,0.0,100.0,UNKNOWN,1,9.685040473937988,IDLE,0.0
1779449602.4059796,0.0,0.0,1.0,0.0,0.0,0.0,100.0,DISARMED,1,0.0,0.0,0.0,0.0,0.0,0.0,100.0,UNKNOWN,1,0.0,0.0,0.0,0.0,0.0,0.0,100.0,UNKNOWN,1,0.0,0.0,0.0,0.0,0.0,0.0,100.0,UNKNOWN,1,0.0,0.0,0.0,0.0,0.0,0.0,100.0,UNKNOWN,1,9.685040473937988,IDLE,0.0
1779449602.660405,0.0,0.0,1.0,0.0,0.0,0.0,100.0,DISARMED,1,0.0,0.0,0.0,0.0,0.0,0.0,100.0,UNKNOWN,1,0.0,0.0,0.0,0.0,0.0,0.0,100.0,UNKNOWN,1,0.0,0.0,0.0,0.0,0.0,0.0,100.0,UNKNOWN,1,0.0,0.0,0.0,0.0,0.0,0.0,100.0,UNKNOWN,1,9.685040473937988,IDLE,0.0
1779449602.782404,0.0,0.0,1.0,0.0,0.0,0.0,100.0,DISARMED,1,0.0,0.0,0.0,0.0,0.0,0.0,100.0,UNKNOWN,1,0.0,0.0,0.0,0.0,0.0,0.0,100.0,UNKNOWN,1,0.0,0.0,0.0,0.0,0.0,0.0,100.0,UNKNOWN,1,0.0,0.0,0.0,0.0,0.0,0.0,100.0,UNKNOWN,1,9.685040473937988,IDLE,0.0
1779449602.911307,0.0,0.0,1.0,0.0,0.0,0.0,100.0,DISARMED,1,0.0,0.0,0.0,0.0,0.0,0.0,100.0,UNKNOWN,1,0.0,0.0,0.0,0.0,0.0,0.0,100.0,UNKNOWN,1,0.0,0.0,0.0,0.0,0.0,0.0,100.0,UNKNOWN,1,0.0,0.0,0.0,0.0,0.0,0.0,100.0,UNKNOWN,1,9.685040473937988,IDLE,0.0
1779449603.0274868,0.0,0.0,1.0,0.0,0.0,0.0,100.0,DISARMED,1,0.0,0.0,0.0,0.0,0.0,0.0,100.0,UNKNOWN,1,0.0,0.0,0.0,0.0,0.0,0.0,100.0,UNKNOWN,1,0.0,0.0,0.0,0.0,0.0,0.0,100.0,UNKNOWN,1,0.0,0.0,0.0,0.0,0.0,0.0,100.0,UNKNOWN,1,9.685040473937988,IDLE,0.0
1779449603.1639674,0.0,0.0,1.0,0.0,0.0,0.0,100.0,DISARMED,1,0.0,0.0,0.0,0.0,0.0,0.0,100.0,UNKNOWN,1,0.0,0.0,0.0,0.0,0.0,0.0,100.0,UNKNOWN,1,0.0,0.0,0.0,0.0,0.0,0.0,100.0,UNKNOWN,1,0.0,0.0,0.0,0.0,0.0,0.0,100.0,UNKNOWN,1,9.685040473937988,IDLE,0.0
1779449603.271348,0.0,0.0,1.0,0.0,0.0,0.0,100.0,DISARMED,1,0.0,0.0,0.0,0.0,0.0,0.0,100.0,UNKNOWN,1,0.0,0.0,0.0,0.0,0.0,0.0,100.0,UNKNOWN,1,0.0,0.0,0.0,0.0,0.0,0.0,100.0,UNKNOWN,1,0.0,0.0,0.0,0.0,0.0,0.0,100.0,UNKNOWN,1,9.685040473937988,IDLE,0.0
1779449603.42934,0.0,0.0,1.0,0.0,0.0,0.0,100.0,DISARMED,1,0.0,0.0,0.0,0.0,0.0,0.0,100.0,UNKNOWN,1,0.0,0.0,0.0,0.0,0.0,0.0,100.0,UNKNOWN,1,0.0,0.0,0.0,0.0,0.0,0.0,100.0,UNKNOWN,1,0.0,0.0,0.0,0.0,0.0,0.0,100.0,UNKNOWN,1,9.685040473937988,IDLE,0.0
1779449603.6851468,0.0,0.0,1.0,0.0,0.0,0.0,100.0,DISARMED,1,0.0,0.0,0.0,0.0,0.0,0.0,100.0,UNKNOWN,1,0.0,0.0,0.0,0.0,0.0,0.0,100.0,UNKNOWN,1,0.0,0.0,0.0,0.0,0.0,0.0,100.0,UNKNOWN,1,0.0,0.0,0.0,0.0,0.0,0.0,100.0,UNKNOWN,1,9.685040473937988,IDLE,0.0
1779449603.7844808,0.0,0.0,1.0,0.0,0.0,0.0,100.0,DISARMED,1,0.0,0.0,0.0,0.0,0.0,0.0,100.0,UNKNOWN,1,0.0,0.0,0.0,0.0,0.0,0.0,100.0,UNKNOWN,1,0.0,0.0,0.0,0.0,0.0,0.0,100.0,UNKNOWN,1,0.0,0.0,0.0,0.0,0.0,0.0,100.0,UNKNOWN,1,9.685040473937988,IDLE,0.0
1779449603.865601,0.0,0.0,1.0,0.0,0.0,0.0,100.0,DISARMED,1,0.0,0.0,0.0,0.0,0.0,0.0,100.0,UNKNOWN,1,0.0,0.0,0.0,0.0,0.0,0.0,100.0,UNKNOWN,1,0.0,0.0,0.0,0.0,0.0,0.0,100.0,UNKNOWN,1,0.0,0.0,0.0,0.0,0.0,0.0,100.0,UNKNOWN,1,9.685040473937988,IDLE,0.0
1779449603.9780848,0.0,0.0,1.0,0.0,0.0,0.0,100.0,DISARMED,1,0.0,0.0,0.0,0.0,0.0,0.0,100.0,UNKNOWN,1,0.0,0.0,0.0,0.0,0.0,0.0,100.0,UNKNOWN,1,0.0,0.0,0.0,0.0,0.0,0.0,100.0,UNKNOWN,1,0.0,0.0,0.0,0.0,0.0,0.0,100.0,UNKNOWN,1,9.685040473937988,IDLE,0.0
1779449604.0765069,0.0,0.0,1.0,0.0,0.0,0.0,100.0,DISARMED,1,0.0,0.0,0.0,0.0,0.0,0.0,100.0,UNKNOWN,1,0.0,0.0,0.0,0.0,0.0,0.0,100.0,UNKNOWN,1,0.0,0.0,0.0,0.0,0.0,0.0,100.0,UNKNOWN,1,0.0,0.0,0.0,0.0,0.0,0.0,100.0,UNKNOWN,1,9.685040473937988,IDLE,0.0
1779449604.174364,0.0,0.0,1.0,0.0,0.0,0.0,100.0,DISARMED,1,0.0,0.0,0.0,0.0,0.0,0.0,100.0,UNKNOWN,1,0.0,0.0,0.0,0.0,0.0,0.0,100.0,UNKNOWN,1,0.0,0.0,0.0,0.0,0.0,0.0,100.0,UNKNOWN,1,0.0,0.0,0.0,0.0,0.0,0.0,100.0,UNKNOWN,1,9.685040473937988,IDLE,0.0
1779449604.271399,0.0,0.0,1.0,0.0,0.0,0.0,100.0,DISARMED,1,0.0,0.0,0.0,0.0,0.0,0.0,100.0,UNKNOWN,1,0.0,0.0,0.0,0.0,0.0,0.0,100.0,UNKNOWN,1,0.0,0.0,0.0,0.0,0.0,0.0,100.0,UNKNOWN,1,0.0,0.0,0.0,0.0,0.0,0.0,100.0,UNKNOWN,1,9.685040473937988,IDLE,0.0
1779449604.3780947,0.0,0.0,1.0,0.0,0.0,0.0,100.0,DISARMED,1,0.0,0.0,0.0,0.0,0.0,0.0,100.0,UNKNOWN,1,0.0,0.0,0.0,0.0,0.0,0.0,100.0,UNKNOWN,1,0.0,0.0,0.0,0.0,0.0,0.0,100.0,UNKNOWN,1,0.0,0.0,0.0,0.0,0.0,0.0,100.0,UNKNOWN,1,9.685040473937988,IDLE,0.0
1779449604.8938615,0.0,0.0,1.0,0.0,0.0,0.0,100.0,DISARMED,1,0.0,0.0,0.0,0.0,0.0,0.0,100.0,UNKNOWN,1,0.0,0.0,0.0,0.0,0.0,0.0,100.0,UNKNOWN,1,0.0,0.0,0.0,0.0,0.0,0.0,100.0,UNKNOWN,1,0.0,0.0,0.0,0.0,0.0,0.0,100.0,UNKNOWN,1,9.685040473937988,IDLE,0.0
1779449605.0361388,0.0,0.0,1.0,0.0,0.0,0.0,100.0,DISARMED,1,0.0,0.0,0.0,0.0,0.0,0.0,100.0,UNKNOWN,1,0.0,0.0,0.0,0.0,0.0,0.0,100.0,UNKNOWN,1,0.0,0.0,0.0,0.0,0.0,0.0,100.0,UNKNOWN,1,0.0,0.0,0.0,0.0,0.0,0.0,100.0,UNKNOWN,1,9.685040473937988,IDLE,0.0
1779449605.119517,0.0,0.0,1.0,0.0,0.0,0.0,100.0,DISARMED,1,0.0,0.0,0.0,0.0,0.0,0.0,100.0,UNKNOWN,1,0.0,0.0,0.0,0.0,0.0,0.0,100.0,UNKNOWN,1,0.0,0.0,0.0,0.0,0.0,0.0,100.0,UNKNOWN,1,0.0,0.0,0.0,0.0,0.0,0.0,100.0,UNKNOWN,1,9.685040473937988,IDLE,0.0
1779449605.1959329,0.0,0.0,1.0,0.0,0.0,0.0,100.0,DISARMED,1,0.0,0.0,0.0,0.0,0.0,0.0,100.0,UNKNOWN,1,0.0,0.0,0.0,0.0,0.0,0.0,100.0,UNKNOWN,1,0.0,0.0,0.0,0.0,0.0,0.0,100.0,UNKNOWN,1,0.0,0.0,0.0,0.0,0.0,0.0,100.0,UNKNOWN,1,9.685040473937988,IDLE,0.0
1779449605.3051376,0.0,0.0,1.0,0.0,0.0,0.0,100.0,DISARMED,1,0.0,0.0,0.0,0.0,0.0,0.0,100.0,UNKNOWN,1,0.0,0.0,0.0,0.0,0.0,0.0,100.0,UNKNOWN,1,0.0,0.0,0.0,0.0,0.0,0.0,100.0,UNKNOWN,1,0.0,0.0,0.0,0.0,0.0,0.0,100.0,UNKNOWN,1,9.685040473937988,IDLE,0.0
1779449605.4026327,0.0,0.0,1.0,0.0,0.0,0.0,100.0,DISARMED,1,0.0,0.0,0.0,0.0,0.0,0.0,100.0,UNKNOWN,1,0.0,0.0,0.0,0.0,0.0,0.0,100.0,UNKNOWN,1,0.0,0.0,0.0,0.0,0.0,0.0,100.0,UNKNOWN,1,0.0,0.0,0.0,0.0,0.0,0.0,100.0,UNKNOWN,1,9.685040473937988,IDLE,0.0
1779449605.8712542,0.0,0.0,1.0,0.0,0.0,0.0,100.0,DISARMED,1,0.0,0.0,0.0,0.0,0.0,0.0,100.0,UNKNOWN,1,0.0,0.0,0.0,0.0,0.0,0.0,100.0,UNKNOWN,1,0.0,0.0,0.0,0.0,0.0,0.0,100.0,UNKNOWN,1,0.0,0.0,0.0,0.0,0.0,0.0,100.0,UNKNOWN,1,9.685040473937988,IDLE,0.0
1779449605.9800754,0.0,0.0,1.0,0.0,0.0,0.0,100.0,DISARMED,1,0.0,0.0,0.0,0.0,0.0,0.0,100.0,UNKNOWN,1,0.0,0.0,0.0,0.0,0.0,0.0,100.0,UNKNOWN,1,0.0,0.0,0.0,0.0,0.0,0.0,100.0,UNKNOWN,1,0.0,0.0,0.0,0.0,0.0,0.0,100.0,UNKNOWN,1,9.685040473937988,IDLE,0.0
1779449606.0811207,0.0,0.0,1.0,0.0,0.0,0.0,100.0,DISARMED,1,0.0,0.0,0.0,0.0,0.0,0.0,100.0,UNKNOWN,1,0.0,0.0,0.0,0.0,0.0,0.0,100.0,UNKNOWN,1,0.0,0.0,0.0,0.0,0.0,0.0,100.0,UNKNOWN,1,0.0,0.0,0.0,0.0,0.0,0.0,100.0,UNKNOWN,1,9.685040473937988,IDLE,0.0
1779449606.1954038,0.0,0.0,1.0,0.0,0.0,0.0,100.0,DISARMED,1,0.0,0.0,0.0,0.0,0.0,0.0,100.0,UNKNOWN,1,0.0,0.0,0.0,0.0,0.0,0.0,100.0,UNKNOWN,1,0.0,0.0,0.0,0.0,0.0,0.0,100.0,UNKNOWN,1,0.0,0.0,0.0,0.0,0.0,0.0,100.0,UNKNOWN,1,9.685040473937988,IDLE,0.0
1779449606.27431,0.0,0.0,1.0,0.0,0.0,0.0,100.0,DISARMED,1,0.0,0.0,0.0,0.0,0.0,0.0,100.0,UNKNOWN,1,0.0,0.0,0.0,0.0,0.0,0.0,100.0,UNKNOWN,1,0.0,0.0,0.0,0.0,0.0,0.0,100.0,UNKNOWN,1,0.0,0.0,0.0,0.0,0.0,0.0,100.0,UNKNOWN,1,9.685040473937988,IDLE,0.0
1779449606.4048967,0.0,0.0,1.0,0.0,0.0,0.0,100.0,DISARMED,1,0.0,0.0,0.0,0.0,0.0,0.0,100.0,UNKNOWN,1,0.0,0.0,0.0,0.0,0.0,0.0,100.0,UNKNOWN,1,0.0,0.0,0.0,0.0,0.0,0.0,100.0,UNKNOWN,1,0.0,0.0,0.0,0.0,0.0,0.0,100.0,UNKNOWN,1,9.685040473937988,IDLE,0.0
1779449606.7505074,0.0,0.0,1.0,0.0,0.0,0.0,100.0,DISARMED,1,0.0,0.0,0.0,0.0,0.0,0.0,100.0,UNKNOWN,1,0.0,0.0,0.0,0.0,0.0,0.0,100.0,UNKNOWN,1,0.0,0.0,0.0,0.0,0.0,0.0,100.0,UNKNOWN,1,0.0,0.0,0.0,0.0,0.0,0.0,100.0,UNKNOWN,1,9.685040473937988,IDLE,0.0
1779449606.8682199,0.0,0.0,1.0,0.0,0.0,0.0,100.0,DISARMED,1,0.0,0.0,0.0,0.0,0.0,0.0,100.0,UNKNOWN,1,0.0,0.0,0.0,0.0,0.0,0.0,100.0,UNKNOWN,1,0.0,0.0,0.0,0.0,0.0,0.0,100.0,UNKNOWN,1,0.0,0.0,0.0,0.0,0.0,0.0,100.0,UNKNOWN,1,9.685040473937988,IDLE,0.0
1779449606.989238,0.0,0.0,1.0,0.0,0.0,0.0,100.0,DISARMED,1,0.0,0.0,0.0,0.0,0.0,0.0,100.0,UNKNOWN,1,0.0,0.0,0.0,0.0,0.0,0.0,100.0,UNKNOWN,1,0.0,0.0,0.0,0.0,0.0,0.0,100.0,UNKNOWN,1,0.0,0.0,0.0,0.0,0.0,0.0,100.0,UNKNOWN,1,9.685040473937988,IDLE,0.0
1779449607.091584,0.0,0.0,1.0,0.0,0.0,0.0,100.0,DISARMED,1,0.0,0.0,0.0,0.0,0.0,0.0,100.0,UNKNOWN,1,0.0,0.0,0.0,0.0,0.0,0.0,100.0,UNKNOWN,1,0.0,0.0,0.0,0.0,0.0,0.0,100.0,UNKNOWN,1,0.0,0.0,0.0,0.0,0.0,0.0,100.0,UNKNOWN,1,9.685040473937988,IDLE,0.0
1779449607.206577,0.0,0.0,1.0,0.0,0.0,0.0,100.0,DISARMED,1,0.0,0.0,0.0,0.0,0.0,0.0,100.0,UNKNOWN,1,0.0,0.0,0.0,0.0,0.0,0.0,100.0,UNKNOWN,1,0.0,0.0,0.0,0.0,0.0,0.0,100.0,UNKNOWN,1,0.0,0.0,0.0,0.0,0.0,0.0,100.0,UNKNOWN,1,9.685040473937988,IDLE,0.0
1779449607.3212187,0.0,0.0,1.0,0.0,0.0,0.0,100.0,DISARMED,1,0.0,0.0,0.0,0.0,0.0,0.0,100.0,UNKNOWN,1,0.0,0.0,0.0,0.0,0.0,0.0,100.0,UNKNOWN,1,0.0,0.0,0.0,0.0,0.0,0.0,100.0,UNKNOWN,1,0.0,0.0,0.0,0.0,0.0,0.0,100.0,UNKNOWN,1,9.685040473937988,IDLE,0.0
1779449607.4012237,0.0,0.0,1.0,0.0,0.0,0.0,100.0,DISARMED,1,0.0,0.0,0.0,0.0,0.0,0.0,100.0,UNKNOWN,1,0.0,0.0,0.0,0.0,0.0,0.0,100.0,UNKNOWN,1,0.0,0.0,0.0,0.0,0.0,0.0,100.0,UNKNOWN,1,0.0,0.0,0.0,0.0,0.0,0.0,100.0,UNKNOWN,1,9.685040473937988,IDLE,0.0
1779449607.6659093,0.0,0.0,1.0,0.0,0.0,0.0,100.0,DISARMED,1,0.0,0.0,0.0,0.0,0.0,0.0,100.0,UNKNOWN,1,0.0,0.0,0.0,0.0,0.0,0.0,100.0,UNKNOWN,1,0.0,0.0,0.0,0.0,0.0,0.0,100.0,UNKNOWN,1,0.0,0.0,0.0,0.0,0.0,0.0,100.0,UNKNOWN,1,9.685040473937988,IDLE,0.0
1779449607.8045366,0.0,0.0,1.0,0.0,0.0,0.0,100.0,DISARMED,1,0.0,0.0,0.0,0.0,0.0,0.0,100.0,UNKNOWN,1,0.0,0.0,0.0,0.0,0.0,0.0,100.0,UNKNOWN,1,0.0,0.0,0.0,0.0,0.0,0.0,100.0,UNKNOWN,1,0.0,0.0,0.0,0.0,0.0,0.0,100.0,UNKNOWN,1,9.685040473937988,IDLE,0.0
1779449607.9097178,0.0,0.0,1.0,0.0,0.0,0.0,100.0,DISARMED,1,0.0,0.0,0.0,0.0,0.0,0.0,100.0,UNKNOWN,1,0.0,0.0,0.0,0.0,0.0,0.0,100.0,UNKNOWN,1,0.0,0.0,0.0,0.0,0.0,0.0,100.0,UNKNOWN,1,0.0,0.0,0.0,0.0,0.0,0.0,100.0,UNKNOWN,1,9.685040473937988,IDLE,0.0
1779449607.99751,0.0,0.0,1.0,0.0,0.0,0.0,100.0,DISARMED,1,0.0,0.0,0.0,0.0,0.0,0.0,100.0,UNKNOWN,1,0.0,0.0,0.0,0.0,0.0,0.0,100.0,UNKNOWN,1,0.0,0.0,0.0,0.0,0.0,0.0,100.0,UNKNOWN,1,0.0,0.0,0.0,0.0,0.0,0.0,100.0,UNKNOWN,1,9.685040473937988,IDLE,0.0
1779449608.1227992,0.0,0.0,1.0,0.0,0.0,0.0,100.0,DISARMED,1,0.0,0.0,0.0,0.0,0.0,0.0,100.0,UNKNOWN,1,0.0,0.0,0.0,0.0,0.0,0.0,100.0,UNKNOWN,1,0.0,0.0,0.0,0.0,0.0,0.0,100.0,UNKNOWN,1,0.0,0.0,0.0,0.0,0.0,0.0,100.0,UNKNOWN,1,9.685040473937988,IDLE,0.0
1779449608.1654923,0.0,0.0,1.0,0.0,0.0,0.0,100.0,DISARMED,1,0.0,0.0,0.0,0.0,0.0,0.0,100.0,UNKNOWN,1,0.0,0.0,0.0,0.0,0.0,0.0,100.0,UNKNOWN,1,0.0,0.0,0.0,0.0,0.0,0.0,100.0,UNKNOWN,1,0.0,0.0,0.0,0.0,0.0,0.0,100.0,UNKNOWN,1,9.685040473937988,IDLE,0.0
1779449608.340805,0.0,0.0,1.0,0.0,0.0,0.0,100.0,DISARMED,1,0.0,0.0,0.0,0.0,0.0,0.0,100.0,UNKNOWN,1,0.0,0.0,0.0,0.0,0.0,0.0,100.0,UNKNOWN,1,0.0,0.0,0.0,0.0,0.0,0.0,100.0,UNKNOWN,1,0.0,0.0,0.0,0.0,0.0,0.0,100.0,UNKNOWN,1,9.685040473937988,IDLE,0.0
1779449608.3815432,0.0,0.0,1.0,0.0,0.0,0.0,100.0,DISARMED,1,0.0,0.0,0.0,0.0,0.0,0.0,100.0,UNKNOWN,1,0.0,0.0,0.0,0.0,0.0,0.0,100.0,UNKNOWN,1,0.0,0.0,0.0,0.0,0.0,0.0,100.0,UNKNOWN,1,0.0,0.0,0.0,0.0,0.0,0.0,100.0,UNKNOWN,1,9.685040473937988,IDLE,0.0
1779449608.7072346,0.0,0.0,1.0,0.0,0.0,0.0,100.0,DISARMED,1,0.0,0.0,0.0,0.0,0.0,0.0,100.0,UNKNOWN,1,0.0,0.0,0.0,0.0,0.0,0.0,100.0,UNKNOWN,1,0.0,0.0,0.0,0.0,0.0,0.0,100.0,UNKNOWN,1,0.0,0.0,0.0,0.0,0.0,0.0,100.0,UNKNOWN,1,9.685040473937988,IDLE,0.0
1779449608.7819028,0.0,0.0,1.0,0.0,0.0,0.0,100.0,DISARMED,1,0.0,0.0,0.0,0.0,0.0,0.0,100.0,UNKNOWN,1,0.0,0.0,0.0,0.0,0.0,0.0,100.0,UNKNOWN,1,0.0,0.0,0.0,0.0,0.0,0.0,100.0,UNKNOWN,1,0.0,0.0,0.0,0.0,0.0,0.0,100.0,UNKNOWN,1,9.685040473937988,IDLE,0.0
1779449608.9077895,0.0,0.0,1.0,0.0,0.0,0.0,100.0,DISARMED,1,0.0,0.0,0.0,0.0,0.0,0.0,100.0,UNKNOWN,1,0.0,0.0,0.0,0.0,0.0,0.0,100.0,UNKNOWN,1,0.0,0.0,0.0,0.0,0.0,0.0,100.0,UNKNOWN,1,0.0,0.0,0.0,0.0,0.0,0.0,100.0,UNKNOWN,1,9.685040473937988,IDLE,0.0
1779449609.1387835,0.0,0.0,1.0,0.0,0.0,0.0,100.0,DISARMED,1,0.0,0.0,0.0,0.0,0.0,0.0,100.0,UNKNOWN,1,0.0,0.0,0.0,0.0,0.0,0.0,100.0,UNKNOWN,1,0.0,0.0,0.0,0.0,0.0,0.0,100.0,UNKNOWN,1,0.0,0.0,0.0,0.0,0.0,0.0,100.0,UNKNOWN,1,9.685040473937988,IDLE,0.0
1779449609.3264105,0.0,0.0,1.0,0.0,0.0,0.0,100.0,DISARMED,1,0.0,0.0,0.0,0.0,0.0,0.0,100.0,UNKNOWN,1,0.0,0.0,0.0,0.0,0.0,0.0,100.0,UNKNOWN,1,0.0,0.0,0.0,0.0,0.0,0.0,100.0,UNKNOWN,1,0.0,0.0,0.0,0.0,0.0,0.0,100.0,UNKNOWN,1,9.685040473937988,IDLE,0.0
1779449609.3799145,0.0,0.0,1.0,0.0,0.0,0.0,100.0,DISARMED,1,0.0,0.0,0.0,0.0,0.0,0.0,100.0,UNKNOWN,1,0.0,0.0,0.0,0.0,0.0,0.0,100.0,UNKNOWN,1,0.0,0.0,0.0,0.0,0.0,0.0,100.0,UNKNOWN,1,0.0,0.0,0.0,0.0,0.0,0.0,100.0,UNKNOWN,1,9.685040473937988,IDLE,0.0
1779449609.8738317,0.0,0.0,1.0,0.0,0.0,0.0,100.0,DISARMED,1,0.0,0.0,0.0,0.0,0.0,0.0,100.0,UNKNOWN,1,0.0,0.0,0.0,0.0,0.0,0.0,100.0,UNKNOWN,1,0.0,0.0,0.0,0.0,0.0,0.0,100.0,UNKNOWN,1,0.0,0.0,0.0,0.0,0.0,0.0,100.0,UNKNOWN,1,9.685040473937988,IDLE,0.0
1779449609.9673314,0.0,0.0,1.0,0.0,0.0,0.0,100.0,DISARMED,1,0.0,0.0,0.0,0.0,0.0,0.0,100.0,UNKNOWN,1,0.0,0.0,0.0,0.0,0.0,0.0,100.0,UNKNOWN,1,0.0,0.0,0.0,0.0,0.0,0.0,100.0,UNKNOWN,1,0.0,0.0,0.0,0.0,0.0,0.0,100.0,UNKNOWN,1,9.685040473937988,IDLE,0.0
1779449610.1087182,0.0,0.0,1.0,0.0,0.0,0.0,100.0,DISARMED,1,0.0,0.0,0.0,0.0,0.0,0.0,100.0,UNKNOWN,1,0.0,0.0,0.0,0.0,0.0,0.0,100.0,UNKNOWN,1,0.0,0.0,0.0,0.0,0.0,0.0,100.0,UNKNOWN,1,0.0,0.0,0.0,0.0,0.0,0.0,100.0,UNKNOWN,1,9.685040473937988,IDLE,0.0
1779449610.1950343,0.0,0.0,1.0,0.0,0.0,0.0,100.0,DISARMED,1,0.0,0.0,0.0,0.0,0.0,0.0,100.0,UNKNOWN,1,0.0,0.0,0.0,0.0,0.0,0.0,100.0,UNKNOWN,1,0.0,0.0,0.0,0.0,0.0,0.0,100.0,UNKNOWN,1,0.0,0.0,0.0,0.0,0.0,0.0,100.0,UNKNOWN,1,9.685040473937988,IDLE,0.0
1779449610.3501408,0.0,0.0,1.0,0.0,0.0,0.0,100.0,DISARMED,1,0.0,0.0,0.0,0.0,0.0,0.0,100.0,UNKNOWN,1,0.0,0.0,0.0,0.0,0.0,0.0,100.0,UNKNOWN,1,0.0,0.0,0.0,0.0,0.0,0.0,100.0,UNKNOWN,1,0.0,0.0,0.0,0.0,0.0,0.0,100.0,UNKNOWN,1,9.685040473937988,IDLE,0.0
1779449610.3722715,0.0,0.0,1.0,0.0,0.0,0.0,100.0,DISARMED,1,0.0,0.0,0.0,0.0,0.0,0.0,100.0,UNKNOWN,1,0.0,0.0,0.0,0.0,0.0,0.0,100.0,UNKNOWN,1,0.0,0.0,0.0,0.0,0.0,0.0,100.0,UNKNOWN,1,0.0,0.0,0.0,0.0,0.0,0.0,100.0,UNKNOWN,1,9.685040473937988,IDLE,0.0
1779449610.6282246,0.0,0.0,1.0,0.0,0.0,0.0,100.0,DISARMED,1,0.0,0.0,0.0,0.0,0.0,0.0,100.0,UNKNOWN,1,0.0,0.0,0.0,0.0,0.0,0.0,100.0,UNKNOWN,1,0.0,0.0,0.0,0.0,0.0,0.0,100.0,UNKNOWN,1,0.0,0.0,0.0,0.0,0.0,0.0,100.0,UNKNOWN,1,9.685040473937988,IDLE,0.0
1779449610.6769133,0.0,0.0,1.0,0.0,0.0,0.0,100.0,DISARMED,1,0.0,0.0,0.0,0.0,0.0,0.0,100.0,UNKNOWN,1,0.0,0.0,0.0,0.0,0.0,0.0,100.0,UNKNOWN,1,0.0,0.0,0.0,0.0,0.0,0.0,100.0,UNKNOWN,1,0.0,0.0,0.0,0.0,0.0,0.0,100.0,UNKNOWN,1,9.685040473937988,IDLE,0.0
1779449610.7940454,0.0,0.0,1.0,0.0,0.0,0.0,100.0,DISARMED,1,0.0,0.0,0.0,0.0,0.0,0.0,100.0,UNKNOWN,1,0.0,0.0,0.0,0.0,0.0,0.0,100.0,UNKNOWN,1,0.0,0.0,0.0,0.0,0.0,0.0,100.0,UNKNOWN,1,0.0,0.0,0.0,0.0,0.0,0.0,100.0,UNKNOWN,1,9.685040473937988,IDLE,0.0
1779449610.885823,0.0,0.0,1.0,0.0,0.0,0.0,100.0,DISARMED,1,0.0,0.0,0.0,0.0,0.0,0.0,100.0,UNKNOWN,1,0.0,0.0,0.0,0.0,0.0,0.0,100.0,UNKNOWN,1,0.0,0.0,0.0,0.0,0.0,0.0,100.0,UNKNOWN,1,0.0,0.0,0.0,0.0,0.0,0.0,100.0,UNKNOWN,1,9.685040473937988,IDLE,0.0
1779449610.9822257,0.0,0.0,1.0,0.0,0.0,0.0,100.0,DISARMED,1,0.0,0.0,0.0,0.0,0.0,0.0,100.0,UNKNOWN,1,0.0,0.0,0.0,0.0,0.0,0.0,100.0,UNKNOWN,1,0.0,0.0,0.0,0.0,0.0,0.0,100.0,UNKNOWN,1,0.0,0.0,0.0,0.0,0.0,0.0,100.0,UNKNOWN,1,9.685040473937988,IDLE,0.0
1779449611.0659018,0.0,0.0,1.0,0.0,0.0,0.0,100.0,DISARMED,1,0.0,0.0,0.0,0.0,0.0,0.0,100.0,UNKNOWN,1,0.0,0.0,0.0,0.0,0.0,0.0,100.0,UNKNOWN,1,0.0,0.0,0.0,0.0,0.0,0.0,100.0,UNKNOWN,1,0.0,0.0,0.0,0.0,0.0,0.0,100.0,UNKNOWN,1,9.685040473937988,IDLE,0.0
1779449611.1785944,0.0,0.0,1.0,0.0,0.0,0.0,100.0,DISARMED,1,0.0,0.0,0.0,0.0,0.0,0.0,100.0,UNKNOWN,1,0.0,0.0,0.0,0.0,0.0,0.0,100.0,UNKNOWN,1,0.0,0.0,0.0,0.0,0.0,0.0,100.0,UNKNOWN,1,0.0,0.0,0.0,0.0,0.0,0.0,100.0,UNKNOWN,1,9.685040473937988,IDLE,0.0
1779449611.261085,0.0,0.0,1.0,0.0,0.0,0.0,100.0,DISARMED,1,0.0,0.0,0.0,0.0,0.0,0.0,100.0,UNKNOWN,1,0.0,0.0,0.0,0.0,0.0,0.0,100.0,UNKNOWN,1,0.0,0.0,0.0,0.0,0.0,0.0,100.0,UNKNOWN,1,0.0,0.0,0.0,0.0,0.0,0.0,100.0,UNKNOWN,1,9.685040473937988,IDLE,0.0
1779449611.443269,0.0,0.0,1.0,0.0,0.0,0.0,100.0,DISARMED,1,0.0,0.0,0.0,0.0,0.0,0.0,100.0,UNKNOWN,1,0.0,0.0,0.0,0.0,0.0,0.0,100.0,UNKNOWN,1,0.0,0.0,0.0,0.0,0.0,0.0,100.0,UNKNOWN,1,0.0,0.0,0.0,0.0,0.0,0.0,100.0,UNKNOWN,1,9.685040473937988,IDLE,0.0
1779449611.8076916,0.0,0.0,1.0,0.0,0.0,0.0,100.0,DISARMED,1,0.0,0.0,0.0,0.0,0.0,0.0,100.0,UNKNOWN,1,0.0,0.0,0.0,0.0,0.0,0.0,100.0,UNKNOWN,1,0.0,0.0,0.0,0.0,0.0,0.0,100.0,UNKNOWN,1,0.0,0.0,0.0,0.0,0.0,0.0,100.0,UNKNOWN,1,9.685040473937988,IDLE,0.0
1779449611.901751,0.0,0.0,1.0,0.0,0.0,0.0,100.0,DISARMED,1,0.0,0.0,0.0,0.0,0.0,0.0,100.0,UNKNOWN,1,0.0,0.0,0.0,0.0,0.0,0.0,100.0,UNKNOWN,1,0.0,0.0,0.0,0.0,0.0,0.0,100.0,UNKNOWN,1,0.0,0.0,0.0,0.0,0.0,0.0,100.0,UNKNOWN,1,9.685040473937988,IDLE,0.0
1779449611.9655156,0.0,0.0,1.0,0.0,0.0,0.0,100.0,DISARMED,1,0.0,0.0,0.0,0.0,0.0,0.0,100.0,UNKNOWN,1,0.0,0.0,0.0,0.0,0.0,0.0,100.0,UNKNOWN,1,0.0,0.0,0.0,0.0,0.0,0.0,100.0,UNKNOWN,1,0.0,0.0,0.0,0.0,0.0,0.0,100.0,UNKNOWN,1,9.685040473937988,IDLE,0.0
1779449612.1067407,0.0,0.0,1.0,0.0,0.0,0.0,100.0,DISARMED,1,0.0,0.0,0.0,0.0,0.0,0.0,100.0,UNKNOWN,1,0.0,0.0,0.0,0.0,0.0,0.0,100.0,UNKNOWN,1,0.0,0.0,0.0,0.0,0.0,0.0,100.0,UNKNOWN,1,0.0,0.0,0.0,0.0,0.0,0.0,100.0,UNKNOWN,1,9.685040473937988,IDLE,0.0
1779449612.3325093,0.0,0.0,1.0,0.0,0.0,0.0,100.0,DISARMED,1,0.0,0.0,0.0,0.0,0.0,0.0,100.0,UNKNOWN,1,0.0,0.0,0.0,0.0,0.0,0.0,100.0,UNKNOWN,1,0.0,0.0,0.0,0.0,0.0,0.0,100.0,UNKNOWN,1,0.0,0.0,0.0,0.0,0.0,0.0,100.0,UNKNOWN,1,9.685040473937988,IDLE,0.0
1779449612.391526,0.0,0.0,1.0,0.0,0.0,0.0,100.0,DISARMED,1,0.0,0.0,0.0,0.0,0.0,0.0,100.0,UNKNOWN,1,0.0,0.0,0.0,0.0,0.0,0.0,100.0,UNKNOWN,1,0.0,0.0,0.0,0.0,0.0,0.0,100.0,UNKNOWN,1,0.0,0.0,0.0,0.0,0.0,0.0,100.0,UNKNOWN,1,9.685040473937988,IDLE,0.0
1779449612.7469583,0.0,0.0,1.0,0.0,0.0,0.0,100.0,DISARMED,1,0.0,0.0,0.0,0.0,0.0,0.0,100.0,UNKNOWN,1,0.0,0.0,0.0,0.0,0.0,0.0,100.0,UNKNOWN,1,0.0,0.0,0.0,0.0,0.0,0.0,100.0,UNKNOWN,1,0.0,0.0,0.0,0.0,0.0,0.0,100.0,UNKNOWN,1,9.685040473937988,IDLE,0.0
1779449612.7665014,0.0,0.0,1.0,0.0,0.0,0.0,100.0,DISARMED,1,0.0,0.0,0.0,0.0,0.0,0.0,100.0,UNKNOWN,1,0.0,0.0,0.0,0.0,0.0,0.0,100.0,UNKNOWN,1,0.0,0.0,0.0,0.0,0.0,0.0,100.0,UNKNOWN,1,0.0,0.0,0.0,0.0,0.0,0.0,100.0,UNKNOWN,1,9.685040473937988,IDLE,0.0
1779449612.8621216,0.0,0.0,1.0,0.0,0.0,0.0,100.0,DISARMED,1,0.0,0.0,0.0,0.0,0.0,0.0,100.0,UNKNOWN,1,0.0,0.0,0.0,0.0,0.0,0.0,100.0,UNKNOWN,1,0.0,0.0,0.0,0.0,0.0,0.0,100.0,UNKNOWN,1,0.0,0.0,0.0,0.0,0.0,0.0,100.0,UNKNOWN,1,9.685040473937988,IDLE,0.0
1779449612.9710839,0.0,0.0,1.0,0.0,0.0,0.0,100.0,DISARMED,1,0.0,0.0,0.0,0.0,0.0,0.0,100.0,UNKNOWN,1,0.0,0.0,0.0,0.0,0.0,0.0,100.0,UNKNOWN,1,0.0,0.0,0.0,0.0,0.0,0.0,100.0,UNKNOWN,1,0.0,0.0,0.0,0.0,0.0,0.0,100.0,UNKNOWN,1,9.685040473937988,IDLE,0.0
1779449613.1273963,0.0,0.0,1.0,0.0,0.0,0.0,100.0,DISARMED,1,0.0,0.0,0.0,0.0,0.0,0.0,100.0,UNKNOWN,1,0.0,0.0,0.0,0.0,0.0,0.0,100.0,UNKNOWN,1,0.0,0.0,0.0,0.0,0.0,0.0,100.0,UNKNOWN,1,0.0,0.0,0.0,0.0,0.0,0.0,100.0,UNKNOWN,1,9.685040473937988,IDLE,0.0
1779449613.223403,0.0,0.0,1.0,0.0,0.0,0.0,100.0,DISARMED,1,0.0,0.0,0.0,0.0,0.0,0.0,100.0,UNKNOWN,1,0.0,0.0,0.0,0.0,0.0,0.0,100.0,UNKNOWN,1,0.0,0.0,0.0,0.0,0.0,0.0,100.0,UNKNOWN,1,0.0,0.0,0.0,0.0,0.0,0.0,100.0,UNKNOWN,1,9.685040473937988,IDLE,0.0
1779449613.4183757,0.0,0.0,1.0,0.0,0.0,0.0,100.0,DISARMED,1,0.0,0.0,0.0,0.0,0.0,0.0,100.0,UNKNOWN,1,0.0,0.0,0.0,0.0,0.0,0.0,100.0,UNKNOWN,1,0.0,0.0,0.0,0.0,0.0,0.0,100.0,UNKNOWN,1,0.0,0.0,0.0,0.0,0.0,0.0,100.0,UNKNOWN,1,9.685040473937988,IDLE,0.0
1779449613.8439376,0.0,0.0,1.0,0.0,0.0,0.0,100.0,DISARMED,1,0.0,0.0,0.0,0.0,0.0,0.0,100.0,UNKNOWN,1,0.0,0.0,0.0,0.0,0.0,0.0,100.0,UNKNOWN,1,0.0,0.0,0.0,0.0,0.0,0.0,100.0,UNKNOWN,1,0.0,0.0,0.0,0.0,0.0,0.0,100.0,UNKNOWN,1,9.685040473937988,IDLE,0.0
1779449613.9107342,0.0,0.0,1.0,0.0,0.0,0.0,100.0,DISARMED,1,0.0,0.0,0.0,0.0,0.0,0.0,100.0,UNKNOWN,1,0.0,0.0,0.0,0.0,0.0,0.0,100.0,UNKNOWN,1,0.0,0.0,0.0,0.0,0.0,0.0,100.0,UNKNOWN,1,0.0,0.0,0.0,0.0,0.0,0.0,100.0,UNKNOWN,1,9.685040473937988,IDLE,0.0
1779449613.9631665,0.0,0.0,1.0,0.0,0.0,0.0,100.0,DISARMED,1,0.0,0.0,0.0,0.0,0.0,0.0,100.0,UNKNOWN,1,0.0,0.0,0.0,0.0,0.0,0.0,100.0,UNKNOWN,1,0.0,0.0,0.0,0.0,0.0,0.0,100.0,UNKNOWN,1,0.0,0.0,0.0,0.0,0.0,0.0,100.0,UNKNOWN,1,9.685040473937988,IDLE,0.0
1779449614.0983655,0.0,0.0,1.0,0.0,0.0,0.0,100.0,DISARMED,1,0.0,0.0,0.0,0.0,0.0,0.0,100.0,UNKNOWN,1,0.0,0.0,0.0,0.0,0.0,0.0,100.0,UNKNOWN,1,0.0,0.0,0.0,0.0,0.0,0.0,100.0,UNKNOWN,1,0.0,0.0,0.0,0.0,0.0,0.0,100.0,UNKNOWN,1,9.685040473937988,IDLE,0.0
1779449614.1872091,0.0,0.0,1.0,0.0,0.0,0.0,100.0,DISARMED,1,0.0,0.0,0.0,0.0,0.0,0.0,100.0,UNKNOWN,1,0.0,0.0,0.0,0.0,0.0,0.0,100.0,UNKNOWN,1,0.0,0.0,0.0,0.0,0.0,0.0,100.0,UNKNOWN,1,0.0,0.0,0.0,0.0,0.0,0.0,100.0,UNKNOWN,1,9.685040473937988,IDLE,0.0
1779449614.2910528,0.0,0.0,1.0,0.0,0.0,0.0,100.0,DISARMED,1,0.0,0.0,0.0,0.0,0.0,0.0,100.0,UNKNOWN,1,0.0,0.0,0.0,0.0,0.0,0.0,100.0,UNKNOWN,1,0.0,0.0,0.0,0.0,0.0,0.0,100.0,UNKNOWN,1,0.0,0.0,0.0,0.0,0.0,0.0,100.0,UNKNOWN,1,9.685040473937988,IDLE,0.0
1779449614.4417639,0.0,0.0,1.0,0.0,0.0,0.0,100.0,DISARMED,1,0.0,0.0,0.0,0.0,0.0,0.0,100.0,UNKNOWN,1,0.0,0.0,0.0,0.0,0.0,0.0,100.0,UNKNOWN,1,0.0,0.0,0.0,0.0,0.0,0.0,100.0,UNKNOWN,1,0.0,0.0,0.0,0.0,0.0,0.0,100.0,UNKNOWN,1,9.685040473937988,IDLE,0.0
1779449614.5749693,0.0,0.0,1.0,0.0,0.0,0.0,100.0,DISARMED,1,0.0,0.0,0.0,0.0,0.0,0.0,100.0,UNKNOWN,1,0.0,0.0,0.0,0.0,0.0,0.0,100.0,UNKNOWN,1,0.0,0.0,0.0,0.0,0.0,0.0,100.0,UNKNOWN,1,0.0,0.0,0.0,0.0,0.0,0.0,100.0,UNKNOWN,1,9.685040473937988,IDLE,0.0
1779449614.894138,0.0,0.0,1.0,0.0,0.0,0.0,100.0,DISARMED,1,0.0,0.0,0.0,0.0,0.0,0.0,100.0,UNKNOWN,1,0.0,0.0,0.0,0.0,0.0,0.0,100.0,UNKNOWN,1,0.0,0.0,0.0,0.0,0.0,0.0,100.0,UNKNOWN,1,0.0,0.0,0.0,0.0,0.0,0.0,100.0,UNKNOWN,1,9.685040473937988,IDLE,0.0
1779449614.98817,0.0,0.0,1.0,0.0,0.0,0.0,100.0,DISARMED,1,0.0,0.0,0.0,0.0,0.0,0.0,100.0,UNKNOWN,1,0.0,0.0,0.0,0.0,0.0,0.0,100.0,UNKNOWN,1,0.0,0.0,0.0,0.0,0.0,0.0,100.0,UNKNOWN,1,0.0,0.0,0.0,0.0,0.0,0.0,100.0,UNKNOWN,1,9.685040473937988,IDLE,0.0
1779449615.1777008,0.0,0.0,1.0,0.0,0.0,0.0,100.0,DISARMED,1,0.0,0.0,0.0,0.0,0.0,0.0,100.0,UNKNOWN,1,0.0,0.0,0.0,0.0,0.0,0.0,100.0,UNKNOWN,1,0.0,0.0,0.0,0.0,0.0,0.0,100.0,UNKNOWN,1,0.0,0.0,0.0,0.0,0.0,0.0,100.0,UNKNOWN,1,9.685040473937988,IDLE,0.0
1779449615.271683,0.0,0.0,1.0,0.0,0.0,0.0,100.0,DISARMED,1,0.0,0.0,0.0,0.0,0.0,0.0,100.0,UNKNOWN,1,0.0,0.0,0.0,0.0,0.0,0.0,100.0,UNKNOWN,1,0.0,0.0,0.0,0.0,0.0,0.0,100.0,UNKNOWN,1,0.0,0.0,0.0,0.0,0.0,0.0,100.0,UNKNOWN,1,9.685040473937988,IDLE,0.0
1779449615.3865883,0.0,0.0,1.0,0.0,0.0,0.0,100.0,DISARMED,1,0.0,0.0,0.0,0.0,0.0,0.0,100.0,UNKNOWN,1,0.0,0.0,0.0,0.0,0.0,0.0,100.0,UNKNOWN,1,0.0,0.0,0.0,0.0,0.0,0.0,100.0,UNKNOWN,1,0.0,0.0,0.0,0.0,0.0,0.0,100.0,UNKNOWN,1,9.685040473937988,IDLE,0.0
1779449615.968376,0.0,0.0,1.0,0.0,0.0,0.0,100.0,DISARMED,1,0.0,0.0,0.0,0.0,0.0,0.0,100.0,UNKNOWN,1,0.0,0.0,0.0,0.0,0.0,0.0,100.0,UNKNOWN,1,0.0,0.0,0.0,0.0,0.0,0.0,100.0,UNKNOWN,1,0.0,0.0,0.0,0.0,0.0,0.0,100.0,UNKNOWN,1,9.685040473937988,IDLE,0.0
1779449616.1912427,0.0,0.0,1.0,0.0,0.0,0.0,100.0,DISARMED,1,0.0,0.0,0.0,0.0,0.0,0.0,100.0,UNKNOWN,1,0.0,0.0,0.0,0.0,0.0,0.0,100.0,UNKNOWN,1,0.0,0.0,0.0,0.0,0.0,0.0,100.0,UNKNOWN,1,0.0,0.0,0.0,0.0,0.0,0.0,100.0,UNKNOWN,1,9.685040473937988,IDLE,0.0
1779449616.3281326,0.0,0.0,1.0,0.0,0.0,0.0,100.0,DISARMED,1,0.0,0.0,0.0,0.0,0.0,0.0,100.0,UNKNOWN,1,0.0,0.0,0.0,0.0,0.0,0.0,100.0,UNKNOWN,1,0.0,0.0,0.0,0.0,0.0,0.0,100.0,UNKNOWN,1,0.0,0.0,0.0,0.0,0.0,0.0,100.0,UNKNOWN,1,9.685040473937988,IDLE,0.0
1779449616.3595235,0.0,0.0,1.0,0.0,0.0,0.0,100.0,DISARMED,1,0.0,0.0,0.0,0.0,0.0,0.0,100.0,UNKNOWN,1,0.0,0.0,0.0,0.0,0.0,0.0,100.0,UNKNOWN,1,0.0,0.0,0.0,0.0,0.0,0.0,100.0,UNKNOWN,1,0.0,0.0,0.0,0.0,0.0,0.0,100.0,UNKNOWN,1,9.685040473937988,IDLE,0.0
1779449616.6833394,0.0,0.0,1.0,0.0,0.0,0.0,100.0,DISARMED,1,0.0,0.0,0.0,0.0,0.0,0.0,100.0,UNKNOWN,1,0.0,0.0,0.0,0.0,0.0,0.0,100.0,UNKNOWN,1,0.0,0.0,0.0,0.0,0.0,0.0,100.0,UNKNOWN,1,0.0,0.0,0.0,0.0,0.0,0.0,100.0,UNKNOWN,1,9.685040473937988,IDLE,0.0
1779449616.7922094,0.0,0.0,1.0,0.0,0.0,0.0,100.0,DISARMED,1,0.0,0.0,0.0,0.0,0.0,0.0,100.0,UNKNOWN,1,0.0,0.0,0.0,0.0,0.0,0.0,100.0,UNKNOWN,1,0.0,0.0,0.0,0.0,0.0,0.0,100.0,UNKNOWN,1,0.0,0.0,0.0,0.0,0.0,0.0,100.0,UNKNOWN,1,9.685040473937988,IDLE,0.0
1779449616.8603234,0.0,0.0,1.0,0.0,0.0,0.0,100.0,DISARMED,1,0.0,0.0,0.0,0.0,0.0,0.0,100.0,UNKNOWN,1,0.0,0.0,0.0,0.0,0.0,0.0,100.0,UNKNOWN,1,0.0,0.0,0.0,0.0,0.0,0.0,100.0,UNKNOWN,1,0.0,0.0,0.0,0.0,0.0,0.0,100.0,UNKNOWN,1,9.685040473937988,IDLE,0.0
1779449616.9654832,0.0,0.0,1.0,0.0,0.0,0.0,100.0,DISARMED,1,0.0,0.0,0.0,0.0,0.0,0.0,100.0,UNKNOWN,1,0.0,0.0,0.0,0.0,0.0,0.0,100.0,UNKNOWN,1,0.0,0.0,0.0,0.0,0.0,0.0,100.0,UNKNOWN,1,0.0,0.0,0.0,0.0,0.0,0.0,100.0,UNKNOWN,1,9.685040473937988,IDLE,0.0
1779449617.1011202,0.0,0.0,1.0,0.0,0.0,0.0,100.0,DISARMED,1,0.0,0.0,0.0,0.0,0.0,0.0,100.0,UNKNOWN,1,0.0,0.0,0.0,0.0,0.0,0.0,100.0,UNKNOWN,1,0.0,0.0,0.0,0.0,0.0,0.0,100.0,UNKNOWN,1,0.0,0.0,0.0,0.0,0.0,0.0,100.0,UNKNOWN,1,9.685040473937988,IDLE,0.0
1779449617.2065945,0.0,0.0,1.0,0.0,0.0,0.0,100.0,DISARMED,1,0.0,0.0,0.0,0.0,0.0,0.0,100.0,UNKNOWN,1,0.0,0.0,0.0,0.0,0.0,0.0,100.0,UNKNOWN,1,0.0,0.0,0.0,0.0,0.0,0.0,100.0,UNKNOWN,1,0.0,0.0,0.0,0.0,0.0,0.0,100.0,UNKNOWN,1,9.685040473937988,IDLE,0.0
1779449617.301917,0.0,0.0,1.0,0.0,0.0,0.0,100.0,DISARMED,1,0.0,0.0,0.0,0.0,0.0,0.0,100.0,UNKNOWN,1,0.0,0.0,0.0,0.0,0.0,0.0,100.0,UNKNOWN,1,0.0,0.0,0.0,0.0,0.0,0.0,100.0,UNKNOWN,1,0.0,0.0,0.0,0.0,0.0,0.0,100.0,UNKNOWN,1,9.685040473937988,IDLE,0.0
1779449617.3723354,0.0,0.0,1.0,0.0,0.0,0.0,100.0,DISARMED,1,0.0,0.0,0.0,0.0,0.0,0.0,100.0,UNKNOWN,1,0.0,0.0,0.0,0.0,0.0,0.0,100.0,UNKNOWN,1,0.0,0.0,0.0,0.0,0.0,0.0,100.0,UNKNOWN,1,0.0,0.0,0.0,0.0,0.0,0.0,100.0,UNKNOWN,1,9.685040473937988,IDLE,0.0
1779449617.6814404,0.0,0.0,1.0,0.0,0.0,0.0,100.0,DISARMED,1,0.0,0.0,0.0,0.0,0.0,0.0,100.0,UNKNOWN,1,0.0,0.0,0.0,0.0,0.0,0.0,100.0,UNKNOWN,1,0.0,0.0,0.0,0.0,0.0,0.0,100.0,UNKNOWN,1,0.0,0.0,0.0,0.0,0.0,0.0,100.0,UNKNOWN,1,9.685040473937988,IDLE,0.0
1779449617.8310714,0.0,0.0,1.0,0.0,0.0,0.0,100.0,DISARMED,1,0.0,0.0,0.0,0.0,0.0,0.0,100.0,UNKNOWN,1,0.0,0.0,0.0,0.0,0.0,0.0,100.0,UNKNOWN,1,0.0,0.0,0.0,0.0,0.0,0.0,100.0,UNKNOWN,1,0.0,0.0,0.0,0.0,0.0,0.0,100.0,UNKNOWN,1,9.685040473937988,IDLE,0.0
1779449617.867101,0.0,0.0,1.0,0.0,0.0,0.0,100.0,DISARMED,1,0.0,0.0,0.0,0.0,0.0,0.0,100.0,UNKNOWN,1,0.0,0.0,0.0,0.0,0.0,0.0,100.0,UNKNOWN,1,0.0,0.0,0.0,0.0,0.0,0.0,100.0,UNKNOWN,1,0.0,0.0,0.0,0.0,0.0,0.0,100.0,UNKNOWN,1,9.685040473937988,IDLE,0.0
1779449618.0860443,0.0,0.0,1.0,0.0,0.0,0.0,100.0,DISARMED,1,0.0,0.0,0.0,0.0,0.0,0.0,100.0,UNKNOWN,1,0.0,0.0,0.0,0.0,0.0,0.0,100.0,UNKNOWN,1,0.0,0.0,0.0,0.0,0.0,0.0,100.0,UNKNOWN,1,0.0,0.0,0.0,0.0,0.0,0.0,100.0,UNKNOWN,1,9.685040473937988,IDLE,0.0
1779449618.3113542,0.0,0.0,1.0,0.0,0.0,0.0,100.0,DISARMED,1,0.0,0.0,0.0,0.0,0.0,0.0,100.0,UNKNOWN,1,0.0,0.0,0.0,0.0,0.0,0.0,100.0,UNKNOWN,1,0.0,0.0,0.0,0.0,0.0,0.0,100.0,UNKNOWN,1,0.0,0.0,0.0,0.0,0.0,0.0,100.0,UNKNOWN,1,9.685040473937988,IDLE,0.0
1779449618.4184847,0.0,0.0,1.0,0.0,0.0,0.0,100.0,DISARMED,1,0.0,0.0,0.0,0.0,0.0,0.0,100.0,UNKNOWN,1,0.0,0.0,0.0,0.0,0.0,0.0,100.0,UNKNOWN,1,0.0,0.0,0.0,0.0,0.0,0.0,100.0,UNKNOWN,1,0.0,0.0,0.0,0.0,0.0,0.0,100.0,UNKNOWN,1,9.685040473937988,IDLE,0.0
1779449618.6250854,0.0,0.0,1.0,0.0,0.0,0.0,100.0,DISARMED,1,0.0,0.0,0.0,0.0,0.0,0.0,100.0,UNKNOWN,1,0.0,0.0,0.0,0.0,0.0,0.0,100.0,UNKNOWN,1,0.0,0.0,0.0,0.0,0.0,0.0,100.0,UNKNOWN,1,0.0,0.0,0.0,0.0,0.0,0.0,100.0,UNKNOWN,1,9.685040473937988,IDLE,0.0
1779449618.6726418,0.0,0.0,1.0,0.0,0.0,0.0,100.0,DISARMED,1,0.0,0.0,0.0,0.0,0.0,0.0,100.0,UNKNOWN,1,0.0,0.0,0.0,0.0,0.0,0.0,100.0,UNKNOWN,1,0.0,0.0,0.0,0.0,0.0,0.0,100.0,UNKNOWN,1,0.0,0.0,0.0,0.0,0.0,0.0,100.0,UNKNOWN,1,9.685040473937988,IDLE,0.0
1779449618.7679973,0.0,0.0,1.0,0.0,0.0,0.0,100.0,DISARMED,1,0.0,0.0,0.0,0.0,0.0,0.0,100.0,UNKNOWN,1,0.0,0.0,0.0,0.0,0.0,0.0,100.0,UNKNOWN,1,0.0,0.0,0.0,0.0,0.0,0.0,100.0,UNKNOWN,1,0.0,0.0,0.0,0.0,0.0,0.0,100.0,UNKNOWN,1,9.685040473937988,IDLE,0.0
1779449618.9580023,0.0,0.0,1.0,0.0,0.0,0.0,100.0,DISARMED,1,0.0,0.0,0.0,0.0,0.0,0.0,100.0,UNKNOWN,1,0.0,0.0,0.0,0.0,0.0,0.0,100.0,UNKNOWN,1,0.0,0.0,0.0,0.0,0.0,0.0,100.0,UNKNOWN,1,0.0,0.0,0.0,0.0,0.0,0.0,100.0,UNKNOWN,1,9.685040473937988,IDLE,0.0
1779449618.9783902,0.0,0.0,1.0,0.0,0.0,0.0,100.0,DISARMED,1,0.0,0.0,0.0,0.0,0.0,0.0,100.0,UNKNOWN,1,0.0,0.0,0.0,0.0,0.0,0.0,100.0,UNKNOWN,1,0.0,0.0,0.0,0.0,0.0,0.0,100.0,UNKNOWN,1,0.0,0.0,0.0,0.0,0.0,0.0,100.0,UNKNOWN,1,9.685040473937988,IDLE,0.0
1779449619.0614057,0.0,0.0,1.0,0.0,0.0,0.0,100.0,DISARMED,1,0.0,0.0,0.0,0.0,0.0,0.0,100.0,UNKNOWN,1,0.0,0.0,0.0,0.0,0.0,0.0,100.0,UNKNOWN,1,0.0,0.0,0.0,0.0,0.0,0.0,100.0,UNKNOWN,1,0.0,0.0,0.0,0.0,0.0,0.0,100.0,UNKNOWN,1,9.685040473937988,IDLE,0.0
1779449619.2115633,0.0,0.0,1.0,0.0,0.0,0.0,100.0,DISARMED,1,0.0,0.0,0.0,0.0,0.0,0.0,100.0,UNKNOWN,1,0.0,0.0,0.0,0.0,0.0,0.0,100.0,UNKNOWN,1,0.0,0.0,0.0,0.0,0.0,0.0,100.0,UNKNOWN,1,0.0,0.0,0.0,0.0,0.0,0.0,100.0,UNKNOWN,1,9.685040473937988,IDLE,0.0
1779449619.2943416,0.0,0.0,1.0,0.0,0.0,0.0,100.0,DISARMED,1,0.0,0.0,0.0,0.0,0.0,0.0,100.0,UNKNOWN,1,0.0,0.0,0.0,0.0,0.0,0.0,100.0,UNKNOWN,1,0.0,0.0,0.0,0.0,0.0,0.0,100.0,UNKNOWN,1,0.0,0.0,0.0,0.0,0.0,0.0,100.0,UNKNOWN,1,9.685040473937988,IDLE,0.0
1779449619.4629762,0.0,0.0,1.0,0.0,0.0,0.0,100.0,DISARMED,1,0.0,0.0,0.0,0.0,0.0,0.0,100.0,UNKNOWN,1,0.0,0.0,0.0,0.0,0.0,0.0,100.0,UNKNOWN,1,0.0,0.0,0.0,0.0,0.0,0.0,100.0,UNKNOWN,1,0.0,0.0,0.0,0.0,0.0,0.0,100.0,UNKNOWN,1,9.685040473937988,IDLE,0.0
1779449619.9612257,0.0,0.0,1.0,0.0,0.0,0.0,100.0,DISARMED,1,0.0,0.0,0.0,0.0,0.0,0.0,100.0,UNKNOWN,1,0.0,0.0,0.0,0.0,0.0,0.0,100.0,UNKNOWN,1,0.0,0.0,0.0,0.0,0.0,0.0,100.0,UNKNOWN,1,0.0,0.0,0.0,0.0,0.0,0.0,100.0,UNKNOWN,1,9.685040473937988,IDLE,0.0
1779449620.0882347,0.0,0.0,1.0,0.0,0.0,0.0,100.0,DISARMED,1,0.0,0.0,0.0,0.0,0.0,0.0,100.0,UNKNOWN,1,0.0,0.0,0.0,0.0,0.0,0.0,100.0,UNKNOWN,1,0.0,0.0,0.0,0.0,0.0,0.0,100.0,UNKNOWN,1,0.0,0.0,0.0,0.0,0.0,0.0,100.0,UNKNOWN,1,9.685040473937988,IDLE,0.0
1779449620.194125,0.0,0.0,1.0,0.0,0.0,0.0,100.0,DISARMED,1,0.0,0.0,0.0,0.0,0.0,0.0,100.0,UNKNOWN,1,0.0,0.0,0.0,0.0,0.0,0.0,100.0,UNKNOWN,1,0.0,0.0,0.0,0.0,0.0,0.0,100.0,UNKNOWN,1,0.0,0.0,0.0,0.0,0.0,0.0,100.0,UNKNOWN,1,9.685040473937988,IDLE,0.0
1779449620.2769308,0.0,0.0,1.0,0.0,0.0,0.0,100.0,DISARMED,1,0.0,0.0,0.0,0.0,0.0,0.0,100.0,UNKNOWN,1,0.0,0.0,0.0,0.0,0.0,0.0,100.0,UNKNOWN,1,0.0,0.0,0.0,0.0,0.0,0.0,100.0,UNKNOWN,1,0.0,0.0,0.0,0.0,0.0,0.0,100.0,UNKNOWN,1,9.685040473937988,IDLE,0.0
1779449620.3653977,0.0,0.0,1.0,0.0,0.0,0.0,100.0,DISARMED,1,0.0,0.0,0.0,0.0,0.0,0.0,100.0,UNKNOWN,1,0.0,0.0,0.0,0.0,0.0,0.0,100.0,UNKNOWN,1,0.0,0.0,0.0,0.0,0.0,0.0,100.0,UNKNOWN,1,0.0,0.0,0.0,0.0,0.0,0.0,100.0,UNKNOWN,1,9.685040473937988,IDLE,0.0
1779449620.797114,0.0,0.0,1.0,0.0,0.0,0.0,100.0,DISARMED,1,0.0,0.0,0.0,0.0,0.0,0.0,100.0,UNKNOWN,1,0.0,0.0,0.0,0.0,0.0,0.0,100.0,UNKNOWN,1,0.0,0.0,0.0,0.0,0.0,0.0,100.0,UNKNOWN,1,0.0,0.0,0.0,0.0,0.0,0.0,100.0,UNKNOWN,1,9.685040473937988,IDLE,0.0
1779449620.971581,0.0,0.0,1.0,0.0,0.0,0.0,100.0,DISARMED,1,0.0,0.0,0.0,0.0,0.0,0.0,100.0,UNKNOWN,1,0.0,0.0,0.0,0.0,0.0,0.0,100.0,UNKNOWN,1,0.0,0.0,0.0,0.0,0.0,0.0,100.0,UNKNOWN,1,0.0,0.0,0.0,0.0,0.0,0.0,100.0,UNKNOWN,1,9.685040473937988,IDLE,0.0
1779449621.09996,0.0,0.0,1.0,0.0,0.0,0.0,100.0,DISARMED,1,0.0,0.0,0.0,0.0,0.0,0.0,100.0,UNKNOWN,1,0.0,0.0,0.0,0.0,0.0,0.0,100.0,UNKNOWN,1,0.0,0.0,0.0,0.0,0.0,0.0,100.0,UNKNOWN,1,0.0,0.0,0.0,0.0,0.0,0.0,100.0,UNKNOWN,1,9.685040473937988,IDLE,0.0
1779449621.2453992,0.0,0.0,1.0,0.0,0.0,0.0,100.0,DISARMED,1,0.0,0.0,0.0,0.0,0.0,0.0,100.0,UNKNOWN,1,0.0,0.0,0.0,0.0,0.0,0.0,100.0,UNKNOWN,1,0.0,0.0,0.0,0.0,0.0,0.0,100.0,UNKNOWN,1,0.0,0.0,0.0,0.0,0.0,0.0,100.0,UNKNOWN,1,9.685040473937988,IDLE,0.0
1779449621.2609177,0.0,0.0,1.0,0.0,0.0,0.0,100.0,DISARMED,1,0.0,0.0,0.0,0.0,0.0,0.0,100.0,UNKNOWN,1,0.0,0.0,0.0,0.0,0.0,0.0,100.0,UNKNOWN,1,0.0,0.0,0.0,0.0,0.0,0.0,100.0,UNKNOWN,1,0.0,0.0,0.0,0.0,0.0,0.0,100.0,UNKNOWN,1,9.685040473937988,IDLE,0.0
1779449621.370296,0.0,0.0,1.0,0.0,0.0,0.0,100.0,DISARMED,1,0.0,0.0,0.0,0.0,0.0,0.0,100.0,UNKNOWN,1,0.0,0.0,0.0,0.0,0.0,0.0,100.0,UNKNOWN,1,0.0,0.0,0.0,0.0,0.0,0.0,100.0,UNKNOWN,1,0.0,0.0,0.0,0.0,0.0,0.0,100.0,UNKNOWN,1,9.685040473937988,IDLE,0.0
1779449621.6378818,0.0,0.0,1.0,0.0,0.0,0.0,100.0,DISARMED,1,0.0,0.0,0.0,0.0,0.0,0.0,100.0,UNKNOWN,1,0.0,0.0,0.0,0.0,0.0,0.0,100.0,UNKNOWN,1,0.0,0.0,0.0,0.0,0.0,0.0,100.0,UNKNOWN,1,0.0,0.0,0.0,0.0,0.0,0.0,100.0,UNKNOWN,1,9.685040473937988,IDLE,0.0
1779449621.7360194,0.0,0.0,1.0,0.0,0.0,0.0,100.0,DISARMED,1,0.0,0.0,0.0,0.0,0.0,0.0,100.0,UNKNOWN,1,0.0,0.0,0.0,0.0,0.0,0.0,100.0,UNKNOWN,1,0.0,0.0,0.0,0.0,0.0,0.0,100.0,UNKNOWN,1,0.0,0.0,0.0,0.0,0.0,0.0,100.0,UNKNOWN,1,9.685040473937988,IDLE,0.0
1779449621.785805,0.0,0.0,1.0,0.0,0.0,0.0,100.0,DISARMED,1,0.0,0.0,0.0,0.0,0.0,0.0,100.0,UNKNOWN,1,0.0,0.0,0.0,0.0,0.0,0.0,100.0,UNKNOWN,1,0.0,0.0,0.0,0.0,0.0,0.0,100.0,UNKNOWN,1,0.0,0.0,0.0,0.0,0.0,0.0,100.0,UNKNOWN,1,9.685040473937988,IDLE,0.0
1779449621.9329445,0.0,0.0,1.0,0.0,0.0,0.0,100.0,DISARMED,1,0.0,0.0,0.0,0.0,0.0,0.0,100.0,UNKNOWN,1,0.0,0.0,0.0,0.0,0.0,0.0,100.0,UNKNOWN,1,0.0,0.0,0.0,0.0,0.0,0.0,100.0,UNKNOWN,1,0.0,0.0,0.0,0.0,0.0,0.0,100.0,UNKNOWN,1,9.685040473937988,IDLE,0.0
1779449622.049556,0.0,0.0,1.0,0.0,0.0,0.0,100.0,DISARMED,1,0.0,0.0,0.0,0.0,0.0,0.0,100.0,UNKNOWN,1,0.0,0.0,0.0,0.0,0.0,0.0,100.0,UNKNOWN,1,0.0,0.0,0.0,0.0,0.0,0.0,100.0,UNKNOWN,1,0.0,0.0,0.0,0.0,0.0,0.0,100.0,UNKNOWN,1,9.685040473937988,IDLE,0.0
1779449622.110017,0.0,0.0,1.0,0.0,0.0,0.0,100.0,DISARMED,1,0.0,0.0,0.0,0.0,0.0,0.0,100.0,UNKNOWN,1,0.0,0.0,0.0,0.0,0.0,0.0,100.0,UNKNOWN,1,0.0,0.0,0.0,0.0,0.0,0.0,100.0,UNKNOWN,1,0.0,0.0,0.0,0.0,0.0,0.0,100.0,UNKNOWN,1,9.685040473937988,IDLE,0.0
1779449622.2174873,0.0,0.0,1.0,0.0,0.0,0.0,100.0,DISARMED,1,0.0,0.0,0.0,0.0,0.0,0.0,100.0,UNKNOWN,1,0.0,0.0,0.0,0.0,0.0,0.0,100.0,UNKNOWN,1,0.0,0.0,0.0,0.0,0.0,0.0,100.0,UNKNOWN,1,0.0,0.0,0.0,0.0,0.0,0.0,100.0,UNKNOWN,1,9.685040473937988,IDLE,0.0
1779449622.2980208,0.0,0.0,1.0,0.0,0.0,0.0,100.0,DISARMED,1,0.0,0.0,0.0,0.0,0.0,0.0,100.0,UNKNOWN,1,0.0,0.0,0.0,0.0,0.0,0.0,100.0,UNKNOWN,1,0.0,0.0,0.0,0.0,0.0,0.0,100.0,UNKNOWN,1,0.0,0.0,0.0,0.0,0.0,0.0,100.0,UNKNOWN,1,9.685040473937988,IDLE,0.0
1779449622.4455442,0.0,0.0,1.0,0.0,0.0,0.0,100.0,DISARMED,1,0.0,0.0,0.0,0.0,0.0,0.0,100.0,UNKNOWN,1,0.0,0.0,0.0,0.0,0.0,0.0,100.0,UNKNOWN,1,0.0,0.0,0.0,0.0,0.0,0.0,100.0,UNKNOWN,1,0.0,0.0,0.0,0.0,0.0,0.0,100.0,UNKNOWN,1,9.685040473937988,IDLE,0.0
1779449622.6948626,0.0,0.0,1.0,0.0,0.0,0.0,100.0,DISARMED,1,0.0,0.0,0.0,0.0,0.0,0.0,100.0,UNKNOWN,1,0.0,0.0,0.0,0.0,0.0,0.0,100.0,UNKNOWN,1,0.0,0.0,0.0,0.0,0.0,0.0,100.0,UNKNOWN,1,0.0,0.0,0.0,0.0,0.0,0.0,100.0,UNKNOWN,1,9.685040473937988,IDLE,0.0
1779449622.821427,0.0,0.0,1.0,0.0,0.0,0.0,100.0,DISARMED,1,0.0,0.0,0.0,0.0,0.0,0.0,100.0,UNKNOWN,1,0.0,0.0,0.0,0.0,0.0,0.0,100.0,UNKNOWN,1,0.0,0.0,0.0,0.0,0.0,0.0,100.0,UNKNOWN,1,0.0,0.0,0.0,0.0,0.0,0.0,100.0,UNKNOWN,1,9.685040473937988,IDLE,0.0
1779449623.1201086,0.0,0.0,1.0,0.0,0.0,0.0,100.0,DISARMED,1,0.0,0.0,0.0,0.0,0.0,0.0,100.0,UNKNOWN,1,0.0,0.0,0.0,0.0,0.0,0.0,100.0,UNKNOWN,1,0.0,0.0,0.0,0.0,0.0,0.0,100.0,UNKNOWN,1,0.0,0.0,0.0,0.0,0.0,0.0,100.0,UNKNOWN,1,9.685040473937988,IDLE,0.0
1779449623.17092,0.0,0.0,1.0,0.0,0.0,0.0,100.0,DISARMED,1,0.0,0.0,0.0,0.0,0.0,0.0,100.0,UNKNOWN,1,0.0,0.0,0.0,0.0,0.0,0.0,100.0,UNKNOWN,1,0.0,0.0,0.0,0.0,0.0,0.0,100.0,UNKNOWN,1,0.0,0.0,0.0,0.0,0.0,0.0,100.0,UNKNOWN,1,9.685040473937988,IDLE,0.0
1779449623.3861823,0.0,0.0,1.0,0.0,0.0,0.0,100.0,DISARMED,1,0.0,0.0,0.0,0.0,0.0,0.0,100.0,UNKNOWN,1,0.0,0.0,0.0,0.0,0.0,0.0,100.0,UNKNOWN,1,0.0,0.0,0.0,0.0,0.0,0.0,100.0,UNKNOWN,1,0.0,0.0,0.0,0.0,0.0,0.0,100.0,UNKNOWN,1,9.685040473937988,IDLE,0.0
1779449623.7713583,0.0,0.0,1.0,0.0,0.0,0.0,100.0,DISARMED,1,0.0,0.0,0.0,0.0,0.0,0.0,100.0,UNKNOWN,1,0.0,0.0,0.0,0.0,0.0,0.0,100.0,UNKNOWN,1,0.0,0.0,0.0,0.0,0.0,0.0,100.0,UNKNOWN,1,0.0,0.0,0.0,0.0,0.0,0.0,100.0,UNKNOWN,1,9.685040473937988,IDLE,0.0
1779449623.9130611,0.0,0.0,1.0,0.0,0.0,0.0,100.0,DISARMED,1,0.0,0.0,0.0,0.0,0.0,0.0,100.0,UNKNOWN,1,0.0,0.0,0.0,0.0,0.0,0.0,100.0,UNKNOWN,1,0.0,0.0,0.0,0.0,0.0,0.0,100.0,UNKNOWN,1,0.0,0.0,0.0,0.0,0.0,0.0,100.0,UNKNOWN,1,9.685040473937988,IDLE,0.0
1779449624.031619,0.0,0.0,1.0,0.0,0.0,0.0,100.0,DISARMED,1,0.0,0.0,0.0,0.0,0.0,0.0,100.0,UNKNOWN,1,0.0,0.0,0.0,0.0,0.0,0.0,100.0,UNKNOWN,1,0.0,0.0,0.0,0.0,0.0,0.0,100.0,UNKNOWN,1,0.0,0.0,0.0,0.0,0.0,0.0,100.0,UNKNOWN,1,9.685040473937988,IDLE,0.0
1779449624.090357,0.0,0.0,1.0,0.0,0.0,0.0,100.0,DISARMED,1,0.0,0.0,0.0,0.0,0.0,0.0,100.0,UNKNOWN,1,0.0,0.0,0.0,0.0,0.0,0.0,100.0,UNKNOWN,1,0.0,0.0,0.0,0.0,0.0,0.0,100.0,UNKNOWN,1,0.0,0.0,0.0,0.0,0.0,0.0,100.0,UNKNOWN,1,9.685040473937988,IDLE,0.0
1779449624.1690829,0.0,0.0,1.0,0.0,0.0,0.0,100.0,DISARMED,1,0.0,0.0,0.0,0.0,0.0,0.0,100.0,UNKNOWN,1,0.0,0.0,0.0,0.0,0.0,0.0,100.0,UNKNOWN,1,0.0,0.0,0.0,0.0,0.0,0.0,100.0,UNKNOWN,1,0.0,0.0,0.0,0.0,0.0,0.0,100.0,UNKNOWN,1,9.685040473937988,IDLE,0.0
1779449624.3101401,0.0,0.0,1.0,0.0,0.0,0.0,100.0,DISARMED,1,0.0,0.0,0.0,0.0,0.0,0.0,100.0,UNKNOWN,1,0.0,0.0,0.0,0.0,0.0,0.0,100.0,UNKNOWN,1,0.0,0.0,0.0,0.0,0.0,0.0,100.0,UNKNOWN,1,0.0,0.0,0.0,0.0,0.0,0.0,100.0,UNKNOWN,1,9.685040473937988,IDLE,0.0
1779449624.4422257,0.0,0.0,1.0,0.0,0.0,0.0,100.0,DISARMED,1,0.0,0.0,0.0,0.0,0.0,0.0,100.0,UNKNOWN,1,0.0,0.0,0.0,0.0,0.0,0.0,100.0,UNKNOWN,1,0.0,0.0,0.0,0.0,0.0,0.0,100.0,UNKNOWN,1,0.0,0.0,0.0,0.0,0.0,0.0,100.0,UNKNOWN,1,9.685040473937988,IDLE,0.0
1779449624.9041219,0.0,0.0,1.0,0.0,0.0,0.0,100.0,DISARMED,1,0.0,0.0,0.0,0.0,0.0,0.0,100.0,UNKNOWN,1,0.0,0.0,0.0,0.0,0.0,0.0,100.0,UNKNOWN,1,0.0,0.0,0.0,0.0,0.0,0.0,100.0,UNKNOWN,1,0.0,0.0,0.0,0.0,0.0,0.0,100.0,UNKNOWN,1,9.685040473937988,IDLE,0.0
1779449624.973305,0.0,0.0,1.0,0.0,0.0,0.0,100.0,DISARMED,1,0.0,0.0,0.0,0.0,0.0,0.0,100.0,UNKNOWN,1,0.0,0.0,0.0,0.0,0.0,0.0,100.0,UNKNOWN,1,0.0,0.0,0.0,0.0,0.0,0.0,100.0,UNKNOWN,1,0.0,0.0,0.0,0.0,0.0,0.0,100.0,UNKNOWN,1,9.685040473937988,IDLE,0.0
1779449625.0805357,0.0,0.0,1.0,0.0,0.0,0.0,100.0,DISARMED,1,0.0,0.0,0.0,0.0,0.0,0.0,100.0,UNKNOWN,1,0.0,0.0,0.0,0.0,0.0,0.0,100.0,UNKNOWN,1,0.0,0.0,0.0,0.0,0.0,0.0,100.0,UNKNOWN,1,0.0,0.0,0.0,0.0,0.0,0.0,100.0,UNKNOWN,1,9.685040473937988,IDLE,0.0
1779449625.300272,0.0,0.0,1.0,0.0,0.0,0.0,100.0,DISARMED,1,0.0,0.0,0.0,0.0,0.0,0.0,100.0,UNKNOWN,1,0.0,0.0,0.0,0.0,0.0,0.0,100.0,UNKNOWN,1,0.0,0.0,0.0,0.0,0.0,0.0,100.0,UNKNOWN,1,0.0,0.0,0.0,0.0,0.0,0.0,100.0,UNKNOWN,1,9.685040473937988,IDLE,0.0
1779449625.3599768,0.0,0.0,1.0,0.0,0.0,0.0,100.0,DISARMED,1,0.0,0.0,0.0,0.0,0.0,0.0,100.0,UNKNOWN,1,0.0,0.0,0.0,0.0,0.0,0.0,100.0,UNKNOWN,1,0.0,0.0,0.0,0.0,0.0,0.0,100.0,UNKNOWN,1,0.0,0.0,0.0,0.0,0.0,0.0,100.0,UNKNOWN,1,9.685040473937988,IDLE,0.0
1779449625.7081237,0.0,0.0,1.0,0.0,0.0,0.0,100.0,DISARMED,1,0.0,0.0,0.0,0.0,0.0,0.0,100.0,UNKNOWN,1,0.0,0.0,0.0,0.0,0.0,0.0,100.0,UNKNOWN,1,0.0,0.0,0.0,0.0,0.0,0.0,100.0,UNKNOWN,1,0.0,0.0,0.0,0.0,0.0,0.0,100.0,UNKNOWN,1,9.685040473937988,IDLE,0.0
1779449625.837092,0.0,0.0,1.0,0.0,0.0,0.0,100.0,DISARMED,1,0.0,0.0,0.0,0.0,0.0,0.0,100.0,UNKNOWN,1,0.0,0.0,0.0,0.0,0.0,0.0,100.0,UNKNOWN,1,0.0,0.0,0.0,0.0,0.0,0.0,100.0,UNKNOWN,1,0.0,0.0,0.0,0.0,0.0,0.0,100.0,UNKNOWN,1,9.685040473937988,IDLE,0.0
1779449625.8603623,0.0,0.0,1.0,0.0,0.0,0.0,100.0,DISARMED,1,0.0,0.0,0.0,0.0,0.0,0.0,100.0,UNKNOWN,1,0.0,0.0,0.0,0.0,0.0,0.0,100.0,UNKNOWN,1,0.0,0.0,0.0,0.0,0.0,0.0,100.0,UNKNOWN,1,0.0,0.0,0.0,0.0,0.0,0.0,100.0,UNKNOWN,1,9.685040473937988,IDLE,0.0
1779449626.0106094,0.0,0.0,1.0,0.0,0.0,0.0,100.0,DISARMED,1,0.0,0.0,0.0,0.0,0.0,0.0,100.0,UNKNOWN,1,0.0,0.0,0.0,0.0,0.0,0.0,100.0,UNKNOWN,1,0.0,0.0,0.0,0.0,0.0,0.0,100.0,UNKNOWN,1,0.0,0.0,0.0,0.0,0.0,0.0,100.0,UNKNOWN,1,9.685040473937988,IDLE,0.0
1779449626.1914682,0.0,0.0,1.0,0.0,0.0,0.0,100.0,DISARMED,1,0.0,0.0,0.0,0.0,0.0,0.0,100.0,UNKNOWN,1,0.0,0.0,0.0,0.0,0.0,0.0,100.0,UNKNOWN,1,0.0,0.0,0.0,0.0,0.0,0.0,100.0,UNKNOWN,1,0.0,0.0,0.0,0.0,0.0,0.0,100.0,UNKNOWN,1,9.685040473937988,IDLE,0.0
1779449626.297462,0.0,0.0,1.0,0.0,0.0,0.0,100.0,DISARMED,1,0.0,0.0,0.0,0.0,0.0,0.0,100.0,UNKNOWN,1,0.0,0.0,0.0,0.0,0.0,0.0,100.0,UNKNOWN,1,0.0,0.0,0.0,0.0,0.0,0.0,100.0,UNKNOWN,1,0.0,0.0,0.0,0.0,0.0,0.0,100.0,UNKNOWN,1,9.685040473937988,IDLE,0.0
1779449626.627145,0.0,0.0,1.0,0.0,0.0,0.0,100.0,DISARMED,1,0.0,0.0,0.0,0.0,0.0,0.0,100.0,UNKNOWN,1,0.0,0.0,0.0,0.0,0.0,0.0,100.0,UNKNOWN,1,0.0,0.0,0.0,0.0,0.0,0.0,100.0,UNKNOWN,1,0.0,0.0,0.0,0.0,0.0,0.0,100.0,UNKNOWN,1,9.685040473937988,IDLE,0.0
1779449626.7058384,0.0,0.0,1.0,0.0,0.0,0.0,100.0,DISARMED,1,0.0,0.0,0.0,0.0,0.0,0.0,100.0,UNKNOWN,1,0.0,0.0,0.0,0.0,0.0,0.0,100.0,UNKNOWN,1,0.0,0.0,0.0,0.0,0.0,0.0,100.0,UNKNOWN,1,0.0,0.0,0.0,0.0,0.0,0.0,100.0,UNKNOWN,1,9.685040473937988,IDLE,0.0
1779449626.7877457,0.0,0.0,1.0,0.0,0.0,0.0,100.0,DISARMED,1,0.0,0.0,0.0,0.0,0.0,0.0,100.0,UNKNOWN,1,0.0,0.0,0.0,0.0,0.0,0.0,100.0,UNKNOWN,1,0.0,0.0,0.0,0.0,0.0,0.0,100.0,UNKNOWN,1,0.0,0.0,0.0,0.0,0.0,0.0,100.0,UNKNOWN,1,9.685040473937988,IDLE,0.0
1779449626.8929598,0.0,0.0,1.0,0.0,0.0,0.0,100.0,DISARMED,1,0.0,0.0,0.0,0.0,0.0,0.0,100.0,UNKNOWN,1,0.0,0.0,0.0,0.0,0.0,0.0,100.0,UNKNOWN,1,0.0,0.0,0.0,0.0,0.0,0.0,100.0,UNKNOWN,1,0.0,0.0,0.0,0.0,0.0,0.0,100.0,UNKNOWN,1,9.685040473937988,IDLE,0.0
1779449626.9836926,0.0,0.0,1.0,0.0,0.0,0.0,100.0,DISARMED,1,0.0,0.0,0.0,0.0,0.0,0.0,100.0,UNKNOWN,1,0.0,0.0,0.0,0.0,0.0,0.0,100.0,UNKNOWN,1,0.0,0.0,0.0,0.0,0.0,0.0,100.0,UNKNOWN,1,0.0,0.0,0.0,0.0,0.0,0.0,100.0,UNKNOWN,1,9.685040473937988,IDLE,0.0
1779449627.065922,0.0,0.0,1.0,0.0,0.0,0.0,100.0,DISARMED,1,0.0,0.0,0.0,0.0,0.0,0.0,100.0,UNKNOWN,1,0.0,0.0,0.0,0.0,0.0,0.0,100.0,UNKNOWN,1,0.0,0.0,0.0,0.0,0.0,0.0,100.0,UNKNOWN,1,0.0,0.0,0.0,0.0,0.0,0.0,100.0,UNKNOWN,1,9.685040473937988,IDLE,0.0
1779449627.1903684,0.0,0.0,1.0,0.0,0.0,0.0,100.0,DISARMED,1,0.0,0.0,0.0,0.0,0.0,0.0,100.0,UNKNOWN,1,0.0,0.0,0.0,0.0,0.0,0.0,100.0,UNKNOWN,1,0.0,0.0,0.0,0.0,0.0,0.0,100.0,UNKNOWN,1,0.0,0.0,0.0,0.0,0.0,0.0,100.0,UNKNOWN,1,9.685040473937988,IDLE,0.0
1779449627.2637646,0.0,0.0,1.0,0.0,0.0,0.0,100.0,DISARMED,1,0.0,0.0,0.0,0.0,0.0,0.0,100.0,UNKNOWN,1,0.0,0.0,0.0,0.0,0.0,0.0,100.0,UNKNOWN,1,0.0,0.0,0.0,0.0,0.0,0.0,100.0,UNKNOWN,1,0.0,0.0,0.0,0.0,0.0,0.0,100.0,UNKNOWN,1,9.685040473937988,IDLE,0.0
1779449627.3627534,0.0,0.0,1.0,0.0,0.0,0.0,100.0,DISARMED,1,0.0,0.0,0.0,0.0,0.0,0.0,100.0,UNKNOWN,1,0.0,0.0,0.0,0.0,0.0,0.0,100.0,UNKNOWN,1,0.0,0.0,0.0,0.0,0.0,0.0,100.0,UNKNOWN,1,0.0,0.0,0.0,0.0,0.0,0.0,100.0,UNKNOWN,1,9.685040473937988,IDLE,0.0
1779449627.6641953,0.0,0.0,1.0,0.0,0.0,0.0,100.0,DISARMED,1,0.0,0.0,0.0,0.0,0.0,0.0,100.0,UNKNOWN,1,0.0,0.0,0.0,0.0,0.0,0.0,100.0,UNKNOWN,1,0.0,0.0,0.0,0.0,0.0,0.0,100.0,UNKNOWN,1,0.0,0.0,0.0,0.0,0.0,0.0,100.0,UNKNOWN,1,9.685040473937988,IDLE,0.0
1779449627.7835362,0.0,0.0,1.0,0.0,0.0,0.0,100.0,DISARMED,1,0.0,0.0,0.0,0.0,0.0,0.0,100.0,UNKNOWN,1,0.0,0.0,0.0,0.0,0.0,0.0,100.0,UNKNOWN,1,0.0,0.0,0.0,0.0,0.0,0.0,100.0,UNKNOWN,1,0.0,0.0,0.0,0.0,0.0,0.0,100.0,UNKNOWN,1,9.685040473937988,IDLE,0.0
1779449627.9242947,0.0,0.0,1.0,0.0,0.0,0.0,100.0,DISARMED,1,0.0,0.0,0.0,0.0,0.0,0.0,100.0,UNKNOWN,1,0.0,0.0,0.0,0.0,0.0,0.0,100.0,UNKNOWN,1,0.0,0.0,0.0,0.0,0.0,0.0,100.0,UNKNOWN,1,0.0,0.0,0.0,0.0,0.0,0.0,100.0,UNKNOWN,1,9.685040473937988,IDLE,0.0
1779449627.9883554,0.0,0.0,1.0,0.0,0.0,0.0,100.0,DISARMED,1,0.0,0.0,0.0,0.0,0.0,0.0,100.0,UNKNOWN,1,0.0,0.0,0.0,0.0,0.0,0.0,100.0,UNKNOWN,1,0.0,0.0,0.0,0.0,0.0,0.0,100.0,UNKNOWN,1,0.0,0.0,0.0,0.0,0.0,0.0,100.0,UNKNOWN,1,9.685040473937988,IDLE,0.0
1779449628.1885955,0.0,0.0,1.0,0.0,0.0,0.0,100.0,DISARMED,1,0.0,0.0,0.0,0.0,0.0,0.0,100.0,UNKNOWN,1,0.0,0.0,0.0,0.0,0.0,0.0,100.0,UNKNOWN,1,0.0,0.0,0.0,0.0,0.0,0.0,100.0,UNKNOWN,1,0.0,0.0,0.0,0.0,0.0,0.0,100.0,UNKNOWN,1,9.685040473937988,IDLE,0.0
1779449628.2615862,0.0,0.0,1.0,0.0,0.0,0.0,100.0,DISARMED,1,0.0,0.0,0.0,0.0,0.0,0.0,100.0,UNKNOWN,1,0.0,0.0,0.0,0.0,0.0,0.0,100.0,UNKNOWN,1,0.0,0.0,0.0,0.0,0.0,0.0,100.0,UNKNOWN,1,0.0,0.0,0.0,0.0,0.0,0.0,100.0,UNKNOWN,1,9.685040473937988,IDLE,0.0
1779449628.396647,0.0,0.0,1.0,0.0,0.0,0.0,100.0,DISARMED,1,0.0,0.0,0.0,0.0,0.0,0.0,100.0,UNKNOWN,1,0.0,0.0,0.0,0.0,0.0,0.0,100.0,UNKNOWN,1,0.0,0.0,0.0,0.0,0.0,0.0,100.0,UNKNOWN,1,0.0,0.0,0.0,0.0,0.0,0.0,100.0,UNKNOWN,1,9.685040473937988,IDLE,0.0
1779449628.9439402,0.0,0.0,1.0,0.0,0.0,0.0,100.0,DISARMED,1,0.0,0.0,0.0,0.0,0.0,0.0,100.0,UNKNOWN,1,0.0,0.0,0.0,0.0,0.0,0.0,100.0,UNKNOWN,1,0.0,0.0,0.0,0.0,0.0,0.0,100.0,UNKNOWN,1,0.0,0.0,0.0,0.0,0.0,0.0,100.0,UNKNOWN,1,9.685040473937988,IDLE,0.0
1779449628.9736936,0.0,0.0,1.0,0.0,0.0,0.0,100.0,DISARMED,1,0.0,0.0,0.0,0.0,0.0,0.0,100.0,UNKNOWN,1,0.0,0.0,0.0,0.0,0.0,0.0,100.0,UNKNOWN,1,0.0,0.0,0.0,0.0,0.0,0.0,100.0,UNKNOWN,1,0.0,0.0,0.0,0.0,0.0,0.0,100.0,UNKNOWN,1,9.685040473937988,IDLE,0.0
1779449629.0684211,0.0,0.0,1.0,0.0,0.0,0.0,100.0,DISARMED,1,0.0,0.0,0.0,0.0,0.0,0.0,100.0,UNKNOWN,1,0.0,0.0,0.0,0.0,0.0,0.0,100.0,UNKNOWN,1,0.0,0.0,0.0,0.0,0.0,0.0,100.0,UNKNOWN,1,0.0,0.0,0.0,0.0,0.0,0.0,100.0,UNKNOWN,1,9.685040473937988,IDLE,0.0
1779449629.1691203,0.0,0.0,1.0,0.0,0.0,0.0,100.0,DISARMED,1,0.0,0.0,0.0,0.0,0.0,0.0,100.0,UNKNOWN,1,0.0,0.0,0.0,0.0,0.0,0.0,100.0,UNKNOWN,1,0.0,0.0,0.0,0.0,0.0,0.0,100.0,UNKNOWN,1,0.0,0.0,0.0,0.0,0.0,0.0,100.0,UNKNOWN,1,9.685040473937988,IDLE,0.0
1779449629.3362784,0.0,0.0,1.0,0.0,0.0,0.0,100.0,DISARMED,1,0.0,0.0,0.0,0.0,0.0,0.0,100.0,UNKNOWN,1,0.0,0.0,0.0,0.0,0.0,0.0,100.0,UNKNOWN,1,0.0,0.0,0.0,0.0,0.0,0.0,100.0,UNKNOWN,1,0.0,0.0,0.0,0.0,0.0,0.0,100.0,UNKNOWN,1,9.685040473937988,IDLE,0.0
1779449629.366468,0.0,0.0,1.0,0.0,0.0,0.0,100.0,DISARMED,1,0.0,0.0,0.0,0.0,0.0,0.0,100.0,UNKNOWN,1,0.0,0.0,0.0,0.0,0.0,0.0,100.0,UNKNOWN,1,0.0,0.0,0.0,0.0,0.0,0.0,100.0,UNKNOWN,1,0.0,0.0,0.0,0.0,0.0,0.0,100.0,UNKNOWN,1,9.685040473937988,IDLE,0.0
1779449629.5822775,0.0,0.0,1.0,0.0,0.0,0.0,100.0,DISARMED,1,0.0,0.0,0.0,0.0,0.0,0.0,100.0,UNKNOWN,1,0.0,0.0,0.0,0.0,0.0,0.0,100.0,UNKNOWN,1,0.0,0.0,0.0,0.0,0.0,0.0,100.0,UNKNOWN,1,0.0,0.0,0.0,0.0,0.0,0.0,100.0,UNKNOWN,1,9.685040473937988,IDLE,0.0
1779449629.6901972,0.0,0.0,1.0,0.0,0.0,0.0,100.0,DISARMED,1,0.0,0.0,0.0,0.0,0.0,0.0,100.0,UNKNOWN,1,0.0,0.0,0.0,0.0,0.0,0.0,100.0,UNKNOWN,1,0.0,0.0,0.0,0.0,0.0,0.0,100.0,UNKNOWN,1,0.0,0.0,0.0,0.0,0.0,0.0,100.0,UNKNOWN,1,9.685040473937988,IDLE,0.0
1779449629.767566,0.0,0.0,1.0,0.0,0.0,0.0,100.0,DISARMED,1,0.0,0.0,0.0,0.0,0.0,0.0,100.0,UNKNOWN,1,0.0,0.0,0.0,0.0,0.0,0.0,100.0,UNKNOWN,1,0.0,0.0,0.0,0.0,0.0,0.0,100.0,UNKNOWN,1,0.0,0.0,0.0,0.0,0.0,0.0,100.0,UNKNOWN,1,9.685040473937988,IDLE,0.0
1779449629.9411957,0.0,0.0,1.0,0.0,0.0,0.0,100.0,DISARMED,1,0.0,0.0,0.0,0.0,0.0,0.0,100.0,UNKNOWN,1,0.0,0.0,0.0,0.0,0.0,0.0,100.0,UNKNOWN,1,0.0,0.0,0.0,0.0,0.0,0.0,100.0,UNKNOWN,1,0.0,0.0,0.0,0.0,0.0,0.0,100.0,UNKNOWN,1,9.685040473937988,IDLE,0.0
1779449630.0064306,0.0,0.0,1.0,0.0,0.0,0.0,100.0,DISARMED,1,0.0,0.0,0.0,0.0,0.0,0.0,100.0,UNKNOWN,1,0.0,0.0,0.0,0.0,0.0,0.0,100.0,UNKNOWN,1,0.0,0.0,0.0,0.0,0.0,0.0,100.0,UNKNOWN,1,0.0,0.0,0.0,0.0,0.0,0.0,100.0,UNKNOWN,1,9.685040473937988,IDLE,0.0
1779449630.0696127,0.0,0.0,1.0,0.0,0.0,0.0,100.0,DISARMED,1,0.0,0.0,0.0,0.0,0.0,0.0,100.0,UNKNOWN,1,0.0,0.0,0.0,0.0,0.0,0.0,100.0,UNKNOWN,1,0.0,0.0,0.0,0.0,0.0,0.0,100.0,UNKNOWN,1,0.0,0.0,0.0,0.0,0.0,0.0,100.0,UNKNOWN,1,9.685040473937988,IDLE,0.0
1779449630.2018986,0.0,0.0,1.0,0.0,0.0,0.0,100.0,DISARMED,1,0.0,0.0,0.0,0.0,0.0,0.0,100.0,UNKNOWN,1,0.0,0.0,0.0,0.0,0.0,0.0,100.0,UNKNOWN,1,0.0,0.0,0.0,0.0,0.0,0.0,100.0,UNKNOWN,1,0.0,0.0,0.0,0.0,0.0,0.0,100.0,UNKNOWN,1,9.685040473937988,IDLE,0.0
1779449630.2928622,0.0,0.0,1.0,0.0,0.0,0.0,100.0,DISARMED,1,0.0,0.0,0.0,0.0,0.0,0.0,100.0,UNKNOWN,1,0.0,0.0,0.0,0.0,0.0,0.0,100.0,UNKNOWN,1,0.0,0.0,0.0,0.0,0.0,0.0,100.0,UNKNOWN,1,0.0,0.0,0.0,0.0,0.0,0.0,100.0,UNKNOWN,1,9.685040473937988,IDLE,0.0
1779449630.3680708,0.0,0.0,1.0,0.0,0.0,0.0,100.0,DISARMED,1,0.0,0.0,0.0,0.0,0.0,0.0,100.0,UNKNOWN,1,0.0,0.0,0.0,0.0,0.0,0.0,100.0,UNKNOWN,1,0.0,0.0,0.0,0.0,0.0,0.0,100.0,UNKNOWN,1,0.0,0.0,0.0,0.0,0.0,0.0,100.0,UNKNOWN,1,9.685040473937988,IDLE,0.0
1779449630.7299705,0.0,0.0,1.0,0.0,0.0,0.0,100.0,DISARMED,1,0.0,0.0,0.0,0.0,0.0,0.0,100.0,UNKNOWN,1,0.0,0.0,0.0,0.0,0.0,0.0,100.0,UNKNOWN,1,0.0,0.0,0.0,0.0,0.0,0.0,100.0,UNKNOWN,1,0.0,0.0,0.0,0.0,0.0,0.0,100.0,UNKNOWN,1,9.685040473937988,IDLE,0.0
1779449630.8971293,0.0,0.0,1.0,0.0,0.0,0.0,100.0,DISARMED,1,0.0,0.0,0.0,0.0,0.0,0.0,100.0,UNKNOWN,1,0.0,0.0,0.0,0.0,0.0,0.0,100.0,UNKNOWN,1,0.0,0.0,0.0,0.0,0.0,0.0,100.0,UNKNOWN,1,0.0,0.0,0.0,0.0,0.0,0.0,100.0,UNKNOWN,1,9.685040473937988,IDLE,0.0
1779449631.0661018,0.0,0.0,1.0,0.0,0.0,0.0,100.0,DISARMED,1,0.0,0.0,0.0,0.0,0.0,0.0,100.0,UNKNOWN,1,0.0,0.0,0.0,0.0,0.0,0.0,100.0,UNKNOWN,1,0.0,0.0,0.0,0.0,0.0,0.0,100.0,UNKNOWN,1,0.0,0.0,0.0,0.0,0.0,0.0,100.0,UNKNOWN,1,9.685040473937988,IDLE,0.0
1779449631.2058835,0.0,0.0,1.0,0.0,0.0,0.0,100.0,DISARMED,1,0.0,0.0,0.0,0.0,0.0,0.0,100.0,UNKNOWN,1,0.0,0.0,0.0,0.0,0.0,0.0,100.0,UNKNOWN,1,0.0,0.0,0.0,0.0,0.0,0.0,100.0,UNKNOWN,1,0.0,0.0,0.0,0.0,0.0,0.0,100.0,UNKNOWN,1,9.685040473937988,IDLE,0.0
1779449631.283249,0.0,0.0,1.0,0.0,0.0,0.0,100.0,DISARMED,1,0.0,0.0,0.0,0.0,0.0,0.0,100.0,UNKNOWN,1,0.0,0.0,0.0,0.0,0.0,0.0,100.0,UNKNOWN,1,0.0,0.0,0.0,0.0,0.0,0.0,100.0,UNKNOWN,1,0.0,0.0,0.0,0.0,0.0,0.0,100.0,UNKNOWN,1,9.685040473937988,IDLE,0.0
1779449631.43851,0.0,0.0,1.0,0.0,0.0,0.0,100.0,DISARMED,1,0.0,0.0,0.0,0.0,0.0,0.0,100.0,UNKNOWN,1,0.0,0.0,0.0,0.0,0.0,0.0,100.0,UNKNOWN,1,0.0,0.0,0.0,0.0,0.0,0.0,100.0,UNKNOWN,1,0.0,0.0,0.0,0.0,0.0,0.0,100.0,UNKNOWN,1,9.685040473937988,IDLE,0.0
1779449631.8543506,0.0,0.0,1.0,0.0,0.0,0.0,100.0,DISARMED,1,0.0,0.0,0.0,0.0,0.0,0.0,100.0,UNKNOWN,1,0.0,0.0,0.0,0.0,0.0,0.0,100.0,UNKNOWN,1,0.0,0.0,0.0,0.0,0.0,0.0,100.0,UNKNOWN,1,0.0,0.0,0.0,0.0,0.0,0.0,100.0,UNKNOWN,1,9.685040473937988,IDLE,0.0
1779449632.0772922,0.0,0.0,1.0,0.0,0.0,0.0,100.0,DISARMED,1,0.0,0.0,0.0,0.0,0.0,0.0,100.0,UNKNOWN,1,0.0,0.0,0.0,0.0,0.0,0.0,100.0,UNKNOWN,1,0.0,0.0,0.0,0.0,0.0,0.0,100.0,UNKNOWN,1,0.0,0.0,0.0,0.0,0.0,0.0,100.0,UNKNOWN,1,9.685040473937988,IDLE,0.0
1779449632.1250484,0.0,0.0,1.0,0.0,0.0,0.0,100.0,DISARMED,1,0.0,0.0,0.0,0.0,0.0,0.0,100.0,UNKNOWN,1,0.0,0.0,0.0,0.0,0.0,0.0,100.0,UNKNOWN,1,0.0,0.0,0.0,0.0,0.0,0.0,100.0,UNKNOWN,1,0.0,0.0,0.0,0.0,0.0,0.0,100.0,UNKNOWN,1,9.685040473937988,IDLE,0.0
1779449632.2266235,0.0,0.0,1.0,0.0,0.0,0.0,100.0,DISARMED,1,0.0,0.0,0.0,0.0,0.0,0.0,100.0,UNKNOWN,1,0.0,0.0,0.0,0.0,0.0,0.0,100.0,UNKNOWN,1,0.0,0.0,0.0,0.0,0.0,0.0,100.0,UNKNOWN,1,0.0,0.0,0.0,0.0,0.0,0.0,100.0,UNKNOWN,1,9.685040473937988,IDLE,0.0
1779449632.8785899,0.0,0.0,1.0,0.0,0.0,0.0,100.0,DISARMED,1,0.0,0.0,0.0,0.0,0.0,0.0,100.0,UNKNOWN,1,0.0,0.0,0.0,0.0,0.0,0.0,100.0,UNKNOWN,1,0.0,0.0,0.0,0.0,0.0,0.0,100.0,UNKNOWN,1,0.0,0.0,0.0,0.0,0.0,0.0,100.0,UNKNOWN,1,9.685040473937988,IDLE,0.0
1779449632.9891062,0.0,0.0,1.0,0.0,0.0,0.0,100.0,DISARMED,1,0.0,0.0,0.0,0.0,0.0,0.0,100.0,UNKNOWN,1,0.0,0.0,0.0,0.0,0.0,0.0,100.0,UNKNOWN,1,0.0,0.0,0.0,0.0,0.0,0.0,100.0,UNKNOWN,1,0.0,0.0,0.0,0.0,0.0,0.0,100.0,UNKNOWN,1,9.685040473937988,IDLE,0.0
1779449633.1082675,0.0,0.0,1.0,0.0,0.0,0.0,100.0,DISARMED,1,0.0,0.0,0.0,0.0,0.0,0.0,100.0,UNKNOWN,1,0.0,0.0,0.0,0.0,0.0,0.0,100.0,UNKNOWN,1,0.0,0.0,0.0,0.0,0.0,0.0,100.0,UNKNOWN,1,0.0,0.0,0.0,0.0,0.0,0.0,100.0,UNKNOWN,1,9.685040473937988,IDLE,0.0
1779449633.1761727,0.0,0.0,1.0,0.0,0.0,0.0,100.0,DISARMED,1,0.0,0.0,0.0,0.0,0.0,0.0,100.0,UNKNOWN,1,0.0,0.0,0.0,0.0,0.0,0.0,100.0,UNKNOWN,1,0.0,0.0,0.0,0.0,0.0,0.0,100.0,UNKNOWN,1,0.0,0.0,0.0,0.0,0.0,0.0,100.0,UNKNOWN,1,9.685040473937988,IDLE,0.0
1779449633.337224,0.0,0.0,1.0,0.0,0.0,0.0,100.0,DISARMED,1,0.0,0.0,0.0,0.0,0.0,0.0,100.0,UNKNOWN,1,0.0,0.0,0.0,0.0,0.0,0.0,100.0,UNKNOWN,1,0.0,0.0,0.0,0.0,0.0,0.0,100.0,UNKNOWN,1,0.0,0.0,0.0,0.0,0.0,0.0,100.0,UNKNOWN,1,9.685040473937988,IDLE,0.0
1779449633.4172492,0.0,0.0,1.0,0.0,0.0,0.0,100.0,DISARMED,1,0.0,0.0,0.0,0.0,0.0,0.0,100.0,UNKNOWN,1,0.0,0.0,0.0,0.0,0.0,0.0,100.0,UNKNOWN,1,0.0,0.0,0.0,0.0,0.0,0.0,100.0,UNKNOWN,1,0.0,0.0,0.0,0.0,0.0,0.0,100.0,UNKNOWN,1,9.685040473937988,IDLE,0.0
1779449633.8343205,0.0,0.0,1.0,0.0,0.0,0.0,100.0,DISARMED,1,0.0,0.0,0.0,0.0,0.0,0.0,100.0,UNKNOWN,1,0.0,0.0,0.0,0.0,0.0,0.0,100.0,UNKNOWN,1,0.0,0.0,0.0,0.0,0.0,0.0,100.0,UNKNOWN,1,0.0,0.0,0.0,0.0,0.0,0.0,100.0,UNKNOWN,1,9.685040473937988,IDLE,0.0
1779449634.0361202,0.0,0.0,1.0,0.0,0.0,0.0,100.0,DISARMED,1,0.0,0.0,0.0,0.0,0.0,0.0,100.0,UNKNOWN,1,0.0,0.0,0.0,0.0,0.0,0.0,100.0,UNKNOWN,1,0.0,0.0,0.0,0.0,0.0,0.0,100.0,UNKNOWN,1,0.0,0.0,0.0,0.0,0.0,0.0,100.0,UNKNOWN,1,9.685040473937988,IDLE,0.0
1779449634.1915047,0.0,0.0,1.0,0.0,0.0,0.0,100.0,DISARMED,1,0.0,0.0,0.0,0.0,0.0,0.0,100.0,UNKNOWN,1,0.0,0.0,0.0,0.0,0.0,0.0,100.0,UNKNOWN,1,0.0,0.0,0.0,0.0,0.0,0.0,100.0,UNKNOWN,1,0.0,0.0,0.0,0.0,0.0,0.0,100.0,UNKNOWN,1,9.685040473937988,IDLE,0.0
1779449634.2607946,0.0,0.0,1.0,0.0,0.0,0.0,100.0,DISARMED,1,0.0,0.0,0.0,0.0,0.0,0.0,100.0,UNKNOWN,1,0.0,0.0,0.0,0.0,0.0,0.0,100.0,UNKNOWN,1,0.0,0.0,0.0,0.0,0.0,0.0,100.0,UNKNOWN,1,0.0,0.0,0.0,0.0,0.0,0.0,100.0,UNKNOWN,1,9.685040473937988,IDLE,0.0
1779449634.3864245,0.0,0.0,1.0,0.0,0.0,0.0,100.0,DISARMED,1,0.0,0.0,0.0,0.0,0.0,0.0,100.0,UNKNOWN,1,0.0,0.0,0.0,0.0,0.0,0.0,100.0,UNKNOWN,1,0.0,0.0,0.0,0.0,0.0,0.0,100.0,UNKNOWN,1,0.0,0.0,0.0,0.0,0.0,0.0,100.0,UNKNOWN,1,9.685040473937988,IDLE,0.0
1779449634.7946727,0.0,0.0,1.0,0.0,0.0,0.0,100.0,DISARMED,1,0.0,0.0,0.0,0.0,0.0,0.0,100.0,UNKNOWN,1,0.0,0.0,0.0,0.0,0.0,0.0,100.0,UNKNOWN,1,0.0,0.0,0.0,0.0,0.0,0.0,100.0,UNKNOWN,1,0.0,0.0,0.0,0.0,0.0,0.0,100.0,UNKNOWN,1,9.685040473937988,IDLE,0.0
1779449635.0303495,0.0,0.0,1.0,0.0,0.0,0.0,100.0,DISARMED,1,0.0,0.0,0.0,0.0,0.0,0.0,100.0,UNKNOWN,1,0.0,0.0,0.0,0.0,0.0,0.0,100.0,UNKNOWN,1,0.0,0.0,0.0,0.0,0.0,0.0,100.0,UNKNOWN,1,0.0,0.0,0.0,0.0,0.0,0.0,100.0,UNKNOWN,1,9.685040473937988,IDLE,0.0
1779449635.088361,0.0,0.0,1.0,0.0,0.0,0.0,100.0,DISARMED,1,0.0,0.0,0.0,0.0,0.0,0.0,100.0,UNKNOWN,1,0.0,0.0,0.0,0.0,0.0,0.0,100.0,UNKNOWN,1,0.0,0.0,0.0,0.0,0.0,0.0,100.0,UNKNOWN,1,0.0,0.0,0.0,0.0,0.0,0.0,100.0,UNKNOWN,1,9.685040473937988,IDLE,0.0
1779449635.1937373,0.0,0.0,1.0,0.0,0.0,0.0,100.0,DISARMED,1,0.0,0.0,0.0,0.0,0.0,0.0,100.0,UNKNOWN,1,0.0,0.0,0.0,0.0,0.0,0.0,100.0,UNKNOWN,1,0.0,0.0,0.0,0.0,0.0,0.0,100.0,UNKNOWN,1,0.0,0.0,0.0,0.0,0.0,0.0,100.0,UNKNOWN,1,9.685040473937988,IDLE,0.0
1779449635.3322766,0.0,0.0,1.0,0.0,0.0,0.0,100.0,DISARMED,1,0.0,0.0,0.0,0.0,0.0,0.0,100.0,UNKNOWN,1,0.0,0.0,0.0,0.0,0.0,0.0,100.0,UNKNOWN,1,0.0,0.0,0.0,0.0,0.0,0.0,100.0,UNKNOWN,1,0.0,0.0,0.0,0.0,0.0,0.0,100.0,UNKNOWN,1,9.685040473937988,IDLE,0.0
1779449635.3725746,0.0,0.0,1.0,0.0,0.0,0.0,100.0,DISARMED,1,0.0,0.0,0.0,0.0,0.0,0.0,100.0,UNKNOWN,1,0.0,0.0,0.0,0.0,0.0,0.0,100.0,UNKNOWN,1,0.0,0.0,0.0,0.0,0.0,0.0,100.0,UNKNOWN,1,0.0,0.0,0.0,0.0,0.0,0.0,100.0,UNKNOWN,1,9.685040473937988,IDLE,0.0
1779449635.825563,0.0,0.0,1.0,0.0,0.0,0.0,100.0,DISARMED,1,0.0,0.0,0.0,0.0,0.0,0.0,100.0,UNKNOWN,1,0.0,0.0,0.0,0.0,0.0,0.0,100.0,UNKNOWN,1,0.0,0.0,0.0,0.0,0.0,0.0,100.0,UNKNOWN,1,0.0,0.0,0.0,0.0,0.0,0.0,100.0,UNKNOWN,1,9.685040473937988,IDLE,0.0
1779449635.9004798,0.0,0.0,1.0,0.0,0.0,0.0,100.0,DISARMED,1,0.0,0.0,0.0,0.0,0.0,0.0,100.0,UNKNOWN,1,0.0,0.0,0.0,0.0,0.0,0.0,100.0,UNKNOWN,1,0.0,0.0,0.0,0.0,0.0,0.0,100.0,UNKNOWN,1,0.0,0.0,0.0,0.0,0.0,0.0,100.0,UNKNOWN,1,9.685040473937988,IDLE,0.0
1779449636.0355847,0.0,0.0,1.0,0.0,0.0,0.0,100.0,DISARMED,1,0.0,0.0,0.0,0.0,0.0,0.0,100.0,UNKNOWN,1,0.0,0.0,0.0,0.0,0.0,0.0,100.0,UNKNOWN,1,0.0,0.0,0.0,0.0,0.0,0.0,100.0,UNKNOWN,1,0.0,0.0,0.0,0.0,0.0,0.0,100.0,UNKNOWN,1,9.685040473937988,IDLE,0.0
1779449636.0632749,0.0,0.0,1.0,0.0,0.0,0.0,100.0,DISARMED,1,0.0,0.0,0.0,0.0,0.0,0.0,100.0,UNKNOWN,1,0.0,0.0,0.0,0.0,0.0,0.0,100.0,UNKNOWN,1,0.0,0.0,0.0,0.0,0.0,0.0,100.0,UNKNOWN,1,0.0,0.0,0.0,0.0,0.0,0.0,100.0,UNKNOWN,1,9.685040473937988,IDLE,0.0
1779449636.183271,0.0,0.0,1.0,0.0,0.0,0.0,100.0,DISARMED,1,0.0,0.0,0.0,0.0,0.0,0.0,100.0,UNKNOWN,1,0.0,0.0,0.0,0.0,0.0,0.0,100.0,UNKNOWN,1,0.0,0.0,0.0,0.0,0.0,0.0,100.0,UNKNOWN,1,0.0,0.0,0.0,0.0,0.0,0.0,100.0,UNKNOWN,1,9.685040473937988,IDLE,0.0
1779449636.3204498,0.0,0.0,1.0,0.0,0.0,0.0,100.0,DISARMED,1,0.0,0.0,0.0,0.0,0.0,0.0,100.0,UNKNOWN,1,0.0,0.0,0.0,0.0,0.0,0.0,100.0,UNKNOWN,1,0.0,0.0,0.0,0.0,0.0,0.0,100.0,UNKNOWN,1,0.0,0.0,0.0,0.0,0.0,0.0,100.0,UNKNOWN,1,9.685040473937988,IDLE,0.0
1779449636.42403,0.0,0.0,1.0,0.0,0.0,0.0,100.0,DISARMED,1,0.0,0.0,0.0,0.0,0.0,0.0,100.0,UNKNOWN,1,0.0,0.0,0.0,0.0,0.0,0.0,100.0,UNKNOWN,1,0.0,0.0,0.0,0.0,0.0,0.0,100.0,UNKNOWN,1,0.0,0.0,0.0,0.0,0.0,0.0,100.0,UNKNOWN,1,9.685040473937988,IDLE,0.0
1779449636.6465828,0.0,0.0,1.0,0.0,0.0,0.0,100.0,DISARMED,1,0.0,0.0,0.0,0.0,0.0,0.0,100.0,UNKNOWN,1,0.0,0.0,0.0,0.0,0.0,0.0,100.0,UNKNOWN,1,0.0,0.0,0.0,0.0,0.0,0.0,100.0,UNKNOWN,1,0.0,0.0,0.0,0.0,0.0,0.0,100.0,UNKNOWN,1,9.685040473937988,IDLE,0.0
1779449636.9459462,0.0,0.0,1.0,0.0,0.0,0.0,100.0,DISARMED,1,0.0,0.0,0.0,0.0,0.0,0.0,100.0,UNKNOWN,1,0.0,0.0,0.0,0.0,0.0,0.0,100.0,UNKNOWN,1,0.0,0.0,0.0,0.0,0.0,0.0,100.0,UNKNOWN,1,0.0,0.0,0.0,0.0,0.0,0.0,100.0,UNKNOWN,1,9.685040473937988,IDLE,0.0
1779449637.010005,0.0,0.0,1.0,0.0,0.0,0.0,100.0,DISARMED,1,0.0,0.0,0.0,0.0,0.0,0.0,100.0,UNKNOWN,1,0.0,0.0,0.0,0.0,0.0,0.0,100.0,UNKNOWN,1,0.0,0.0,0.0,0.0,0.0,0.0,100.0,UNKNOWN,1,0.0,0.0,0.0,0.0,0.0,0.0,100.0,UNKNOWN,1,9.685040473937988,IDLE,0.0
1779449637.1020756,0.0,0.0,1.0,0.0,0.0,0.0,100.0,DISARMED,1,0.0,0.0,0.0,0.0,0.0,0.0,100.0,UNKNOWN,1,0.0,0.0,0.0,0.0,0.0,0.0,100.0,UNKNOWN,1,0.0,0.0,0.0,0.0,0.0,0.0,100.0,UNKNOWN,1,0.0,0.0,0.0,0.0,0.0,0.0,100.0,UNKNOWN,1,9.685040473937988,IDLE,0.0
1779449637.1683073,0.0,0.0,1.0,0.0,0.0,0.0,100.0,DISARMED,1,0.0,0.0,0.0,0.0,0.0,0.0,100.0,UNKNOWN,1,0.0,0.0,0.0,0.0,0.0,0.0,100.0,UNKNOWN,1,0.0,0.0,0.0,0.0,0.0,0.0,100.0,UNKNOWN,1,0.0,0.0,0.0,0.0,0.0,0.0,100.0,UNKNOWN,1,9.685040473937988,IDLE,0.0
1779449637.2613292,0.0,0.0,1.0,0.0,0.0,0.0,100.0,DISARMED,1,0.0,0.0,0.0,0.0,0.0,0.0,100.0,UNKNOWN,1,0.0,0.0,0.0,0.0,0.0,0.0,100.0,UNKNOWN,1,0.0,0.0,0.0,0.0,0.0,0.0,100.0,UNKNOWN,1,0.0,0.0,0.0,0.0,0.0,0.0,100.0,UNKNOWN,1,9.685040473937988,IDLE,0.0
1779449637.4543397,0.0,0.0,1.0,0.0,0.0,0.0,100.0,DISARMED,1,0.0,0.0,0.0,0.0,0.0,0.0,100.0,UNKNOWN,1,0.0,0.0,0.0,0.0,0.0,0.0,100.0,UNKNOWN,1,0.0,0.0,0.0,0.0,0.0,0.0,100.0,UNKNOWN,1,0.0,0.0,0.0,0.0,0.0,0.0,100.0,UNKNOWN,1,9.685040473937988,IDLE,0.0
1779449637.7335923,0.0,0.0,1.0,0.0,0.0,0.0,100.0,DISARMED,1,0.0,0.0,0.0,0.0,0.0,0.0,100.0,UNKNOWN,1,0.0,0.0,0.0,0.0,0.0,0.0,100.0,UNKNOWN,1,0.0,0.0,0.0,0.0,0.0,0.0,100.0,UNKNOWN,1,0.0,0.0,0.0,0.0,0.0,0.0,100.0,UNKNOWN,1,9.685040473937988,IDLE,0.0
1779449638.0155776,0.0,0.0,1.0,0.0,0.0,0.0,100.0,DISARMED,1,0.0,0.0,0.0,0.0,0.0,0.0,100.0,UNKNOWN,1,0.0,0.0,0.0,0.0,0.0,0.0,100.0,UNKNOWN,1,0.0,0.0,0.0,0.0,0.0,0.0,100.0,UNKNOWN,1,0.0,0.0,0.0,0.0,0.0,0.0,100.0,UNKNOWN,1,9.685040473937988,IDLE,0.0
1779449638.0727713,0.0,0.0,1.0,0.0,0.0,0.0,100.0,DISARMED,1,0.0,0.0,0.0,0.0,0.0,0.0,100.0,UNKNOWN,1,0.0,0.0,0.0,0.0,0.0,0.0,100.0,UNKNOWN,1,0.0,0.0,0.0,0.0,0.0,0.0,100.0,UNKNOWN,1,0.0,0.0,0.0,0.0,0.0,0.0,100.0,UNKNOWN,1,9.685040473937988,IDLE,0.0
1779449638.1634588,0.0,0.0,1.0,0.0,0.0,0.0,100.0,DISARMED,1,0.0,0.0,0.0,0.0,0.0,0.0,100.0,UNKNOWN,1,0.0,0.0,0.0,0.0,0.0,0.0,100.0,UNKNOWN,1,0.0,0.0,0.0,0.0,0.0,0.0,100.0,UNKNOWN,1,0.0,0.0,0.0,0.0,0.0,0.0,100.0,UNKNOWN,1,9.685040473937988,IDLE,0.0
1779449638.3142977,0.0,0.0,1.0,0.0,0.0,0.0,100.0,DISARMED,1,0.0,0.0,0.0,0.0,0.0,0.0,100.0,UNKNOWN,1,0.0,0.0,0.0,0.0,0.0,0.0,100.0,UNKNOWN,1,0.0,0.0,0.0,0.0,0.0,0.0,100.0,UNKNOWN,1,0.0,0.0,0.0,0.0,0.0,0.0,100.0,UNKNOWN,1,9.685040473937988,IDLE,0.0
1779449638.401333,0.0,0.0,1.0,0.0,0.0,0.0,100.0,DISARMED,1,0.0,0.0,0.0,0.0,0.0,0.0,100.0,UNKNOWN,1,0.0,0.0,0.0,0.0,0.0,0.0,100.0,UNKNOWN,1,0.0,0.0,0.0,0.0,0.0,0.0,100.0,UNKNOWN,1,0.0,0.0,0.0,0.0,0.0,0.0,100.0,UNKNOWN,1,9.685040473937988,IDLE,0.0
