timestamp,drone_1_x,drone_1_y,drone_1_z,drone_1_vx,drone_1_vy,drone_1_vz,drone_1_battery,drone_1_state,drone_1_health,drone_2_x,drone_2_y,drone_2_z,drone_2_vx,drone_2_vy,drone_2_vz,drone_2_battery,drone_2_state,drone_2_health,drone_3_x,drone_3_y,drone_3_z,drone_3_vx,drone_3_vy,drone_3_vz,drone_3_battery,drone_3_state,drone_3_health,drone_4_x,drone_4_y,drone_4_z,drone_4_vx,drone_4_vy,drone_4_vz,drone_4_battery,drone_4_state,drone_4_health,drone_5_x,drone_5_y,drone_5_z,drone_5_vx,drone_5_vy,drone_5_vz,drone_5_battery,drone_5_state,drone_5_health,formation_error,mission_state,mission_progress
1779451713.8998322,0.0,0.0,0.0,0.0,0.0,0.0,100.0,UNKNOWN,1,0.0,0.0,0.0,0.0,0.0,0.0,100.0,UNKNOWN,1,0.0,0.0,0.0,0.0,0.0,0.0,100.0,UNKNOWN,1,0.0,0.0,0.0,0.0,0.0,0.0,100.0,UNKNOWN,1,0.0,0.0,0.0,0.0,0.0,0.0,100.0,UNKNOWN,1,0.0,IDLE,0.0
1779451714.070697,0.0,0.0,1.0,0.0,0.0,0.0,100.0,DISARMED,1,0.0,0.0,0.0,0.0,0.0,0.0,100.0,UNKNOWN,1,0.0,0.0,0.0,0.0,0.0,0.0,100.0,UNKNOWN,1,0.0,0.0,0.0,0.0,0.0,0.0,100.0,UNKNOWN,1,0.0,0.0,0.0,0.0,0.0,0.0,100.0,UNKNOWN,1,9.685040473937988,IDLE,0.0
1779451714.1052814,0.0,0.0,1.0,0.0,0.0,0.0,100.0,DISARMED,1,0.0,0.0,0.0,0.0,0.0,0.0,100.0,UNKNOWN,1,0.0,0.0,0.0,0.0,0.0,0.0,100.0,UNKNOWN,1,0.0,0.0,0.0,0.0,0.0,0.0,100.0,UNKNOWN,1,0.0,0.0,0.0,0.0,0.0,0.0,100.0,UNKNOWN,1,9.685040473937988,IDLE,0.0
1779451714.2464993,0.0,0.0,1.0,0.0,0.0,0.0,100.0,DISARMED,1,0.0,0.0,0.0,0.0,0.0,0.0,100.0,UNKNOWN,1,0.0,0.0,0.0,0.0,0.0,0.0,100.0,UNKNOWN,1,0.0,0.0,0.0,0.0,0.0,0.0,100.0,UNKNOWN,1,0.0,0.0,0.0,0.0,0.0,0.0,100.0,UNKNOWN,1,9.685040473937988,IDLE,0.0
1779451714.484844,0.0,0.0,1.0,0.0,0.0,0.0,100.0,DISARMED,1,0.0,0.0,0.0,0.0,0.0,0.0,100.0,UNKNOWN,1,0.0,0.0,0.0,0.0,0.0,0.0,100.0,UNKNOWN,1,0.0,0.0,0.0,0.0,0.0,0.0,100.0,UNKNOWN,1,0.0,0.0,0.0,0.0,0.0,0.0,100.0,UNKNOWN,1,9.685040473937988,IDLE,0.0
1779451714.6026063,0.0,0.0,1.0,0.0,0.0,0.0,100.0,DISARMED,1,0.0,0.0,0.0,0.0,0.0,0.0,100.0,UNKNOWN,1,0.0,0.0,0.0,0.0,0.0,0.0,100.0,UNKNOWN,1,0.0,0.0,0.0,0.0,0.0,0.0,100.0,UNKNOWN,1,0.0,0.0,0.0,0.0,0.0,0.0,100.0,UNKNOWN,1,9.685040473937988,IDLE,0.0
1779451714.734199,0.0,0.0,1.0,0.0,0.0,0.0,100.0,DISARMED,1,0.0,0.0,0.0,0.0,0.0,0.0,100.0,UNKNOWN,1,0.0,0.0,0.0,0.0,0.0,0.0,100.0,UNKNOWN,1,0.0,0.0,0.0,0.0,0.0,0.0,100.0,UNKNOWN,1,0.0,0.0,0.0,0.0,0.0,0.0,100.0,UNKNOWN,1,9.685040473937988,IDLE,0.0
1779451715.1381369,0.0,0.0,1.0,0.0,0.0,0.0,100.0,DISARMED,1,0.0,0.0,0.0,0.0,0.0,0.0,100.0,UNKNOWN,1,0.0,0.0,0.0,0.0,0.0,0.0,100.0,UNKNOWN,1,0.0,0.0,0.0,0.0,0.0,0.0,100.0,UNKNOWN,1,0.0,0.0,0.0,0.0,0.0,0.0,100.0,UNKNOWN,1,9.685040473937988,IDLE,0.0
1779451715.210913,0.0,0.0,1.0,0.0,0.0,0.0,100.0,DISARMED,1,0.0,0.0,0.0,0.0,0.0,0.0,100.0,UNKNOWN,1,0.0,0.0,0.0,0.0,0.0,0.0,100.0,UNKNOWN,1,0.0,0.0,0.0,0.0,0.0,0.0,100.0,UNKNOWN,1,0.0,0.0,0.0,0.0,0.0,0.0,100.0,UNKNOWN,1,9.685040473937988,IDLE,0.0
1779451715.3191867,0.0,0.0,1.0,0.0,0.0,0.0,100.0,DISARMED,1,0.0,0.0,0.0,0.0,0.0,0.0,100.0,UNKNOWN,1,0.0,0.0,0.0,0.0,0.0,0.0,100.0,UNKNOWN,1,0.0,0.0,0.0,0.0,0.0,0.0,100.0,UNKNOWN,1,0.0,0.0,0.0,0.0,0.0,0.0,100.0,UNKNOWN,1,9.685040473937988,IDLE,0.0
1779451715.4431345,0.0,0.0,1.0,0.0,0.0,0.0,100.0,DISARMED,1,0.0,0.0,0.0,0.0,0.0,0.0,100.0,UNKNOWN,1,0.0,0.0,0.0,0.0,0.0,0.0,100.0,UNKNOWN,1,0.0,0.0,0.0,0.0,0.0,0.0,100.0,UNKNOWN,1,0.0,0.0,0.0,0.0,0.0,0.0,100.0,UNKNOWN,1,9.685040473937988,IDLE,0.0
1779451715.6121712,0.0,0.0,1.0,0.0,0.0,0.0,100.0,DISARMED,1,0.0,0.0,0.0,0.0,0.0,0.0,100.0,UNKNOWN,1,0.0,0.0,0.0,0.0,0.0,0.0,100.0,UNKNOWN,1,0.0,0.0,0.0,0.0,0.0,0.0,100.0,UNKNOWN,1,0.0,0.0,0.0,0.0,0.0,0.0,100.0,UNKNOWN,1,9.685040473937988,IDLE,0.0
1779451715.7465277,0.0,0.0,1.0,0.0,0.0,0.0,100.0,DISARMED,1,0.0,0.0,0.0,0.0,0.0,0.0,100.0,UNKNOWN,1,0.0,0.0,0.0,0.0,0.0,0.0,100.0,UNKNOWN,1,0.0,0.0,0.0,0.0,0.0,0.0,100.0,UNKNOWN,1,0.0,0.0,0.0,0.0,0.0,0.0,100.0,UNKNOWN,1,9.685040473937988,IDLE,0.0
1779451716.0637994,0.0,0.0,1.0,0.0,0.0,0.0,100.0,DISARMED,1,0.0,0.0,0.0,0.0,0.0,0.0,100.0,UNKNOWN,1,0.0,0.0,0.0,0.0,0.0,0.0,100.0,UNKNOWN,1,0.0,0.0,0.0,0.0,0.0,0.0,100.0,UNKNOWN,1,0.0,0.0,0.0,0.0,0.0,0.0,100.0,UNKNOWN,1,9.685040473937988,IDLE,0.0
1779451716.1091557,0.0,0.0,1.0,0.0,0.0,0.0,100.0,DISARMED,1,0.0,0.0,0.0,0.0,0.0,0.0,100.0,UNKNOWN,1,0.0,0.0,0.0,0.0,0.0,0.0,100.0,UNKNOWN,1,0.0,0.0,0.0,0.0,0.0,0.0,100.0,UNKNOWN,1,0.0,0.0,0.0,0.0,0.0,0.0,100.0,UNKNOWN,1,9.685040473937988,IDLE,0.0
1779451716.2371843,0.0,0.0,1.0,0.0,0.0,0.0,100.0,DISARMED,1,0.0,0.0,0.0,0.0,0.0,0.0,100.0,UNKNOWN,1,0.0,0.0,0.0,0.0,0.0,0.0,100.0,UNKNOWN,1,0.0,0.0,0.0,0.0,0.0,0.0,100.0,UNKNOWN,1,0.0,0.0,0.0,0.0,0.0,0.0,100.0,UNKNOWN,1,9.685040473937988,IDLE,0.0
1779451716.343555,0.0,0.0,1.0,0.0,0.0,0.0,100.0,DISARMED,1,0.0,0.0,0.0,0.0,0.0,0.0,100.0,UNKNOWN,1,0.0,0.0,0.0,0.0,0.0,0.0,100.0,UNKNOWN,1,0.0,0.0,0.0,0.0,0.0,0.0,100.0,UNKNOWN,1,0.0,0.0,0.0,0.0,0.0,0.0,100.0,UNKNOWN,1,9.685040473937988,IDLE,0.0
1779451716.4310763,0.0,0.0,1.0,0.0,0.0,0.0,100.0,DISARMED,1,0.0,0.0,0.0,0.0,0.0,0.0,100.0,UNKNOWN,1,0.0,0.0,0.0,0.0,0.0,0.0,100.0,UNKNOWN,1,0.0,0.0,0.0,0.0,0.0,0.0,100.0,UNKNOWN,1,0.0,0.0,0.0,0.0,0.0,0.0,100.0,UNKNOWN,1,9.685040473937988,IDLE,0.0
1779451716.5474803,0.0,0.0,1.0,0.0,0.0,0.0,100.0,DISARMED,1,0.0,0.0,0.0,0.0,0.0,0.0,100.0,UNKNOWN,1,0.0,0.0,0.0,0.0,0.0,0.0,100.0,UNKNOWN,1,0.0,0.0,0.0,0.0,0.0,0.0,100.0,UNKNOWN,1,0.0,0.0,0.0,0.0,0.0,0.0,100.0,UNKNOWN,1,9.685040473937988,IDLE,0.0
1779451716.6078587,0.0,0.0,1.0,0.0,0.0,0.0,100.0,DISARMED,1,0.0,0.0,0.0,0.0,0.0,0.0,100.0,UNKNOWN,1,0.0,0.0,0.0,0.0,0.0,0.0,100.0,UNKNOWN,1,0.0,0.0,0.0,0.0,0.0,0.0,100.0,UNKNOWN,1,0.0,0.0,0.0,0.0,0.0,0.0,100.0,UNKNOWN,1,9.685040473937988,IDLE,0.0
1779451716.696775,0.0,0.0,1.0,0.0,0.0,0.0,100.0,DISARMED,1,0.0,0.0,0.0,0.0,0.0,0.0,100.0,UNKNOWN,1,0.0,0.0,0.0,0.0,0.0,0.0,100.0,UNKNOWN,1,0.0,0.0,0.0,0.0,0.0,0.0,100.0,UNKNOWN,1,0.0,0.0,0.0,0.0,0.0,0.0,100.0,UNKNOWN,1,9.685040473937988,IDLE,0.0
1779451717.2176397,0.0,0.0,1.0,0.0,0.0,0.0,100.0,DISARMED,1,0.0,0.0,0.0,0.0,0.0,0.0,100.0,UNKNOWN,1,0.0,0.0,0.0,0.0,0.0,0.0,100.0,UNKNOWN,1,0.0,0.0,0.0,0.0,0.0,0.0,100.0,UNKNOWN,1,0.0,0.0,0.0,0.0,0.0,0.0,100.0,UNKNOWN,1,9.685040473937988,IDLE,0.0
1779451717.3135371,0.0,0.0,1.0,0.0,0.0,0.0,100.0,DISARMED,1,0.0,0.0,0.0,0.0,0.0,0.0,100.0,UNKNOWN,1,0.0,0.0,0.0,0.0,0.0,0.0,100.0,UNKNOWN,1,0.0,0.0,0.0,0.0,0.0,0.0,100.0,UNKNOWN,1,0.0,0.0,0.0,0.0,0.0,0.0,100.0,UNKNOWN,1,9.685040473937988,IDLE,0.0
1779451717.4065607,0.0,0.0,1.0,0.0,0.0,0.0,100.0,DISARMED,1,0.0,0.0,0.0,0.0,0.0,0.0,100.0,UNKNOWN,1,0.0,0.0,0.0,0.0,0.0,0.0,100.0,UNKNOWN,1,0.0,0.0,0.0,0.0,0.0,0.0,100.0,UNKNOWN,1,0.0,0.0,0.0,0.0,0.0,0.0,100.0,UNKNOWN,1,9.685040473937988,IDLE,0.0
1779451717.658863,0.0,0.0,1.0,0.0,0.0,0.0,100.0,DISARMED,1,0.0,0.0,0.0,0.0,0.0,0.0,100.0,UNKNOWN,1,0.0,0.0,0.0,0.0,0.0,0.0,100.0,UNKNOWN,1,0.0,0.0,0.0,0.0,0.0,0.0,100.0,UNKNOWN,1,0.0,0.0,0.0,0.0,0.0,0.0,100.0,UNKNOWN,1,9.685040473937988,IDLE,0.0
1779451717.6959004,0.0,0.0,1.0,0.0,0.0,0.0,100.0,DISARMED,1,0.0,0.0,0.0,0.0,0.0,0.0,100.0,UNKNOWN,1,0.0,0.0,0.0,0.0,0.0,0.0,100.0,UNKNOWN,1,0.0,0.0,0.0,0.0,0.0,0.0,100.0,UNKNOWN,1,0.0,0.0,0.0,0.0,0.0,0.0,100.0,UNKNOWN,1,9.685040473937988,IDLE,0.0
1779451718.1904647,0.0,0.0,1.0,0.0,0.0,0.0,100.0,DISARMED,1,0.0,0.0,0.0,0.0,0.0,0.0,100.0,UNKNOWN,1,0.0,0.0,0.0,0.0,0.0,0.0,100.0,UNKNOWN,1,0.0,0.0,0.0,0.0,0.0,0.0,100.0,UNKNOWN,1,0.0,0.0,0.0,0.0,0.0,0.0,100.0,UNKNOWN,1,9.685040473937988,IDLE,0.0
1779451718.3101335,0.0,0.0,1.0,0.0,0.0,0.0,100.0,DISARMED,1,0.0,0.0,0.0,0.0,0.0,0.0,100.0,UNKNOWN,1,0.0,0.0,0.0,0.0,0.0,0.0,100.0,UNKNOWN,1,0.0,0.0,0.0,0.0,0.0,0.0,100.0,UNKNOWN,1,0.0,0.0,0.0,0.0,0.0,0.0,100.0,UNKNOWN,1,9.685040473937988,IDLE,0.0
1779451718.4293394,0.0,0.0,1.0,0.0,0.0,0.0,100.0,DISARMED,1,0.0,0.0,0.0,0.0,0.0,0.0,100.0,UNKNOWN,1,0.0,0.0,0.0,0.0,0.0,0.0,100.0,UNKNOWN,1,0.0,0.0,0.0,0.0,0.0,0.0,100.0,UNKNOWN,1,0.0,0.0,0.0,0.0,0.0,0.0,100.0,UNKNOWN,1,9.685040473937988,IDLE,0.0
1779451718.5236192,0.0,0.0,1.0,0.0,0.0,0.0,100.0,DISARMED,1,0.0,0.0,0.0,0.0,0.0,0.0,100.0,UNKNOWN,1,0.0,0.0,0.0,0.0,0.0,0.0,100.0,UNKNOWN,1,0.0,0.0,0.0,0.0,0.0,0.0,100.0,UNKNOWN,1,0.0,0.0,0.0,0.0,0.0,0.0,100.0,UNKNOWN,1,9.685040473937988,IDLE,0.0
1779451718.7042978,0.0,0.0,1.0,0.0,0.0,0.0,100.0,DISARMED,1,0.0,0.0,0.0,0.0,0.0,0.0,100.0,UNKNOWN,1,0.0,0.0,0.0,0.0,0.0,0.0,100.0,UNKNOWN,1,0.0,0.0,0.0,0.0,0.0,0.0,100.0,UNKNOWN,1,0.0,0.0,0.0,0.0,0.0,0.0,100.0,UNKNOWN,1,9.685040473937988,IDLE,0.0
1779451719.1782048,0.0,0.0,1.0,0.0,0.0,0.0,100.0,DISARMED,1,0.0,0.0,0.0,0.0,0.0,0.0,100.0,UNKNOWN,1,0.0,0.0,0.0,0.0,0.0,0.0,100.0,UNKNOWN,1,0.0,0.0,0.0,0.0,0.0,0.0,100.0,UNKNOWN,1,0.0,0.0,0.0,0.0,0.0,0.0,100.0,UNKNOWN,1,9.685040473937988,IDLE,0.0
1779451719.2456746,0.0,0.0,1.0,0.0,0.0,0.0,100.0,DISARMED,1,0.0,0.0,0.0,0.0,0.0,0.0,100.0,UNKNOWN,1,0.0,0.0,0.0,0.0,0.0,0.0,100.0,UNKNOWN,1,0.0,0.0,0.0,0.0,0.0,0.0,100.0,UNKNOWN,1,0.0,0.0,0.0,0.0,0.0,0.0,100.0,UNKNOWN,1,9.685040473937988,IDLE,0.0
1779451719.3132708,0.0,0.0,1.0,0.0,0.0,0.0,100.0,DISARMED,1,0.0,0.0,0.0,0.0,0.0,0.0,100.0,UNKNOWN,1,0.0,0.0,0.0,0.0,0.0,0.0,100.0,UNKNOWN,1,0.0,0.0,0.0,0.0,0.0,0.0,100.0,UNKNOWN,1,0.0,0.0,0.0,0.0,0.0,0.0,100.0,UNKNOWN,1,9.685040473937988,IDLE,0.0
1779451719.3980772,0.0,0.0,1.0,0.0,0.0,0.0,100.0,DISARMED,1,0.0,0.0,0.0,0.0,0.0,0.0,100.0,UNKNOWN,1,0.0,0.0,0.0,0.0,0.0,0.0,100.0,UNKNOWN,1,0.0,0.0,0.0,0.0,0.0,0.0,100.0,UNKNOWN,1,0.0,0.0,0.0,0.0,0.0,0.0,100.0,UNKNOWN,1,9.685040473937988,IDLE,0.0
1779451719.5315707,0.0,0.0,1.0,0.0,0.0,0.0,100.0,DISARMED,1,0.0,0.0,0.0,0.0,0.0,0.0,100.0,UNKNOWN,1,0.0,0.0,0.0,0.0,0.0,0.0,100.0,UNKNOWN,1,0.0,0.0,0.0,0.0,0.0,0.0,100.0,UNKNOWN,1,0.0,0.0,0.0,0.0,0.0,0.0,100.0,UNKNOWN,1,9.685040473937988,IDLE,0.0
1779451719.5906603,0.0,0.0,1.0,0.0,0.0,0.0,100.0,DISARMED,1,0.0,0.0,0.0,0.0,0.0,0.0,100.0,UNKNOWN,1,0.0,0.0,0.0,0.0,0.0,0.0,100.0,UNKNOWN,1,0.0,0.0,0.0,0.0,0.0,0.0,100.0,UNKNOWN,1,0.0,0.0,0.0,0.0,0.0,0.0,100.0,UNKNOWN,1,9.685040473937988,IDLE,0.0
1779451719.6978676,0.0,0.0,1.0,0.0,0.0,0.0,100.0,DISARMED,1,0.0,0.0,0.0,0.0,0.0,0.0,100.0,UNKNOWN,1,0.0,0.0,0.0,0.0,0.0,0.0,100.0,UNKNOWN,1,0.0,0.0,0.0,0.0,0.0,0.0,100.0,UNKNOWN,1,0.0,0.0,0.0,0.0,0.0,0.0,100.0,UNKNOWN,1,9.685040473937988,IDLE,0.0
1779451720.065745,0.0,0.0,1.0,0.0,0.0,0.0,100.0,DISARMED,1,0.0,0.0,0.0,0.0,0.0,0.0,100.0,UNKNOWN,1,0.0,0.0,0.0,0.0,0.0,0.0,100.0,UNKNOWN,1,0.0,0.0,0.0,0.0,0.0,0.0,100.0,UNKNOWN,1,0.0,0.0,0.0,0.0,0.0,0.0,100.0,UNKNOWN,1,9.685040473937988,IDLE,0.0
1779451720.2075782,0.0,0.0,1.0,0.0,0.0,0.0,100.0,DISARMED,1,0.0,0.0,0.0,0.0,0.0,0.0,100.0,UNKNOWN,1,0.0,0.0,0.0,0.0,0.0,0.0,100.0,UNKNOWN,1,0.0,0.0,0.0,0.0,0.0,0.0,100.0,UNKNOWN,1,0.0,0.0,0.0,0.0,0.0,0.0,100.0,UNKNOWN,1,9.685040473937988,IDLE,0.0
1779451720.5000463,0.0,0.0,1.0,0.0,0.0,0.0,100.0,DISARMED,1,0.0,0.0,0.0,0.0,0.0,0.0,100.0,UNKNOWN,1,0.0,0.0,0.0,0.0,0.0,0.0,100.0,UNKNOWN,1,0.0,0.0,0.0,0.0,0.0,0.0,100.0,UNKNOWN,1,0.0,0.0,0.0,0.0,0.0,0.0,100.0,UNKNOWN,1,9.685040473937988,IDLE,0.0
1779451720.5983076,0.0,0.0,1.0,0.0,0.0,0.0,100.0,DISARMED,1,0.0,0.0,0.0,0.0,0.0,0.0,100.0,UNKNOWN,1,0.0,0.0,0.0,0.0,0.0,0.0,100.0,UNKNOWN,1,0.0,0.0,0.0,0.0,0.0,0.0,100.0,UNKNOWN,1,0.0,0.0,0.0,0.0,0.0,0.0,100.0,UNKNOWN,1,9.685040473937988,IDLE,0.0
1779451720.7621179,0.0,0.0,1.0,0.0,0.0,0.0,100.0,DISARMED,1,0.0,0.0,0.0,0.0,0.0,0.0,100.0,UNKNOWN,1,0.0,0.0,0.0,0.0,0.0,0.0,100.0,UNKNOWN,1,0.0,0.0,0.0,0.0,0.0,0.0,100.0,UNKNOWN,1,0.0,0.0,0.0,0.0,0.0,0.0,100.0,UNKNOWN,1,9.685040473937988,IDLE,0.0
1779451721.0502346,0.0,0.0,1.0,0.0,0.0,0.0,100.0,DISARMED,1,0.0,0.0,0.0,0.0,0.0,0.0,100.0,UNKNOWN,1,0.0,0.0,0.0,0.0,0.0,0.0,100.0,UNKNOWN,1,0.0,0.0,0.0,0.0,0.0,0.0,100.0,UNKNOWN,1,0.0,0.0,0.0,0.0,0.0,0.0,100.0,UNKNOWN,1,9.685040473937988,IDLE,0.0
1779451721.1007648,0.0,0.0,1.0,0.0,0.0,0.0,100.0,DISARMED,1,0.0,0.0,0.0,0.0,0.0,0.0,100.0,UNKNOWN,1,0.0,0.0,0.0,0.0,0.0,0.0,100.0,UNKNOWN,1,0.0,0.0,0.0,0.0,0.0,0.0,100.0,UNKNOWN,1,0.0,0.0,0.0,0.0,0.0,0.0,100.0,UNKNOWN,1,9.685040473937988,IDLE,0.0
1779451721.2488675,0.0,0.0,1.0,0.0,0.0,0.0,100.0,DISARMED,1,0.0,0.0,0.0,0.0,0.0,0.0,100.0,UNKNOWN,1,0.0,0.0,0.0,0.0,0.0,0.0,100.0,UNKNOWN,1,0.0,0.0,0.0,0.0,0.0,0.0,100.0,UNKNOWN,1,0.0,0.0,0.0,0.0,0.0,0.0,100.0,UNKNOWN,1,9.685040473937988,IDLE,0.0
1779451721.2919877,0.0,0.0,1.0,0.0,0.0,0.0,100.0,DISARMED,1,0.0,0.0,0.0,0.0,0.0,0.0,100.0,UNKNOWN,1,0.0,0.0,0.0,0.0,0.0,0.0,100.0,UNKNOWN,1,0.0,0.0,0.0,0.0,0.0,0.0,100.0,UNKNOWN,1,0.0,0.0,0.0,0.0,0.0,0.0,100.0,UNKNOWN,1,9.685040473937988,IDLE,0.0
1779451721.4169216,0.0,0.0,1.0,0.0,0.0,0.0,100.0,DISARMED,1,0.0,0.0,0.0,0.0,0.0,0.0,100.0,UNKNOWN,1,0.0,0.0,0.0,0.0,0.0,0.0,100.0,UNKNOWN,1,0.0,0.0,0.0,0.0,0.0,0.0,100.0,UNKNOWN,1,0.0,0.0,0.0,0.0,0.0,0.0,100.0,UNKNOWN,1,9.685040473937988,IDLE,0.0
1779451721.5135794,0.0,0.0,1.0,0.0,0.0,0.0,100.0,DISARMED,1,0.0,0.0,0.0,0.0,0.0,0.0,100.0,UNKNOWN,1,0.0,0.0,0.0,0.0,0.0,0.0,100.0,UNKNOWN,1,0.0,0.0,0.0,0.0,0.0,0.0,100.0,UNKNOWN,1,0.0,0.0,0.0,0.0,0.0,0.0,100.0,UNKNOWN,1,9.685040473937988,IDLE,0.0
1779451721.594576,0.0,0.0,1.0,0.0,0.0,0.0,100.0,DISARMED,1,0.0,0.0,0.0,0.0,0.0,0.0,100.0,UNKNOWN,1,0.0,0.0,0.0,0.0,0.0,0.0,100.0,UNKNOWN,1,0.0,0.0,0.0,0.0,0.0,0.0,100.0,UNKNOWN,1,0.0,0.0,0.0,0.0,0.0,0.0,100.0,UNKNOWN,1,9.685040473937988,IDLE,0.0
1779451721.7763247,0.0,0.0,1.0,0.0,0.0,0.0,100.0,DISARMED,1,0.0,0.0,0.0,0.0,0.0,0.0,100.0,UNKNOWN,1,0.0,0.0,0.0,0.0,0.0,0.0,100.0,UNKNOWN,1,0.0,0.0,0.0,0.0,0.0,0.0,100.0,UNKNOWN,1,0.0,0.0,0.0,0.0,0.0,0.0,100.0,UNKNOWN,1,9.685040473937988,IDLE,0.0
1779451722.107569,0.0,0.0,1.0,0.0,0.0,0.0,100.0,DISARMED,1,0.0,0.0,0.0,0.0,0.0,0.0,100.0,UNKNOWN,1,0.0,0.0,0.0,0.0,0.0,0.0,100.0,UNKNOWN,1,0.0,0.0,0.0,0.0,0.0,0.0,100.0,UNKNOWN,1,0.0,0.0,0.0,0.0,0.0,0.0,100.0,UNKNOWN,1,9.685040473937988,IDLE,0.0
1779451722.3603399,0.0,0.0,1.0,0.0,0.0,0.0,100.0,DISARMED,1,0.0,0.0,0.0,0.0,0.0,0.0,100.0,UNKNOWN,1,0.0,0.0,0.0,0.0,0.0,0.0,100.0,UNKNOWN,1,0.0,0.0,0.0,0.0,0.0,0.0,100.0,UNKNOWN,1,0.0,0.0,0.0,0.0,0.0,0.0,100.0,UNKNOWN,1,9.685040473937988,IDLE,0.0
1779451722.3899581,0.0,0.0,1.0,0.0,0.0,0.0,100.0,DISARMED,1,0.0,0.0,0.0,0.0,0.0,0.0,100.0,UNKNOWN,1,0.0,0.0,0.0,0.0,0.0,0.0,100.0,UNKNOWN,1,0.0,0.0,0.0,0.0,0.0,0.0,100.0,UNKNOWN,1,0.0,0.0,0.0,0.0,0.0,0.0,100.0,UNKNOWN,1,9.685040473937988,IDLE,0.0
1779451722.585078,0.0,0.0,1.0,0.0,0.0,0.0,100.0,DISARMED,1,0.0,0.0,0.0,0.0,0.0,0.0,100.0,UNKNOWN,1,0.0,0.0,0.0,0.0,0.0,0.0,100.0,UNKNOWN,1,0.0,0.0,0.0,0.0,0.0,0.0,100.0,UNKNOWN,1,0.0,0.0,0.0,0.0,0.0,0.0,100.0,UNKNOWN,1,9.685040473937988,IDLE,0.0
1779451722.701104,0.0,0.0,1.0,0.0,0.0,0.0,100.0,DISARMED,1,0.0,0.0,0.0,0.0,0.0,0.0,100.0,UNKNOWN,1,0.0,0.0,0.0,0.0,0.0,0.0,100.0,UNKNOWN,1,0.0,0.0,0.0,0.0,0.0,0.0,100.0,UNKNOWN,1,0.0,0.0,0.0,0.0,0.0,0.0,100.0,UNKNOWN,1,9.685040473937988,IDLE,0.0
1779451723.1703768,0.0,0.0,1.0,0.0,0.0,0.0,100.0,DISARMED,1,0.0,0.0,0.0,0.0,0.0,0.0,100.0,UNKNOWN,1,0.0,0.0,0.0,0.0,0.0,0.0,100.0,UNKNOWN,1,0.0,0.0,0.0,0.0,0.0,0.0,100.0,UNKNOWN,1,0.0,0.0,0.0,0.0,0.0,0.0,100.0,UNKNOWN,1,9.685040473937988,IDLE,0.0
1779451723.3142822,0.0,0.0,1.0,0.0,0.0,0.0,100.0,DISARMED,1,0.0,0.0,0.0,0.0,0.0,0.0,100.0,UNKNOWN,1,0.0,0.0,0.0,0.0,0.0,0.0,100.0,UNKNOWN,1,0.0,0.0,0.0,0.0,0.0,0.0,100.0,UNKNOWN,1,0.0,0.0,0.0,0.0,0.0,0.0,100.0,UNKNOWN,1,9.685040473937988,IDLE,0.0
1779451723.4772053,0.0,0.0,1.0,0.0,0.0,0.0,100.0,DISARMED,1,0.0,0.0,0.0,0.0,0.0,0.0,100.0,UNKNOWN,1,0.0,0.0,0.0,0.0,0.0,0.0,100.0,UNKNOWN,1,0.0,0.0,0.0,0.0,0.0,0.0,100.0,UNKNOWN,1,0.0,0.0,0.0,0.0,0.0,0.0,100.0,UNKNOWN,1,9.685040473937988,IDLE,0.0
1779451723.6618278,0.0,0.0,1.0,0.0,0.0,0.0,100.0,DISARMED,1,0.0,0.0,0.0,0.0,0.0,0.0,100.0,UNKNOWN,1,0.0,0.0,0.0,0.0,0.0,0.0,100.0,UNKNOWN,1,0.0,0.0,0.0,0.0,0.0,0.0,100.0,UNKNOWN,1,0.0,0.0,0.0,0.0,0.0,0.0,100.0,UNKNOWN,1,9.685040473937988,IDLE,0.0
1779451723.7143884,0.0,0.0,1.0,0.0,0.0,0.0,100.0,DISARMED,1,0.0,0.0,0.0,0.0,0.0,0.0,100.0,UNKNOWN,1,0.0,0.0,0.0,0.0,0.0,0.0,100.0,UNKNOWN,1,0.0,0.0,0.0,0.0,0.0,0.0,100.0,UNKNOWN,1,0.0,0.0,0.0,0.0,0.0,0.0,100.0,UNKNOWN,1,9.685040473937988,IDLE,0.0
1779451724.0768964,0.0,0.0,1.0,0.0,0.0,0.0,100.0,DISARMED,1,0.0,0.0,0.0,0.0,0.0,0.0,100.0,UNKNOWN,1,0.0,0.0,0.0,0.0,0.0,0.0,100.0,UNKNOWN,1,0.0,0.0,0.0,0.0,0.0,0.0,100.0,UNKNOWN,1,0.0,0.0,0.0,0.0,0.0,0.0,100.0,UNKNOWN,1,9.685040473937988,IDLE,0.0
1779451724.0971096,0.0,0.0,1.0,0.0,0.0,0.0,100.0,DISARMED,1,0.0,0.0,0.0,0.0,0.0,0.0,100.0,UNKNOWN,1,0.0,0.0,0.0,0.0,0.0,0.0,100.0,UNKNOWN,1,0.0,0.0,0.0,0.0,0.0,0.0,100.0,UNKNOWN,1,0.0,0.0,0.0,0.0,0.0,0.0,100.0,UNKNOWN,1,9.685040473937988,IDLE,0.0
1779451724.3893032,0.0,0.0,1.0,0.0,0.0,0.0,100.0,DISARMED,1,0.0,0.0,0.0,0.0,0.0,0.0,100.0,UNKNOWN,1,0.0,0.0,0.0,0.0,0.0,0.0,100.0,UNKNOWN,1,0.0,0.0,0.0,0.0,0.0,0.0,100.0,UNKNOWN,1,0.0,0.0,0.0,0.0,0.0,0.0,100.0,UNKNOWN,1,9.685040473937988,IDLE,0.0
1779451724.5592866,0.0,0.0,1.0,0.0,0.0,0.0,100.0,DISARMED,1,0.0,0.0,0.0,0.0,0.0,0.0,100.0,UNKNOWN,1,0.0,0.0,0.0,0.0,0.0,0.0,100.0,UNKNOWN,1,0.0,0.0,0.0,0.0,0.0,0.0,100.0,UNKNOWN,1,0.0,0.0,0.0,0.0,0.0,0.0,100.0,UNKNOWN,1,9.685040473937988,IDLE,0.0
1779451724.6377552,0.0,0.0,1.0,0.0,0.0,0.0,100.0,DISARMED,1,0.0,0.0,0.0,0.0,0.0,0.0,100.0,UNKNOWN,1,0.0,0.0,0.0,0.0,0.0,0.0,100.0,UNKNOWN,1,0.0,0.0,0.0,0.0,0.0,0.0,100.0,UNKNOWN,1,0.0,0.0,0.0,0.0,0.0,0.0,100.0,UNKNOWN,1,9.685040473937988,IDLE,0.0
1779451724.734611,0.0,0.0,1.0,0.0,0.0,0.0,100.0,DISARMED,1,0.0,0.0,0.0,0.0,0.0,0.0,100.0,UNKNOWN,1,0.0,0.0,0.0,0.0,0.0,0.0,100.0,UNKNOWN,1,0.0,0.0,0.0,0.0,0.0,0.0,100.0,UNKNOWN,1,0.0,0.0,0.0,0.0,0.0,0.0,100.0,UNKNOWN,1,9.685040473937988,IDLE,0.0
1779451725.0243404,0.0,0.0,1.0,0.0,0.0,0.0,100.0,DISARMED,1,0.0,0.0,0.0,0.0,0.0,0.0,100.0,UNKNOWN,1,0.0,0.0,0.0,0.0,0.0,0.0,100.0,UNKNOWN,1,0.0,0.0,0.0,0.0,0.0,0.0,100.0,UNKNOWN,1,0.0,0.0,0.0,0.0,0.0,0.0,100.0,UNKNOWN,1,9.685040473937988,IDLE,0.0
1779451725.181329,0.0,0.0,1.0,0.0,0.0,0.0,100.0,DISARMED,1,0.0,0.0,0.0,0.0,0.0,0.0,100.0,UNKNOWN,1,0.0,0.0,0.0,0.0,0.0,0.0,100.0,UNKNOWN,1,0.0,0.0,0.0,0.0,0.0,0.0,100.0,UNKNOWN,1,0.0,0.0,0.0,0.0,0.0,0.0,100.0,UNKNOWN,1,9.685040473937988,IDLE,0.0
1779451725.225048,0.0,0.0,1.0,0.0,0.0,0.0,100.0,DISARMED,1,0.0,0.0,0.0,0.0,0.0,0.0,100.0,UNKNOWN,1,0.0,0.0,0.0,0.0,0.0,0.0,100.0,UNKNOWN,1,0.0,0.0,0.0,0.0,0.0,0.0,100.0,UNKNOWN,1,0.0,0.0,0.0,0.0,0.0,0.0,100.0,UNKNOWN,1,9.685040473937988,IDLE,0.0
1779451725.339508,0.0,0.0,1.0,0.0,0.0,0.0,100.0,DISARMED,1,0.0,0.0,0.0,0.0,0.0,0.0,100.0,UNKNOWN,1,0.0,0.0,0.0,0.0,0.0,0.0,100.0,UNKNOWN,1,0.0,0.0,0.0,0.0,0.0,0.0,100.0,UNKNOWN,1,0.0,0.0,0.0,0.0,0.0,0.0,100.0,UNKNOWN,1,9.685040473937988,IDLE,0.0
1779451725.5369515,0.0,0.0,1.0,0.0,0.0,0.0,100.0,DISARMED,1,0.0,0.0,0.0,0.0,0.0,0.0,100.0,UNKNOWN,1,0.0,0.0,0.0,0.0,0.0,0.0,100.0,UNKNOWN,1,0.0,0.0,0.0,0.0,0.0,0.0,100.0,UNKNOWN,1,0.0,0.0,0.0,0.0,0.0,0.0,100.0,UNKNOWN,1,9.685040473937988,IDLE,0.0
1779451725.646169,0.0,0.0,1.0,0.0,0.0,0.0,100.0,DISARMED,1,0.0,0.0,0.0,0.0,0.0,0.0,100.0,UNKNOWN,1,0.0,0.0,0.0,0.0,0.0,0.0,100.0,UNKNOWN,1,0.0,0.0,0.0,0.0,0.0,0.0,100.0,UNKNOWN,1,0.0,0.0,0.0,0.0,0.0,0.0,100.0,UNKNOWN,1,9.685040473937988,IDLE,0.0
1779451725.684551,0.0,0.0,1.0,0.0,0.0,0.0,100.0,DISARMED,1,0.0,0.0,0.0,0.0,0.0,0.0,100.0,UNKNOWN,1,0.0,0.0,0.0,0.0,0.0,0.0,100.0,UNKNOWN,1,0.0,0.0,0.0,0.0,0.0,0.0,100.0,UNKNOWN,1,0.0,0.0,0.0,0.0,0.0,0.0,100.0,UNKNOWN,1,9.685040473937988,IDLE,0.0
1779451725.991273,0.0,0.0,1.0,0.0,0.0,0.0,100.0,DISARMED,1,0.0,0.0,0.0,0.0,0.0,0.0,100.0,UNKNOWN,1,0.0,0.0,0.0,0.0,0.0,0.0,100.0,UNKNOWN,1,0.0,0.0,0.0,0.0,0.0,0.0,100.0,UNKNOWN,1,0.0,0.0,0.0,0.0,0.0,0.0,100.0,UNKNOWN,1,9.685040473937988,IDLE,0.0
1779451726.2119956,0.0,0.0,1.0,0.0,0.0,0.0,100.0,DISARMED,1,0.0,0.0,0.0,0.0,0.0,0.0,100.0,UNKNOWN,1,0.0,0.0,0.0,0.0,0.0,0.0,100.0,UNKNOWN,1,0.0,0.0,0.0,0.0,0.0,0.0,100.0,UNKNOWN,1,0.0,0.0,0.0,0.0,0.0,0.0,100.0,UNKNOWN,1,9.685040473937988,IDLE,0.0
1779451726.3173997,0.0,0.0,1.0,0.0,0.0,0.0,100.0,DISARMED,1,0.0,0.0,0.0,0.0,0.0,0.0,100.0,UNKNOWN,1,0.0,0.0,0.0,0.0,0.0,0.0,100.0,UNKNOWN,1,0.0,0.0,0.0,0.0,0.0,0.0,100.0,UNKNOWN,1,0.0,0.0,0.0,0.0,0.0,0.0,100.0,UNKNOWN,1,9.685040473937988,IDLE,0.0
1779451726.5196204,0.0,0.0,1.0,0.0,0.0,0.0,100.0,DISARMED,1,0.0,0.0,0.0,0.0,0.0,0.0,100.0,UNKNOWN,1,0.0,0.0,0.0,0.0,0.0,0.0,100.0,UNKNOWN,1,0.0,0.0,0.0,0.0,0.0,0.0,100.0,UNKNOWN,1,0.0,0.0,0.0,0.0,0.0,0.0,100.0,UNKNOWN,1,9.685040473937988,IDLE,0.0
1779451726.6137586,0.0,0.0,1.0,0.0,0.0,0.0,100.0,DISARMED,1,0.0,0.0,0.0,0.0,0.0,0.0,100.0,UNKNOWN,1,0.0,0.0,0.0,0.0,0.0,0.0,100.0,UNKNOWN,1,0.0,0.0,0.0,0.0,0.0,0.0,100.0,UNKNOWN,1,0.0,0.0,0.0,0.0,0.0,0.0,100.0,UNKNOWN,1,9.685040473937988,IDLE,0.0
1779451726.7413626,0.0,0.0,1.0,0.0,0.0,0.0,100.0,DISARMED,1,0.0,0.0,0.0,0.0,0.0,0.0,100.0,UNKNOWN,1,0.0,0.0,0.0,0.0,0.0,0.0,100.0,UNKNOWN,1,0.0,0.0,0.0,0.0,0.0,0.0,100.0,UNKNOWN,1,0.0,0.0,0.0,0.0,0.0,0.0,100.0,UNKNOWN,1,9.685040473937988,IDLE,0.0
1779451727.1591957,0.0,0.0,1.0,0.0,0.0,0.0,100.0,DISARMED,1,0.0,0.0,0.0,0.0,0.0,0.0,100.0,UNKNOWN,1,0.0,0.0,0.0,0.0,0.0,0.0,100.0,UNKNOWN,1,0.0,0.0,0.0,0.0,0.0,0.0,100.0,UNKNOWN,1,0.0,0.0,0.0,0.0,0.0,0.0,100.0,UNKNOWN,1,9.685040473937988,IDLE,0.0
1779451727.190918,0.0,0.0,1.0,0.0,0.0,0.0,100.0,DISARMED,1,0.0,0.0,0.0,0.0,0.0,0.0,100.0,UNKNOWN,1,0.0,0.0,0.0,0.0,0.0,0.0,100.0,UNKNOWN,1,0.0,0.0,0.0,0.0,0.0,0.0,100.0,UNKNOWN,1,0.0,0.0,0.0,0.0,0.0,0.0,100.0,UNKNOWN,1,9.685040473937988,IDLE,0.0
1779451727.3120024,0.0,0.0,1.0,0.0,0.0,0.0,100.0,DISARMED,1,0.0,0.0,0.0,0.0,0.0,0.0,100.0,UNKNOWN,1,0.0,0.0,0.0,0.0,0.0,0.0,100.0,UNKNOWN,1,0.0,0.0,0.0,0.0,0.0,0.0,100.0,UNKNOWN,1,0.0,0.0,0.0,0.0,0.0,0.0,100.0,UNKNOWN,1,9.685040473937988,IDLE,0.0
1779451727.4185307,0.0,0.0,1.0,0.0,0.0,0.0,100.0,DISARMED,1,0.0,0.0,0.0,0.0,0.0,0.0,100.0,UNKNOWN,1,0.0,0.0,0.0,0.0,0.0,0.0,100.0,UNKNOWN,1,0.0,0.0,0.0,0.0,0.0,0.0,100.0,UNKNOWN,1,0.0,0.0,0.0,0.0,0.0,0.0,100.0,UNKNOWN,1,9.685040473937988,IDLE,0.0
1779451727.523117,0.0,0.0,1.0,0.0,0.0,0.0,100.0,DISARMED,1,0.0,0.0,0.0,0.0,0.0,0.0,100.0,UNKNOWN,1,0.0,0.0,0.0,0.0,0.0,0.0,100.0,UNKNOWN,1,0.0,0.0,0.0,0.0,0.0,0.0,100.0,UNKNOWN,1,0.0,0.0,0.0,0.0,0.0,0.0,100.0,UNKNOWN,1,9.685040473937988,IDLE,0.0
1779451727.5936735,0.0,0.0,1.0,0.0,0.0,0.0,100.0,DISARMED,1,0.0,0.0,0.0,0.0,0.0,0.0,100.0,UNKNOWN,1,0.0,0.0,0.0,0.0,0.0,0.0,100.0,UNKNOWN,1,0.0,0.0,0.0,0.0,0.0,0.0,100.0,UNKNOWN,1,0.0,0.0,0.0,0.0,0.0,0.0,100.0,UNKNOWN,1,9.685040473937988,IDLE,0.0
1779451727.6919074,0.0,0.0,1.0,0.0,0.0,0.0,100.0,DISARMED,1,0.0,0.0,0.0,0.0,0.0,0.0,100.0,UNKNOWN,1,0.0,0.0,0.0,0.0,0.0,0.0,100.0,UNKNOWN,1,0.0,0.0,0.0,0.0,0.0,0.0,100.0,UNKNOWN,1,0.0,0.0,0.0,0.0,0.0,0.0,100.0,UNKNOWN,1,9.685040473937988,IDLE,0.0
1779451728.0652854,0.0,0.0,1.0,0.0,0.0,0.0,100.0,DISARMED,1,0.0,0.0,0.0,0.0,0.0,0.0,100.0,UNKNOWN,1,0.0,0.0,0.0,0.0,0.0,0.0,100.0,UNKNOWN,1,0.0,0.0,0.0,0.0,0.0,0.0,100.0,UNKNOWN,1,0.0,0.0,0.0,0.0,0.0,0.0,100.0,UNKNOWN,1,9.685040473937988,IDLE,0.0
1779451728.2777717,0.0,0.0,1.0,0.0,0.0,0.0,100.0,DISARMED,1,0.0,0.0,0.0,0.0,0.0,0.0,100.0,UNKNOWN,1,0.0,0.0,0.0,0.0,0.0,0.0,100.0,UNKNOWN,1,0.0,0.0,0.0,0.0,0.0,0.0,100.0,UNKNOWN,1,0.0,0.0,0.0,0.0,0.0,0.0,100.0,UNKNOWN,1,9.685040473937988,IDLE,0.0
1779451728.437367,0.0,0.0,1.0,0.0,0.0,0.0,100.0,DISARMED,1,0.0,0.0,0.0,0.0,0.0,0.0,100.0,UNKNOWN,1,0.0,0.0,0.0,0.0,0.0,0.0,100.0,UNKNOWN,1,0.0,0.0,0.0,0.0,0.0,0.0,100.0,UNKNOWN,1,0.0,0.0,0.0,0.0,0.0,0.0,100.0,UNKNOWN,1,9.685040473937988,IDLE,0.0
1779451728.5034964,0.0,0.0,1.0,0.0,0.0,0.0,100.0,DISARMED,1,0.0,0.0,0.0,0.0,0.0,0.0,100.0,UNKNOWN,1,0.0,0.0,0.0,0.0,0.0,0.0,100.0,UNKNOWN,1,0.0,0.0,0.0,0.0,0.0,0.0,100.0,UNKNOWN,1,0.0,0.0,0.0,0.0,0.0,0.0,100.0,UNKNOWN,1,9.685040473937988,IDLE,0.0
1779451728.6016839,0.0,0.0,1.0,0.0,0.0,0.0,100.0,DISARMED,1,0.0,0.0,0.0,0.0,0.0,0.0,100.0,UNKNOWN,1,0.0,0.0,0.0,0.0,0.0,0.0,100.0,UNKNOWN,1,0.0,0.0,0.0,0.0,0.0,0.0,100.0,UNKNOWN,1,0.0,0.0,0.0,0.0,0.0,0.0,100.0,UNKNOWN,1,9.685040473937988,IDLE,0.0
1779451728.6990957,0.0,0.0,1.0,0.0,0.0,0.0,100.0,DISARMED,1,0.0,0.0,0.0,0.0,0.0,0.0,100.0,UNKNOWN,1,0.0,0.0,0.0,0.0,0.0,0.0,100.0,UNKNOWN,1,0.0,0.0,0.0,0.0,0.0,0.0,100.0,UNKNOWN,1,0.0,0.0,0.0,0.0,0.0,0.0,100.0,UNKNOWN,1,9.685040473937988,IDLE,0.0
1779451728.9990408,0.0,0.0,1.0,0.0,0.0,0.0,100.0,DISARMED,1,0.0,0.0,0.0,0.0,0.0,0.0,100.0,UNKNOWN,1,0.0,0.0,0.0,0.0,0.0,0.0,100.0,UNKNOWN,1,0.0,0.0,0.0,0.0,0.0,0.0,100.0,UNKNOWN,1,0.0,0.0,0.0,0.0,0.0,0.0,100.0,UNKNOWN,1,9.685040473937988,IDLE,0.0
1779451729.1327136,0.0,0.0,1.0,0.0,0.0,0.0,100.0,DISARMED,1,0.0,0.0,0.0,0.0,0.0,0.0,100.0,UNKNOWN,1,0.0,0.0,0.0,0.0,0.0,0.0,100.0,UNKNOWN,1,0.0,0.0,0.0,0.0,0.0,0.0,100.0,UNKNOWN,1,0.0,0.0,0.0,0.0,0.0,0.0,100.0,UNKNOWN,1,9.685040473937988,IDLE,0.0
1779451729.2360973,0.0,0.0,1.0,0.0,0.0,0.0,100.0,DISARMED,1,0.0,0.0,0.0,0.0,0.0,0.0,100.0,UNKNOWN,1,0.0,0.0,0.0,0.0,0.0,0.0,100.0,UNKNOWN,1,0.0,0.0,0.0,0.0,0.0,0.0,100.0,UNKNOWN,1,0.0,0.0,0.0,0.0,0.0,0.0,100.0,UNKNOWN,1,9.685040473937988,IDLE,0.0
1779451729.4769,0.0,0.0,1.0,0.0,0.0,0.0,100.0,DISARMED,1,0.0,0.0,0.0,0.0,0.0,0.0,100.0,UNKNOWN,1,0.0,0.0,0.0,0.0,0.0,0.0,100.0,UNKNOWN,1,0.0,0.0,0.0,0.0,0.0,0.0,100.0,UNKNOWN,1,0.0,0.0,0.0,0.0,0.0,0.0,100.0,UNKNOWN,1,9.685040473937988,IDLE,0.0
1779451729.5033822,0.0,0.0,1.0,0.0,0.0,0.0,100.0,DISARMED,1,0.0,0.0,0.0,0.0,0.0,0.0,100.0,UNKNOWN,1,0.0,0.0,0.0,0.0,0.0,0.0,100.0,UNKNOWN,1,0.0,0.0,0.0,0.0,0.0,0.0,100.0,UNKNOWN,1,0.0,0.0,0.0,0.0,0.0,0.0,100.0,UNKNOWN,1,9.685040473937988,IDLE,0.0
1779451729.7067149,0.0,0.0,1.0,0.0,0.0,0.0,100.0,DISARMED,1,0.0,0.0,0.0,0.0,0.0,0.0,100.0,UNKNOWN,1,0.0,0.0,0.0,0.0,0.0,0.0,100.0,UNKNOWN,1,0.0,0.0,0.0,0.0,0.0,0.0,100.0,UNKNOWN,1,0.0,0.0,0.0,0.0,0.0,0.0,100.0,UNKNOWN,1,9.685040473937988,IDLE,0.0
1779451730.0618765,0.0,0.0,1.0,0.0,0.0,0.0,100.0,DISARMED,1,0.0,0.0,0.0,0.0,0.0,0.0,100.0,UNKNOWN,1,0.0,0.0,0.0,0.0,0.0,0.0,100.0,UNKNOWN,1,0.0,0.0,0.0,0.0,0.0,0.0,100.0,UNKNOWN,1,0.0,0.0,0.0,0.0,0.0,0.0,100.0,UNKNOWN,1,9.685040473937988,IDLE,0.0
1779451730.0854182,0.0,0.0,1.0,0.0,0.0,0.0,100.0,DISARMED,1,0.0,0.0,0.0,0.0,0.0,0.0,100.0,UNKNOWN,1,0.0,0.0,0.0,0.0,0.0,0.0,100.0,UNKNOWN,1,0.0,0.0,0.0,0.0,0.0,0.0,100.0,UNKNOWN,1,0.0,0.0,0.0,0.0,0.0,0.0,100.0,UNKNOWN,1,9.685040473937988,IDLE,0.0
1779451730.3028955,0.0,0.0,1.0,0.0,0.0,0.0,100.0,DISARMED,1,0.0,0.0,0.0,0.0,0.0,0.0,100.0,UNKNOWN,1,0.0,0.0,0.0,0.0,0.0,0.0,100.0,UNKNOWN,1,0.0,0.0,0.0,0.0,0.0,0.0,100.0,UNKNOWN,1,0.0,0.0,0.0,0.0,0.0,0.0,100.0,UNKNOWN,1,9.685040473937988,IDLE,0.0
1779451730.4572678,0.0,0.0,1.0,0.0,0.0,0.0,100.0,DISARMED,1,0.0,0.0,0.0,0.0,0.0,0.0,100.0,UNKNOWN,1,0.0,0.0,0.0,0.0,0.0,0.0,100.0,UNKNOWN,1,0.0,0.0,0.0,0.0,0.0,0.0,100.0,UNKNOWN,1,0.0,0.0,0.0,0.0,0.0,0.0,100.0,UNKNOWN,1,9.685040473937988,IDLE,0.0
1779451730.4994366,0.0,0.0,1.0,0.0,0.0,0.0,100.0,DISARMED,1,0.0,0.0,0.0,0.0,0.0,0.0,100.0,UNKNOWN,1,0.0,0.0,0.0,0.0,0.0,0.0,100.0,UNKNOWN,1,0.0,0.0,0.0,0.0,0.0,0.0,100.0,UNKNOWN,1,0.0,0.0,0.0,0.0,0.0,0.0,100.0,UNKNOWN,1,9.685040473937988,IDLE,0.0
1779451730.5846808,0.0,0.0,1.0,0.0,0.0,0.0,100.0,DISARMED,1,0.0,0.0,0.0,0.0,0.0,0.0,100.0,UNKNOWN,1,0.0,0.0,0.0,0.0,0.0,0.0,100.0,UNKNOWN,1,0.0,0.0,0.0,0.0,0.0,0.0,100.0,UNKNOWN,1,0.0,0.0,0.0,0.0,0.0,0.0,100.0,UNKNOWN,1,9.685040473937988,IDLE,0.0
1779451730.7080085,0.0,0.0,1.0,0.0,0.0,0.0,100.0,DISARMED,1,0.0,0.0,0.0,0.0,0.0,0.0,100.0,UNKNOWN,1,0.0,0.0,0.0,0.0,0.0,0.0,100.0,UNKNOWN,1,0.0,0.0,0.0,0.0,0.0,0.0,100.0,UNKNOWN,1,0.0,0.0,0.0,0.0,0.0,0.0,100.0,UNKNOWN,1,9.685040473937988,IDLE,0.0
1779451731.0402844,0.0,0.0,1.0,0.0,0.0,0.0,100.0,DISARMED,1,0.0,0.0,0.0,0.0,0.0,0.0,100.0,UNKNOWN,1,0.0,0.0,0.0,0.0,0.0,0.0,100.0,UNKNOWN,1,0.0,0.0,0.0,0.0,0.0,0.0,100.0,UNKNOWN,1,0.0,0.0,0.0,0.0,0.0,0.0,100.0,UNKNOWN,1,9.685040473937988,IDLE,0.0
1779451731.1404655,0.0,0.0,1.0,0.0,0.0,0.0,100.0,DISARMED,1,0.0,0.0,0.0,0.0,0.0,0.0,100.0,UNKNOWN,1,0.0,0.0,0.0,0.0,0.0,0.0,100.0,UNKNOWN,1,0.0,0.0,0.0,0.0,0.0,0.0,100.0,UNKNOWN,1,0.0,0.0,0.0,0.0,0.0,0.0,100.0,UNKNOWN,1,9.685040473937988,IDLE,0.0
1779451731.1944609,0.0,0.0,1.0,0.0,0.0,0.0,100.0,DISARMED,1,0.0,0.0,0.0,0.0,0.0,0.0,100.0,UNKNOWN,1,0.0,0.0,0.0,0.0,0.0,0.0,100.0,UNKNOWN,1,0.0,0.0,0.0,0.0,0.0,0.0,100.0,UNKNOWN,1,0.0,0.0,0.0,0.0,0.0,0.0,100.0,UNKNOWN,1,9.685040473937988,IDLE,0.0
1779451731.357903,0.0,0.0,1.0,0.0,0.0,0.0,100.0,DISARMED,1,0.0,0.0,0.0,0.0,0.0,0.0,100.0,UNKNOWN,1,0.0,0.0,0.0,0.0,0.0,0.0,100.0,UNKNOWN,1,0.0,0.0,0.0,0.0,0.0,0.0,100.0,UNKNOWN,1,0.0,0.0,0.0,0.0,0.0,0.0,100.0,UNKNOWN,1,9.685040473937988,IDLE,0.0
1779451731.438465,0.0,0.0,1.0,0.0,0.0,0.0,100.0,DISARMED,1,0.0,0.0,0.0,0.0,0.0,0.0,100.0,UNKNOWN,1,0.0,0.0,0.0,0.0,0.0,0.0,100.0,UNKNOWN,1,0.0,0.0,0.0,0.0,0.0,0.0,100.0,UNKNOWN,1,0.0,0.0,0.0,0.0,0.0,0.0,100.0,UNKNOWN,1,9.685040473937988,IDLE,0.0
1779451731.5285494,0.0,0.0,1.0,0.0,0.0,0.0,100.0,DISARMED,1,0.0,0.0,0.0,0.0,0.0,0.0,100.0,UNKNOWN,1,0.0,0.0,0.0,0.0,0.0,0.0,100.0,UNKNOWN,1,0.0,0.0,0.0,0.0,0.0,0.0,100.0,UNKNOWN,1,0.0,0.0,0.0,0.0,0.0,0.0,100.0,UNKNOWN,1,9.685040473937988,IDLE,0.0
1779451731.5857432,0.0,0.0,1.0,0.0,0.0,0.0,100.0,DISARMED,1,0.0,0.0,0.0,0.0,0.0,0.0,100.0,UNKNOWN,1,0.0,0.0,0.0,0.0,0.0,0.0,100.0,UNKNOWN,1,0.0,0.0,0.0,0.0,0.0,0.0,100.0,UNKNOWN,1,0.0,0.0,0.0,0.0,0.0,0.0,100.0,UNKNOWN,1,9.685040473937988,IDLE,0.0
1779451731.7386277,0.0,0.0,1.0,0.0,0.0,0.0,100.0,DISARMED,1,0.0,0.0,0.0,0.0,0.0,0.0,100.0,UNKNOWN,1,0.0,0.0,0.0,0.0,0.0,0.0,100.0,UNKNOWN,1,0.0,0.0,0.0,0.0,0.0,0.0,100.0,UNKNOWN,1,0.0,0.0,0.0,0.0,0.0,0.0,100.0,UNKNOWN,1,9.685040473937988,IDLE,0.0
1779451731.9724698,0.0,0.0,1.0,0.0,0.0,0.0,100.0,DISARMED,1,0.0,0.0,0.0,0.0,0.0,0.0,100.0,UNKNOWN,1,0.0,0.0,0.0,0.0,0.0,0.0,100.0,UNKNOWN,1,0.0,0.0,0.0,0.0,0.0,0.0,100.0,UNKNOWN,1,0.0,0.0,0.0,0.0,0.0,0.0,100.0,UNKNOWN,1,9.685040473937988,IDLE,0.0
1779451731.9889698,0.0,0.0,1.0,0.0,0.0,0.0,100.0,DISARMED,1,0.0,0.0,0.0,0.0,0.0,0.0,100.0,UNKNOWN,1,0.0,0.0,0.0,0.0,0.0,0.0,100.0,UNKNOWN,1,0.0,0.0,0.0,0.0,0.0,0.0,100.0,UNKNOWN,1,0.0,0.0,0.0,0.0,0.0,0.0,100.0,UNKNOWN,1,9.685040473937988,IDLE,0.0
1779451732.108342,0.0,0.0,1.0,0.0,0.0,0.0,100.0,DISARMED,1,0.0,0.0,0.0,0.0,0.0,0.0,100.0,UNKNOWN,1,0.0,0.0,0.0,0.0,0.0,0.0,100.0,UNKNOWN,1,0.0,0.0,0.0,0.0,0.0,0.0,100.0,UNKNOWN,1,0.0,0.0,0.0,0.0,0.0,0.0,100.0,UNKNOWN,1,9.685040473937988,IDLE,0.0
1779451732.2103922,0.0,0.0,1.0,0.0,0.0,0.0,100.0,DISARMED,1,0.0,0.0,0.0,0.0,0.0,0.0,100.0,UNKNOWN,1,0.0,0.0,0.0,0.0,0.0,0.0,100.0,UNKNOWN,1,0.0,0.0,0.0,0.0,0.0,0.0,100.0,UNKNOWN,1,0.0,0.0,0.0,0.0,0.0,0.0,100.0,UNKNOWN,1,9.685040473937988,IDLE,0.0
1779451732.3242757,0.0,0.0,1.0,0.0,0.0,0.0,100.0,DISARMED,1,0.0,0.0,0.0,0.0,0.0,0.0,100.0,UNKNOWN,1,0.0,0.0,0.0,0.0,0.0,0.0,100.0,UNKNOWN,1,0.0,0.0,0.0,0.0,0.0,0.0,100.0,UNKNOWN,1,0.0,0.0,0.0,0.0,0.0,0.0,100.0,UNKNOWN,1,9.685040473937988,IDLE,0.0
1779451732.4093974,0.0,0.0,1.0,0.0,0.0,0.0,100.0,DISARMED,1,0.0,0.0,0.0,0.0,0.0,0.0,100.0,UNKNOWN,1,0.0,0.0,0.0,0.0,0.0,0.0,100.0,UNKNOWN,1,0.0,0.0,0.0,0.0,0.0,0.0,100.0,UNKNOWN,1,0.0,0.0,0.0,0.0,0.0,0.0,100.0,UNKNOWN,1,9.685040473937988,IDLE,0.0
1779451732.5143802,0.0,0.0,1.0,0.0,0.0,0.0,100.0,DISARMED,1,0.0,0.0,0.0,0.0,0.0,0.0,100.0,UNKNOWN,1,0.0,0.0,0.0,0.0,0.0,0.0,100.0,UNKNOWN,1,0.0,0.0,0.0,0.0,0.0,0.0,100.0,UNKNOWN,1,0.0,0.0,0.0,0.0,0.0,0.0,100.0,UNKNOWN,1,9.685040473937988,IDLE,0.0
1779451732.6007392,0.0,0.0,1.0,0.0,0.0,0.0,100.0,DISARMED,1,0.0,0.0,0.0,0.0,0.0,0.0,100.0,UNKNOWN,1,0.0,0.0,0.0,0.0,0.0,0.0,100.0,UNKNOWN,1,0.0,0.0,0.0,0.0,0.0,0.0,100.0,UNKNOWN,1,0.0,0.0,0.0,0.0,0.0,0.0,100.0,UNKNOWN,1,9.685040473937988,IDLE,0.0
1779451732.7603426,0.0,0.0,1.0,0.0,0.0,0.0,100.0,DISARMED,1,0.0,0.0,0.0,0.0,0.0,0.0,100.0,UNKNOWN,1,0.0,0.0,0.0,0.0,0.0,0.0,100.0,UNKNOWN,1,0.0,0.0,0.0,0.0,0.0,0.0,100.0,UNKNOWN,1,0.0,0.0,0.0,0.0,0.0,0.0,100.0,UNKNOWN,1,9.685040473937988,IDLE,0.0
1779451733.1979446,0.0,0.0,1.0,0.0,0.0,0.0,100.0,DISARMED,1,0.0,0.0,0.0,0.0,0.0,0.0,100.0,UNKNOWN,1,0.0,0.0,0.0,0.0,0.0,0.0,100.0,UNKNOWN,1,0.0,0.0,0.0,0.0,0.0,0.0,100.0,UNKNOWN,1,0.0,0.0,0.0,0.0,0.0,0.0,100.0,UNKNOWN,1,9.685040473937988,IDLE,0.0
1779451733.3861313,0.0,0.0,1.0,0.0,0.0,0.0,100.0,DISARMED,1,0.0,0.0,0.0,0.0,0.0,0.0,100.0,UNKNOWN,1,0.0,0.0,0.0,0.0,0.0,0.0,100.0,UNKNOWN,1,0.0,0.0,0.0,0.0,0.0,0.0,100.0,UNKNOWN,1,0.0,0.0,0.0,0.0,0.0,0.0,100.0,UNKNOWN,1,9.685040473937988,IDLE,0.0
1779451733.5763075,0.0,0.0,1.0,0.0,0.0,0.0,100.0,DISARMED,1,0.0,0.0,0.0,0.0,0.0,0.0,100.0,UNKNOWN,1,0.0,0.0,0.0,0.0,0.0,0.0,100.0,UNKNOWN,1,0.0,0.0,0.0,0.0,0.0,0.0,100.0,UNKNOWN,1,0.0,0.0,0.0,0.0,0.0,0.0,100.0,UNKNOWN,1,9.685040473937988,IDLE,0.0
1779451733.586762,0.0,0.0,1.0,0.0,0.0,0.0,100.0,DISARMED,1,0.0,0.0,0.0,0.0,0.0,0.0,100.0,UNKNOWN,1,0.0,0.0,0.0,0.0,0.0,0.0,100.0,UNKNOWN,1,0.0,0.0,0.0,0.0,0.0,0.0,100.0,UNKNOWN,1,0.0,0.0,0.0,0.0,0.0,0.0,100.0,UNKNOWN,1,9.685040473937988,IDLE,0.0
1779451733.6910024,0.0,0.0,1.0,0.0,0.0,0.0,100.0,DISARMED,1,0.0,0.0,0.0,0.0,0.0,0.0,100.0,UNKNOWN,1,0.0,0.0,0.0,0.0,0.0,0.0,100.0,UNKNOWN,1,0.0,0.0,0.0,0.0,0.0,0.0,100.0,UNKNOWN,1,0.0,0.0,0.0,0.0,0.0,0.0,100.0,UNKNOWN,1,9.685040473937988,IDLE,0.0
1779451733.9914286,0.0,0.0,1.0,0.0,0.0,0.0,100.0,DISARMED,1,0.0,0.0,0.0,0.0,0.0,0.0,100.0,UNKNOWN,1,0.0,0.0,0.0,0.0,0.0,0.0,100.0,UNKNOWN,1,0.0,0.0,0.0,0.0,0.0,0.0,100.0,UNKNOWN,1,0.0,0.0,0.0,0.0,0.0,0.0,100.0,UNKNOWN,1,9.685040473937988,IDLE,0.0
1779451734.1623073,0.0,0.0,1.0,0.0,0.0,0.0,100.0,DISARMED,1,0.0,0.0,0.0,0.0,0.0,0.0,100.0,UNKNOWN,1,0.0,0.0,0.0,0.0,0.0,0.0,100.0,UNKNOWN,1,0.0,0.0,0.0,0.0,0.0,0.0,100.0,UNKNOWN,1,0.0,0.0,0.0,0.0,0.0,0.0,100.0,UNKNOWN,1,9.685040473937988,IDLE,0.0
1779451734.211012,0.0,0.0,1.0,0.0,0.0,0.0,100.0,DISARMED,1,0.0,0.0,0.0,0.0,0.0,0.0,100.0,UNKNOWN,1,0.0,0.0,0.0,0.0,0.0,0.0,100.0,UNKNOWN,1,0.0,0.0,0.0,0.0,0.0,0.0,100.0,UNKNOWN,1,0.0,0.0,0.0,0.0,0.0,0.0,100.0,UNKNOWN,1,9.685040473937988,IDLE,0.0
1779451734.3464181,0.0,0.0,1.0,0.0,0.0,0.0,100.0,DISARMED,1,0.0,0.0,0.0,0.0,0.0,0.0,100.0,UNKNOWN,1,0.0,0.0,0.0,0.0,0.0,0.0,100.0,UNKNOWN,1,0.0,0.0,0.0,0.0,0.0,0.0,100.0,UNKNOWN,1,0.0,0.0,0.0,0.0,0.0,0.0,100.0,UNKNOWN,1,9.685040473937988,IDLE,0.0
1779451734.4524195,0.0,0.0,1.0,0.0,0.0,0.0,100.0,DISARMED,1,0.0,0.0,0.0,0.0,0.0,0.0,100.0,UNKNOWN,1,0.0,0.0,0.0,0.0,0.0,0.0,100.0,UNKNOWN,1,0.0,0.0,0.0,0.0,0.0,0.0,100.0,UNKNOWN,1,0.0,0.0,0.0,0.0,0.0,0.0,100.0,UNKNOWN,1,9.685040473937988,IDLE,0.0
1779451734.5115857,0.0,0.0,1.0,0.0,0.0,0.0,100.0,DISARMED,1,0.0,0.0,0.0,0.0,0.0,0.0,100.0,UNKNOWN,1,0.0,0.0,0.0,0.0,0.0,0.0,100.0,UNKNOWN,1,0.0,0.0,0.0,0.0,0.0,0.0,100.0,UNKNOWN,1,0.0,0.0,0.0,0.0,0.0,0.0,100.0,UNKNOWN,1,9.685040473937988,IDLE,0.0
1779451734.687385,0.0,0.0,1.0,0.0,0.0,0.0,100.0,DISARMED,1,0.0,0.0,0.0,0.0,0.0,0.0,100.0,UNKNOWN,1,0.0,0.0,0.0,0.0,0.0,0.0,100.0,UNKNOWN,1,0.0,0.0,0.0,0.0,0.0,0.0,100.0,UNKNOWN,1,0.0,0.0,0.0,0.0,0.0,0.0,100.0,UNKNOWN,1,9.685040473937988,IDLE,0.0
1779451735.0795016,0.0,0.0,1.0,0.0,0.0,0.0,100.0,DISARMED,1,0.0,0.0,0.0,0.0,0.0,0.0,100.0,UNKNOWN,1,0.0,0.0,0.0,0.0,0.0,0.0,100.0,UNKNOWN,1,0.0,0.0,0.0,0.0,0.0,0.0,100.0,UNKNOWN,1,0.0,0.0,0.0,0.0,0.0,0.0,100.0,UNKNOWN,1,9.685040473937988,IDLE,0.0
1779451735.152476,0.0,0.0,1.0,0.0,0.0,0.0,100.0,DISARMED,1,0.0,0.0,0.0,0.0,0.0,0.0,100.0,UNKNOWN,1,0.0,0.0,0.0,0.0,0.0,0.0,100.0,UNKNOWN,1,0.0,0.0,0.0,0.0,0.0,0.0,100.0,UNKNOWN,1,0.0,0.0,0.0,0.0,0.0,0.0,100.0,UNKNOWN,1,9.685040473937988,IDLE,0.0
1779451735.2250123,0.0,0.0,1.0,0.0,0.0,0.0,100.0,DISARMED,1,0.0,0.0,0.0,0.0,0.0,0.0,100.0,UNKNOWN,1,0.0,0.0,0.0,0.0,0.0,0.0,100.0,UNKNOWN,1,0.0,0.0,0.0,0.0,0.0,0.0,100.0,UNKNOWN,1,0.0,0.0,0.0,0.0,0.0,0.0,100.0,UNKNOWN,1,9.685040473937988,IDLE,0.0
1779451735.2913315,0.0,0.0,1.0,0.0,0.0,0.0,100.0,DISARMED,1,0.0,0.0,0.0,0.0,0.0,0.0,100.0,UNKNOWN,1,0.0,0.0,0.0,0.0,0.0,0.0,100.0,UNKNOWN,1,0.0,0.0,0.0,0.0,0.0,0.0,100.0,UNKNOWN,1,0.0,0.0,0.0,0.0,0.0,0.0,100.0,UNKNOWN,1,9.685040473937988,IDLE,0.0
1779451735.434293,0.0,0.0,1.0,0.0,0.0,0.0,100.0,DISARMED,1,0.0,0.0,0.0,0.0,0.0,0.0,100.0,UNKNOWN,1,0.0,0.0,0.0,0.0,0.0,0.0,100.0,UNKNOWN,1,0.0,0.0,0.0,0.0,0.0,0.0,100.0,UNKNOWN,1,0.0,0.0,0.0,0.0,0.0,0.0,100.0,UNKNOWN,1,9.685040473937988,IDLE,0.0
1779451735.5749323,0.0,0.0,1.0,0.0,0.0,0.0,100.0,DISARMED,1,0.0,0.0,0.0,0.0,0.0,0.0,100.0,UNKNOWN,1,0.0,0.0,0.0,0.0,0.0,0.0,100.0,UNKNOWN,1,0.0,0.0,0.0,0.0,0.0,0.0,100.0,UNKNOWN,1,0.0,0.0,0.0,0.0,0.0,0.0,100.0,UNKNOWN,1,9.685040473937988,IDLE,0.0
1779451735.6435277,0.0,0.0,1.0,0.0,0.0,0.0,100.0,DISARMED,1,0.0,0.0,0.0,0.0,0.0,0.0,100.0,UNKNOWN,1,0.0,0.0,0.0,0.0,0.0,0.0,100.0,UNKNOWN,1,0.0,0.0,0.0,0.0,0.0,0.0,100.0,UNKNOWN,1,0.0,0.0,0.0,0.0,0.0,0.0,100.0,UNKNOWN,1,9.685040473937988,IDLE,0.0
1779451735.7491107,0.0,0.0,1.0,0.0,0.0,0.0,100.0,DISARMED,1,0.0,0.0,0.0,0.0,0.0,0.0,100.0,UNKNOWN,1,0.0,0.0,0.0,0.0,0.0,0.0,100.0,UNKNOWN,1,0.0,0.0,0.0,0.0,0.0,0.0,100.0,UNKNOWN,1,0.0,0.0,0.0,0.0,0.0,0.0,100.0,UNKNOWN,1,9.685040473937988,IDLE,0.0
1779451736.0791228,0.0,0.0,1.0,0.0,0.0,0.0,100.0,DISARMED,1,0.0,0.0,0.0,0.0,0.0,0.0,100.0,UNKNOWN,1,0.0,0.0,0.0,0.0,0.0,0.0,100.0,UNKNOWN,1,0.0,0.0,0.0,0.0,0.0,0.0,100.0,UNKNOWN,1,0.0,0.0,0.0,0.0,0.0,0.0,100.0,UNKNOWN,1,9.685040473937988,IDLE,0.0
1779451736.102866,0.0,0.0,1.0,0.0,0.0,0.0,100.0,DISARMED,1,0.0,0.0,0.0,0.0,0.0,0.0,100.0,UNKNOWN,1,0.0,0.0,0.0,0.0,0.0,0.0,100.0,UNKNOWN,1,0.0,0.0,0.0,0.0,0.0,0.0,100.0,UNKNOWN,1,0.0,0.0,0.0,0.0,0.0,0.0,100.0,UNKNOWN,1,9.685040473937988,IDLE,0.0
1779451736.2743335,0.0,0.0,1.0,0.0,0.0,0.0,100.0,DISARMED,1,0.0,0.0,0.0,0.0,0.0,0.0,100.0,UNKNOWN,1,0.0,0.0,0.0,0.0,0.0,0.0,100.0,UNKNOWN,1,0.0,0.0,0.0,0.0,0.0,0.0,100.0,UNKNOWN,1,0.0,0.0,0.0,0.0,0.0,0.0,100.0,UNKNOWN,1,9.685040473937988,IDLE,0.0
1779451736.3873847,0.0,0.0,1.0,0.0,0.0,0.0,100.0,DISARMED,1,0.0,0.0,0.0,0.0,0.0,0.0,100.0,UNKNOWN,1,0.0,0.0,0.0,0.0,0.0,0.0,100.0,UNKNOWN,1,0.0,0.0,0.0,0.0,0.0,0.0,100.0,UNKNOWN,1,0.0,0.0,0.0,0.0,0.0,0.0,100.0,UNKNOWN,1,9.685040473937988,IDLE,0.0
1779451736.5308568,0.0,0.0,1.0,0.0,0.0,0.0,100.0,DISARMED,1,0.0,0.0,0.0,0.0,0.0,0.0,100.0,UNKNOWN,1,0.0,0.0,0.0,0.0,0.0,0.0,100.0,UNKNOWN,1,0.0,0.0,0.0,0.0,0.0,0.0,100.0,UNKNOWN,1,0.0,0.0,0.0,0.0,0.0,0.0,100.0,UNKNOWN,1,9.685040473937988,IDLE,0.0
1779451736.5900874,0.0,0.0,1.0,0.0,0.0,0.0,100.0,DISARMED,1,0.0,0.0,0.0,0.0,0.0,0.0,100.0,UNKNOWN,1,0.0,0.0,0.0,0.0,0.0,0.0,100.0,UNKNOWN,1,0.0,0.0,0.0,0.0,0.0,0.0,100.0,UNKNOWN,1,0.0,0.0,0.0,0.0,0.0,0.0,100.0,UNKNOWN,1,9.685040473937988,IDLE,0.0
1779451736.6864858,0.0,0.0,1.0,0.0,0.0,0.0,100.0,DISARMED,1,0.0,0.0,0.0,0.0,0.0,0.0,100.0,UNKNOWN,1,0.0,0.0,0.0,0.0,0.0,0.0,100.0,UNKNOWN,1,0.0,0.0,0.0,0.0,0.0,0.0,100.0,UNKNOWN,1,0.0,0.0,0.0,0.0,0.0,0.0,100.0,UNKNOWN,1,9.685040473937988,IDLE,0.0
1779451737.2318084,0.0,0.0,1.0,0.0,0.0,0.0,100.0,DISARMED,1,0.0,0.0,0.0,0.0,0.0,0.0,100.0,UNKNOWN,1,0.0,0.0,0.0,0.0,0.0,0.0,100.0,UNKNOWN,1,0.0,0.0,0.0,0.0,0.0,0.0,100.0,UNKNOWN,1,0.0,0.0,0.0,0.0,0.0,0.0,100.0,UNKNOWN,1,9.685040473937988,IDLE,0.0
1779451737.3050396,0.0,0.0,1.0,0.0,0.0,0.0,100.0,DISARMED,1,0.0,0.0,0.0,0.0,0.0,0.0,100.0,UNKNOWN,1,0.0,0.0,0.0,0.0,0.0,0.0,100.0,UNKNOWN,1,0.0,0.0,0.0,0.0,0.0,0.0,100.0,UNKNOWN,1,0.0,0.0,0.0,0.0,0.0,0.0,100.0,UNKNOWN,1,9.685040473937988,IDLE,0.0
1779451737.4176323,0.0,0.0,1.0,0.0,0.0,0.0,100.0,DISARMED,1,0.0,0.0,0.0,0.0,0.0,0.0,100.0,UNKNOWN,1,0.0,0.0,0.0,0.0,0.0,0.0,100.0,UNKNOWN,1,0.0,0.0,0.0,0.0,0.0,0.0,100.0,UNKNOWN,1,0.0,0.0,0.0,0.0,0.0,0.0,100.0,UNKNOWN,1,9.685040473937988,IDLE,0.0
1779451737.5547173,0.0,0.0,1.0,0.0,0.0,0.0,100.0,DISARMED,1,0.0,0.0,0.0,0.0,0.0,0.0,100.0,UNKNOWN,1,0.0,0.0,0.0,0.0,0.0,0.0,100.0,UNKNOWN,1,0.0,0.0,0.0,0.0,0.0,0.0,100.0,UNKNOWN,1,0.0,0.0,0.0,0.0,0.0,0.0,100.0,UNKNOWN,1,9.685040473937988,IDLE,0.0
1779451737.6903057,0.0,0.0,1.0,0.0,0.0,0.0,100.0,DISARMED,1,0.0,0.0,0.0,0.0,0.0,0.0,100.0,UNKNOWN,1,0.0,0.0,0.0,0.0,0.0,0.0,100.0,UNKNOWN,1,0.0,0.0,0.0,0.0,0.0,0.0,100.0,UNKNOWN,1,0.0,0.0,0.0,0.0,0.0,0.0,100.0,UNKNOWN,1,9.685040473937988,IDLE,0.0
1779451738.0460396,0.0,0.0,1.0,0.0,0.0,0.0,100.0,DISARMED,1,0.0,0.0,0.0,0.0,0.0,0.0,100.0,UNKNOWN,1,0.0,0.0,0.0,0.0,0.0,0.0,100.0,UNKNOWN,1,0.0,0.0,0.0,0.0,0.0,0.0,100.0,UNKNOWN,1,0.0,0.0,0.0,0.0,0.0,0.0,100.0,UNKNOWN,1,9.685040473937988,IDLE,0.0
1779451738.126685,0.0,0.0,1.0,0.0,0.0,0.0,100.0,DISARMED,1,0.0,0.0,0.0,0.0,0.0,0.0,100.0,UNKNOWN,1,0.0,0.0,0.0,0.0,0.0,0.0,100.0,UNKNOWN,1,0.0,0.0,0.0,0.0,0.0,0.0,100.0,UNKNOWN,1,0.0,0.0,0.0,0.0,0.0,0.0,100.0,UNKNOWN,1,9.685040473937988,IDLE,0.0
1779451738.205545,0.0,0.0,1.0,0.0,0.0,0.0,100.0,DISARMED,1,0.0,0.0,0.0,0.0,0.0,0.0,100.0,UNKNOWN,1,0.0,0.0,0.0,0.0,0.0,0.0,100.0,UNKNOWN,1,0.0,0.0,0.0,0.0,0.0,0.0,100.0,UNKNOWN,1,0.0,0.0,0.0,0.0,0.0,0.0,100.0,UNKNOWN,1,9.685040473937988,IDLE,0.0
1779451738.3122718,0.0,0.0,1.0,0.0,0.0,0.0,100.0,DISARMED,1,0.0,0.0,0.0,0.0,0.0,0.0,100.0,UNKNOWN,1,0.0,0.0,0.0,0.0,0.0,0.0,100.0,UNKNOWN,1,0.0,0.0,0.0,0.0,0.0,0.0,100.0,UNKNOWN,1,0.0,0.0,0.0,0.0,0.0,0.0,100.0,UNKNOWN,1,9.685040473937988,IDLE,0.0
1779451738.4470832,0.0,0.0,1.0,0.0,0.0,0.0,100.0,DISARMED,1,0.0,0.0,0.0,0.0,0.0,0.0,100.0,UNKNOWN,1,0.0,0.0,0.0,0.0,0.0,0.0,100.0,UNKNOWN,1,0.0,0.0,0.0,0.0,0.0,0.0,100.0,UNKNOWN,1,0.0,0.0,0.0,0.0,0.0,0.0,100.0,UNKNOWN,1,9.685040473937988,IDLE,0.0
1779451738.56419,0.0,0.0,1.0,0.0,0.0,0.0,100.0,DISARMED,1,0.0,0.0,0.0,0.0,0.0,0.0,100.0,UNKNOWN,1,0.0,0.0,0.0,0.0,0.0,0.0,100.0,UNKNOWN,1,0.0,0.0,0.0,0.0,0.0,0.0,100.0,UNKNOWN,1,0.0,0.0,0.0,0.0,0.0,0.0,100.0,UNKNOWN,1,9.685040473937988,IDLE,0.0
1779451738.6834364,0.0,0.0,1.0,0.0,0.0,0.0,100.0,DISARMED,1,0.0,0.0,0.0,0.0,0.0,0.0,100.0,UNKNOWN,1,0.0,0.0,0.0,0.0,0.0,0.0,100.0,UNKNOWN,1,0.0,0.0,0.0,0.0,0.0,0.0,100.0,UNKNOWN,1,0.0,0.0,0.0,0.0,0.0,0.0,100.0,UNKNOWN,1,9.685040473937988,IDLE,0.0
1779451738.741029,0.0,0.0,1.0,0.0,0.0,0.0,100.0,DISARMED,1,0.0,0.0,0.0,0.0,0.0,0.0,100.0,UNKNOWN,1,0.0,0.0,0.0,0.0,0.0,0.0,100.0,UNKNOWN,1,0.0,0.0,0.0,0.0,0.0,0.0,100.0,UNKNOWN,1,0.0,0.0,0.0,0.0,0.0,0.0,100.0,UNKNOWN,1,9.685040473937988,IDLE,0.0
1779451739.0906065,0.0,0.0,1.0,0.0,0.0,0.0,100.0,DISARMED,1,0.0,0.0,0.0,0.0,0.0,0.0,100.0,UNKNOWN,1,0.0,0.0,0.0,0.0,0.0,0.0,100.0,UNKNOWN,1,0.0,0.0,0.0,0.0,0.0,0.0,100.0,UNKNOWN,1,0.0,0.0,0.0,0.0,0.0,0.0,100.0,UNKNOWN,1,9.685040473937988,IDLE,0.0
1779451739.192065,0.0,0.0,1.0,0.0,0.0,0.0,100.0,DISARMED,1,0.0,0.0,0.0,0.0,0.0,0.0,100.0,UNKNOWN,1,0.0,0.0,0.0,0.0,0.0,0.0,100.0,UNKNOWN,1,0.0,0.0,0.0,0.0,0.0,0.0,100.0,UNKNOWN,1,0.0,0.0,0.0,0.0,0.0,0.0,100.0,UNKNOWN,1,9.685040473937988,IDLE,0.0
1779451739.2906544,0.0,0.0,1.0,0.0,0.0,0.0,100.0,DISARMED,1,0.0,0.0,0.0,0.0,0.0,0.0,100.0,UNKNOWN,1,0.0,0.0,0.0,0.0,0.0,0.0,100.0,UNKNOWN,1,0.0,0.0,0.0,0.0,0.0,0.0,100.0,UNKNOWN,1,0.0,0.0,0.0,0.0,0.0,0.0,100.0,UNKNOWN,1,9.685040473937988,IDLE,0.0
1779451739.4063976,0.0,0.0,1.0,0.0,0.0,0.0,100.0,DISARMED,1,0.0,0.0,0.0,0.0,0.0,0.0,100.0,UNKNOWN,1,0.0,0.0,0.0,0.0,0.0,0.0,100.0,UNKNOWN,1,0.0,0.0,0.0,0.0,0.0,0.0,100.0,UNKNOWN,1,0.0,0.0,0.0,0.0,0.0,0.0,100.0,UNKNOWN,1,9.685040473937988,IDLE,0.0
1779451739.5091877,0.0,0.0,1.0,0.0,0.0,0.0,100.0,DISARMED,1,0.0,0.0,0.0,0.0,0.0,0.0,100.0,UNKNOWN,1,0.0,0.0,0.0,0.0,0.0,0.0,100.0,UNKNOWN,1,0.0,0.0,0.0,0.0,0.0,0.0,100.0,UNKNOWN,1,0.0,0.0,0.0,0.0,0.0,0.0,100.0,UNKNOWN,1,9.685040473937988,IDLE,0.0
1779451739.6221259,0.0,0.0,1.0,0.0,0.0,0.0,100.0,DISARMED,1,0.0,0.0,0.0,0.0,0.0,0.0,100.0,UNKNOWN,1,0.0,0.0,0.0,0.0,0.0,0.0,100.0,UNKNOWN,1,0.0,0.0,0.0,0.0,0.0,0.0,100.0,UNKNOWN,1,0.0,0.0,0.0,0.0,0.0,0.0,100.0,UNKNOWN,1,9.685040473937988,IDLE,0.0
1779451740.2656329,0.0,0.0,1.0,0.0,0.0,0.0,100.0,DISARMED,1,0.0,0.0,0.0,0.0,0.0,0.0,100.0,UNKNOWN,1,0.0,0.0,0.0,0.0,0.0,0.0,100.0,UNKNOWN,1,0.0,0.0,0.0,0.0,0.0,0.0,100.0,UNKNOWN,1,0.0,0.0,0.0,0.0,0.0,0.0,100.0,UNKNOWN,1,9.685040473937988,IDLE,0.0
1779451740.381019,0.0,0.0,1.0,0.0,0.0,0.0,100.0,DISARMED,1,0.0,0.0,0.0,0.0,0.0,0.0,100.0,UNKNOWN,1,0.0,0.0,0.0,0.0,0.0,0.0,100.0,UNKNOWN,1,0.0,0.0,0.0,0.0,0.0,0.0,100.0,UNKNOWN,1,0.0,0.0,0.0,0.0,0.0,0.0,100.0,UNKNOWN,1,9.685040473937988,IDLE,0.0
1779451740.5165513,0.0,0.0,1.0,0.0,0.0,0.0,100.0,DISARMED,1,0.0,0.0,0.0,0.0,0.0,0.0,100.0,UNKNOWN,1,0.0,0.0,0.0,0.0,0.0,0.0,100.0,UNKNOWN,1,0.0,0.0,0.0,0.0,0.0,0.0,100.0,UNKNOWN,1,0.0,0.0,0.0,0.0,0.0,0.0,100.0,UNKNOWN,1,9.685040473937988,IDLE,0.0
1779451740.6294208,0.0,0.0,1.0,0.0,0.0,0.0,100.0,DISARMED,1,0.0,0.0,0.0,0.0,0.0,0.0,100.0,UNKNOWN,1,0.0,0.0,0.0,0.0,0.0,0.0,100.0,UNKNOWN,1,0.0,0.0,0.0,0.0,0.0,0.0,100.0,UNKNOWN,1,0.0,0.0,0.0,0.0,0.0,0.0,100.0,UNKNOWN,1,9.685040473937988,IDLE,0.0
1779451741.201151,0.0,0.0,1.0,0.0,0.0,0.0,100.0,DISARMED,1,0.0,0.0,0.0,0.0,0.0,0.0,100.0,UNKNOWN,1,0.0,0.0,0.0,0.0,0.0,0.0,100.0,UNKNOWN,1,0.0,0.0,0.0,0.0,0.0,0.0,100.0,UNKNOWN,1,0.0,0.0,0.0,0.0,0.0,0.0,100.0,UNKNOWN,1,9.685040473937988,IDLE,0.0
1779451741.3957384,0.0,0.0,1.0,0.0,0.0,0.0,100.0,DISARMED,1,0.0,0.0,0.0,0.0,0.0,0.0,100.0,UNKNOWN,1,0.0,0.0,0.0,0.0,0.0,0.0,100.0,UNKNOWN,1,0.0,0.0,0.0,0.0,0.0,0.0,100.0,UNKNOWN,1,0.0,0.0,0.0,0.0,0.0,0.0,100.0,UNKNOWN,1,9.685040473937988,IDLE,0.0
1779451741.5008316,0.0,0.0,1.0,0.0,0.0,0.0,100.0,DISARMED,1,0.0,0.0,0.0,0.0,0.0,0.0,100.0,UNKNOWN,1,0.0,0.0,0.0,0.0,0.0,0.0,100.0,UNKNOWN,1,0.0,0.0,0.0,0.0,0.0,0.0,100.0,UNKNOWN,1,0.0,0.0,0.0,0.0,0.0,0.0,100.0,UNKNOWN,1,9.685040473937988,IDLE,0.0
1779451741.6338115,0.0,0.0,1.0,0.0,0.0,0.0,100.0,DISARMED,1,0.0,0.0,0.0,0.0,0.0,0.0,100.0,UNKNOWN,1,0.0,0.0,0.0,0.0,0.0,0.0,100.0,UNKNOWN,1,0.0,0.0,0.0,0.0,0.0,0.0,100.0,UNKNOWN,1,0.0,0.0,0.0,0.0,0.0,0.0,100.0,UNKNOWN,1,9.685040473937988,IDLE,0.0
1779451742.029435,0.0,0.0,1.0,0.0,0.0,0.0,100.0,DISARMED,1,0.0,0.0,0.0,0.0,0.0,0.0,100.0,UNKNOWN,1,0.0,0.0,0.0,0.0,0.0,0.0,100.0,UNKNOWN,1,0.0,0.0,0.0,0.0,0.0,0.0,100.0,UNKNOWN,1,0.0,0.0,0.0,0.0,0.0,0.0,100.0,UNKNOWN,1,9.685040473937988,IDLE,0.0
1779451742.0865366,0.0,0.0,1.0,0.0,0.0,0.0,100.0,DISARMED,1,0.0,0.0,0.0,0.0,0.0,0.0,100.0,UNKNOWN,1,0.0,0.0,0.0,0.0,0.0,0.0,100.0,UNKNOWN,1,0.0,0.0,0.0,0.0,0.0,0.0,100.0,UNKNOWN,1,0.0,0.0,0.0,0.0,0.0,0.0,100.0,UNKNOWN,1,9.685040473937988,IDLE,0.0
1779451742.2316866,0.0,0.0,1.0,0.0,0.0,0.0,100.0,DISARMED,1,0.0,0.0,0.0,0.0,0.0,0.0,100.0,UNKNOWN,1,0.0,0.0,0.0,0.0,0.0,0.0,100.0,UNKNOWN,1,0.0,0.0,0.0,0.0,0.0,0.0,100.0,UNKNOWN,1,0.0,0.0,0.0,0.0,0.0,0.0,100.0,UNKNOWN,1,9.685040473937988,IDLE,0.0
1779451742.5482404,0.0,0.0,1.0,0.0,0.0,0.0,100.0,DISARMED,1,0.0,0.0,0.0,0.0,0.0,0.0,100.0,UNKNOWN,1,0.0,0.0,0.0,0.0,0.0,0.0,100.0,UNKNOWN,1,0.0,0.0,0.0,0.0,0.0,0.0,100.0,UNKNOWN,1,0.0,0.0,0.0,0.0,0.0,0.0,100.0,UNKNOWN,1,9.685040473937988,IDLE,0.0
1779451742.7049031,0.0,0.0,1.0,0.0,0.0,0.0,100.0,DISARMED,1,0.0,0.0,0.0,0.0,0.0,0.0,100.0,UNKNOWN,1,0.0,0.0,0.0,0.0,0.0,0.0,100.0,UNKNOWN,1,0.0,0.0,0.0,0.0,0.0,0.0,100.0,UNKNOWN,1,0.0,0.0,0.0,0.0,0.0,0.0,100.0,UNKNOWN,1,9.685040473937988,IDLE,0.0
1779451743.127694,0.0,0.0,1.0,0.0,0.0,0.0,100.0,DISARMED,1,0.0,0.0,0.0,0.0,0.0,0.0,100.0,UNKNOWN,1,0.0,0.0,0.0,0.0,0.0,0.0,100.0,UNKNOWN,1,0.0,0.0,0.0,0.0,0.0,0.0,100.0,UNKNOWN,1,0.0,0.0,0.0,0.0,0.0,0.0,100.0,UNKNOWN,1,9.685040473937988,IDLE,0.0
1779451743.2209105,0.0,0.0,1.0,0.0,0.0,0.0,100.0,DISARMED,1,0.0,0.0,0.0,0.0,0.0,0.0,100.0,UNKNOWN,1,0.0,0.0,0.0,0.0,0.0,0.0,100.0,UNKNOWN,1,0.0,0.0,0.0,0.0,0.0,0.0,100.0,UNKNOWN,1,0.0,0.0,0.0,0.0,0.0,0.0,100.0,UNKNOWN,1,9.685040473937988,IDLE,0.0
1779451743.3803017,0.0,0.0,1.0,0.0,0.0,0.0,100.0,DISARMED,1,0.0,0.0,0.0,0.0,0.0,0.0,100.0,UNKNOWN,1,0.0,0.0,0.0,0.0,0.0,0.0,100.0,UNKNOWN,1,0.0,0.0,0.0,0.0,0.0,0.0,100.0,UNKNOWN,1,0.0,0.0,0.0,0.0,0.0,0.0,100.0,UNKNOWN,1,9.685040473937988,IDLE,0.0
1779451743.5721815,0.0,0.0,1.0,0.0,0.0,0.0,100.0,DISARMED,1,0.0,0.0,0.0,0.0,0.0,0.0,100.0,UNKNOWN,1,0.0,0.0,0.0,0.0,0.0,0.0,100.0,UNKNOWN,1,0.0,0.0,0.0,0.0,0.0,0.0,100.0,UNKNOWN,1,0.0,0.0,0.0,0.0,0.0,0.0,100.0,UNKNOWN,1,9.685040473937988,IDLE,0.0
1779451743.7384238,0.0,0.0,1.0,0.0,0.0,0.0,100.0,DISARMED,1,0.0,0.0,0.0,0.0,0.0,0.0,100.0,UNKNOWN,1,0.0,0.0,0.0,0.0,0.0,0.0,100.0,UNKNOWN,1,0.0,0.0,0.0,0.0,0.0,0.0,100.0,UNKNOWN,1,0.0,0.0,0.0,0.0,0.0,0.0,100.0,UNKNOWN,1,9.685040473937988,IDLE,0.0
1779451744.0272837,0.0,0.0,1.0,0.0,0.0,0.0,100.0,DISARMED,1,0.0,0.0,0.0,0.0,0.0,0.0,100.0,UNKNOWN,1,0.0,0.0,0.0,0.0,0.0,0.0,100.0,UNKNOWN,1,0.0,0.0,0.0,0.0,0.0,0.0,100.0,UNKNOWN,1,0.0,0.0,0.0,0.0,0.0,0.0,100.0,UNKNOWN,1,9.685040473937988,IDLE,0.0
1779451744.1480105,0.0,0.0,1.0,0.0,0.0,0.0,100.0,DISARMED,1,0.0,0.0,0.0,0.0,0.0,0.0,100.0,UNKNOWN,1,0.0,0.0,0.0,0.0,0.0,0.0,100.0,UNKNOWN,1,0.0,0.0,0.0,0.0,0.0,0.0,100.0,UNKNOWN,1,0.0,0.0,0.0,0.0,0.0,0.0,100.0,UNKNOWN,1,9.685040473937988,IDLE,0.0
1779451744.213948,0.0,0.0,1.0,0.0,0.0,0.0,100.0,DISARMED,1,0.0,0.0,0.0,0.0,0.0,0.0,100.0,UNKNOWN,1,0.0,0.0,0.0,0.0,0.0,0.0,100.0,UNKNOWN,1,0.0,0.0,0.0,0.0,0.0,0.0,100.0,UNKNOWN,1,0.0,0.0,0.0,0.0,0.0,0.0,100.0,UNKNOWN,1,9.685040473937988,IDLE,0.0
1779451744.4416685,0.0,0.0,1.0,0.0,0.0,0.0,100.0,DISARMED,1,0.0,0.0,0.0,0.0,0.0,0.0,100.0,UNKNOWN,1,0.0,0.0,0.0,0.0,0.0,0.0,100.0,UNKNOWN,1,0.0,0.0,0.0,0.0,0.0,0.0,100.0,UNKNOWN,1,0.0,0.0,0.0,0.0,0.0,0.0,100.0,UNKNOWN,1,9.685040473937988,IDLE,0.0
1779451744.5545473,0.0,0.0,1.0,0.0,0.0,0.0,100.0,DISARMED,1,0.0,0.0,0.0,0.0,0.0,0.0,100.0,UNKNOWN,1,0.0,0.0,0.0,0.0,0.0,0.0,100.0,UNKNOWN,1,0.0,0.0,0.0,0.0,0.0,0.0,100.0,UNKNOWN,1,0.0,0.0,0.0,0.0,0.0,0.0,100.0,UNKNOWN,1,9.685040473937988,IDLE,0.0
1779451744.5944297,0.0,0.0,1.0,0.0,0.0,0.0,100.0,DISARMED,1,0.0,0.0,0.0,0.0,0.0,0.0,100.0,UNKNOWN,1,0.0,0.0,0.0,0.0,0.0,0.0,100.0,UNKNOWN,1,0.0,0.0,0.0,0.0,0.0,0.0,100.0,UNKNOWN,1,0.0,0.0,0.0,0.0,0.0,0.0,100.0,UNKNOWN,1,9.685040473937988,IDLE,0.0
1779451744.754921,0.0,0.0,1.0,0.0,0.0,0.0,100.0,DISARMED,1,0.0,0.0,0.0,0.0,0.0,0.0,100.0,UNKNOWN,1,0.0,0.0,0.0,0.0,0.0,0.0,100.0,UNKNOWN,1,0.0,0.0,0.0,0.0,0.0,0.0,100.0,UNKNOWN,1,0.0,0.0,0.0,0.0,0.0,0.0,100.0,UNKNOWN,1,9.685040473937988,IDLE,0.0
1779451745.1303422,0.0,0.0,1.0,0.0,0.0,0.0,100.0,DISARMED,1,0.0,0.0,0.0,0.0,0.0,0.0,100.0,UNKNOWN,1,0.0,0.0,0.0,0.0,0.0,0.0,100.0,UNKNOWN,1,0.0,0.0,0.0,0.0,0.0,0.0,100.0,UNKNOWN,1,0.0,0.0,0.0,0.0,0.0,0.0,100.0,UNKNOWN,1,9.685040473937988,IDLE,0.0
1779451745.2440016,0.0,0.0,1.0,0.0,0.0,0.0,100.0,DISARMED,1,0.0,0.0,0.0,0.0,0.0,0.0,100.0,UNKNOWN,1,0.0,0.0,0.0,0.0,0.0,0.0,100.0,UNKNOWN,1,0.0,0.0,0.0,0.0,0.0,0.0,100.0,UNKNOWN,1,0.0,0.0,0.0,0.0,0.0,0.0,100.0,UNKNOWN,1,9.685040473937988,IDLE,0.0
1779451745.3868985,0.0,0.0,1.0,0.0,0.0,0.0,100.0,DISARMED,1,0.0,0.0,0.0,0.0,0.0,0.0,100.0,UNKNOWN,1,0.0,0.0,0.0,0.0,0.0,0.0,100.0,UNKNOWN,1,0.0,0.0,0.0,0.0,0.0,0.0,100.0,UNKNOWN,1,0.0,0.0,0.0,0.0,0.0,0.0,100.0,UNKNOWN,1,9.685040473937988,IDLE,0.0
1779451745.5688913,0.0,0.0,1.0,0.0,0.0,0.0,100.0,DISARMED,1,0.0,0.0,0.0,0.0,0.0,0.0,100.0,UNKNOWN,1,0.0,0.0,0.0,0.0,0.0,0.0,100.0,UNKNOWN,1,0.0,0.0,0.0,0.0,0.0,0.0,100.0,UNKNOWN,1,0.0,0.0,0.0,0.0,0.0,0.0,100.0,UNKNOWN,1,9.685040473937988,IDLE,0.0
1779451745.680728,0.0,0.0,1.0,0.0,0.0,0.0,100.0,DISARMED,1,0.0,0.0,0.0,0.0,0.0,0.0,100.0,UNKNOWN,1,0.0,0.0,0.0,0.0,0.0,0.0,100.0,UNKNOWN,1,0.0,0.0,0.0,0.0,0.0,0.0,100.0,UNKNOWN,1,0.0,0.0,0.0,0.0,0.0,0.0,100.0,UNKNOWN,1,9.685040473937988,IDLE,0.0
1779451745.718863,0.0,0.0,1.0,0.0,0.0,0.0,100.0,DISARMED,1,0.0,0.0,0.0,0.0,0.0,0.0,100.0,UNKNOWN,1,0.0,0.0,0.0,0.0,0.0,0.0,100.0,UNKNOWN,1,0.0,0.0,0.0,0.0,0.0,0.0,100.0,UNKNOWN,1,0.0,0.0,0.0,0.0,0.0,0.0,100.0,UNKNOWN,1,9.685040473937988,IDLE,0.0
1779451746.1573756,0.0,0.0,1.0,0.0,0.0,0.0,100.0,DISARMED,1,0.0,0.0,0.0,0.0,0.0,0.0,100.0,UNKNOWN,1,0.0,0.0,0.0,0.0,0.0,0.0,100.0,UNKNOWN,1,0.0,0.0,0.0,0.0,0.0,0.0,100.0,UNKNOWN,1,0.0,0.0,0.0,0.0,0.0,0.0,100.0,UNKNOWN,1,9.685040473937988,IDLE,0.0
1779451746.2214365,0.0,0.0,1.0,0.0,0.0,0.0,100.0,DISARMED,1,0.0,0.0,0.0,0.0,0.0,0.0,100.0,UNKNOWN,1,0.0,0.0,0.0,0.0,0.0,0.0,100.0,UNKNOWN,1,0.0,0.0,0.0,0.0,0.0,0.0,100.0,UNKNOWN,1,0.0,0.0,0.0,0.0,0.0,0.0,100.0,UNKNOWN,1,9.685040473937988,IDLE,0.0
1779451746.3038046,0.0,0.0,1.0,0.0,0.0,0.0,100.0,DISARMED,1,0.0,0.0,0.0,0.0,0.0,0.0,100.0,UNKNOWN,1,0.0,0.0,0.0,0.0,0.0,0.0,100.0,UNKNOWN,1,0.0,0.0,0.0,0.0,0.0,0.0,100.0,UNKNOWN,1,0.0,0.0,0.0,0.0,0.0,0.0,100.0,UNKNOWN,1,9.685040473937988,IDLE,0.0
1779451746.4015396,0.0,0.0,1.0,0.0,0.0,0.0,100.0,DISARMED,1,0.0,0.0,0.0,0.0,0.0,0.0,100.0,UNKNOWN,1,0.0,0.0,0.0,0.0,0.0,0.0,100.0,UNKNOWN,1,0.0,0.0,0.0,0.0,0.0,0.0,100.0,UNKNOWN,1,0.0,0.0,0.0,0.0,0.0,0.0,100.0,UNKNOWN,1,9.685040473937988,IDLE,0.0
1779451747.0805655,0.0,0.0,1.0,0.0,0.0,0.0,100.0,DISARMED,1,0.0,0.0,0.0,0.0,0.0,0.0,100.0,UNKNOWN,1,0.0,0.0,0.0,0.0,0.0,0.0,100.0,UNKNOWN,1,0.0,0.0,0.0,0.0,0.0,0.0,100.0,UNKNOWN,1,0.0,0.0,0.0,0.0,0.0,0.0,100.0,UNKNOWN,1,9.685040473937988,IDLE,0.0
1779451747.1455548,0.0,0.0,1.0,0.0,0.0,0.0,100.0,DISARMED,1,0.0,0.0,0.0,0.0,0.0,0.0,100.0,UNKNOWN,1,0.0,0.0,0.0,0.0,0.0,0.0,100.0,UNKNOWN,1,0.0,0.0,0.0,0.0,0.0,0.0,100.0,UNKNOWN,1,0.0,0.0,0.0,0.0,0.0,0.0,100.0,UNKNOWN,1,9.685040473937988,IDLE,0.0
1779451747.4721045,0.0,0.0,1.0,0.0,0.0,0.0,100.0,DISARMED,1,0.0,0.0,0.0,0.0,0.0,0.0,100.0,UNKNOWN,1,0.0,0.0,0.0,0.0,0.0,0.0,100.0,UNKNOWN,1,0.0,0.0,0.0,0.0,0.0,0.0,100.0,UNKNOWN,1,0.0,0.0,0.0,0.0,0.0,0.0,100.0,UNKNOWN,1,9.685040473937988,IDLE,0.0
1779451747.5795503,0.0,0.0,1.0,0.0,0.0,0.0,100.0,DISARMED,1,0.0,0.0,0.0,0.0,0.0,0.0,100.0,UNKNOWN,1,0.0,0.0,0.0,0.0,0.0,0.0,100.0,UNKNOWN,1,0.0,0.0,0.0,0.0,0.0,0.0,100.0,UNKNOWN,1,0.0,0.0,0.0,0.0,0.0,0.0,100.0,UNKNOWN,1,9.685040473937988,IDLE,0.0
1779451748.0074947,0.0,0.0,1.0,0.0,0.0,0.0,100.0,DISARMED,1,0.0,0.0,0.0,0.0,0.0,0.0,100.0,UNKNOWN,1,0.0,0.0,0.0,0.0,0.0,0.0,100.0,UNKNOWN,1,0.0,0.0,0.0,0.0,0.0,0.0,100.0,UNKNOWN,1,0.0,0.0,0.0,0.0,0.0,0.0,100.0,UNKNOWN,1,9.685040473937988,IDLE,0.0
1779451748.3301804,0.0,0.0,1.0,0.0,0.0,0.0,100.0,DISARMED,1,0.0,0.0,0.0,0.0,0.0,0.0,100.0,UNKNOWN,1,0.0,0.0,0.0,0.0,0.0,0.0,100.0,UNKNOWN,1,0.0,0.0,0.0,0.0,0.0,0.0,100.0,UNKNOWN,1,0.0,0.0,0.0,0.0,0.0,0.0,100.0,UNKNOWN,1,9.685040473937988,IDLE,0.0
1779451748.4044273,0.0,0.0,1.0,0.0,0.0,0.0,100.0,DISARMED,1,0.0,0.0,0.0,0.0,0.0,0.0,100.0,UNKNOWN,1,0.0,0.0,0.0,0.0,0.0,0.0,100.0,UNKNOWN,1,0.0,0.0,0.0,0.0,0.0,0.0,100.0,UNKNOWN,1,0.0,0.0,0.0,0.0,0.0,0.0,100.0,UNKNOWN,1,9.685040473937988,IDLE,0.0
1779451748.5198653,0.0,0.0,1.0,0.0,0.0,0.0,100.0,DISARMED,1,0.0,0.0,0.0,0.0,0.0,0.0,100.0,UNKNOWN,1,0.0,0.0,0.0,0.0,0.0,0.0,100.0,UNKNOWN,1,0.0,0.0,0.0,0.0,0.0,0.0,100.0,UNKNOWN,1,0.0,0.0,0.0,0.0,0.0,0.0,100.0,UNKNOWN,1,9.685040473937988,IDLE,0.0
1779451748.7245922,0.0,0.0,1.0,0.0,0.0,0.0,100.0,DISARMED,1,0.0,0.0,0.0,0.0,0.0,0.0,100.0,UNKNOWN,1,0.0,0.0,0.0,0.0,0.0,0.0,100.0,UNKNOWN,1,0.0,0.0,0.0,0.0,0.0,0.0,100.0,UNKNOWN,1,0.0,0.0,0.0,0.0,0.0,0.0,100.0,UNKNOWN,1,9.685040473937988,IDLE,0.0
1779451749.3966246,0.0,0.0,1.0,0.0,0.0,0.0,100.0,DISARMED,1,0.0,0.0,0.0,0.0,0.0,0.0,100.0,UNKNOWN,1,0.0,0.0,0.0,0.0,0.0,0.0,100.0,UNKNOWN,1,0.0,0.0,0.0,0.0,0.0,0.0,100.0,UNKNOWN,1,0.0,0.0,0.0,0.0,0.0,0.0,100.0,UNKNOWN,1,9.685040473937988,IDLE,0.0
1779451749.6114943,0.0,0.0,1.0,0.0,0.0,0.0,100.0,DISARMED,1,0.0,0.0,0.0,0.0,0.0,0.0,100.0,UNKNOWN,1,0.0,0.0,0.0,0.0,0.0,0.0,100.0,UNKNOWN,1,0.0,0.0,0.0,0.0,0.0,0.0,100.0,UNKNOWN,1,0.0,0.0,0.0,0.0,0.0,0.0,100.0,UNKNOWN,1,9.685040473937988,IDLE,0.0
1779451750.0601974,0.0,0.0,1.0,0.0,0.0,0.0,100.0,DISARMED,1,0.0,0.0,0.0,0.0,0.0,0.0,100.0,UNKNOWN,1,0.0,0.0,0.0,0.0,0.0,0.0,100.0,UNKNOWN,1,0.0,0.0,0.0,0.0,0.0,0.0,100.0,UNKNOWN,1,0.0,0.0,0.0,0.0,0.0,0.0,100.0,UNKNOWN,1,9.685040473937988,IDLE,0.0
1779451750.1465776,0.0,0.0,1.0,0.0,0.0,0.0,100.0,DISARMED,1,0.0,0.0,0.0,0.0,0.0,0.0,100.0,UNKNOWN,1,0.0,0.0,0.0,0.0,0.0,0.0,100.0,UNKNOWN,1,0.0,0.0,0.0,0.0,0.0,0.0,100.0,UNKNOWN,1,0.0,0.0,0.0,0.0,0.0,0.0,100.0,UNKNOWN,1,9.685040473937988,IDLE,0.0
1779451750.2354066,0.0,0.0,1.0,0.0,0.0,0.0,100.0,DISARMED,1,0.0,0.0,0.0,0.0,0.0,0.0,100.0,UNKNOWN,1,0.0,0.0,0.0,0.0,0.0,0.0,100.0,UNKNOWN,1,0.0,0.0,0.0,0.0,0.0,0.0,100.0,UNKNOWN,1,0.0,0.0,0.0,0.0,0.0,0.0,100.0,UNKNOWN,1,9.685040473937988,IDLE,0.0
1779451750.2863529,0.0,0.0,1.0,0.0,0.0,0.0,100.0,DISARMED,1,0.0,0.0,0.0,0.0,0.0,0.0,100.0,UNKNOWN,1,0.0,0.0,0.0,0.0,0.0,0.0,100.0,UNKNOWN,1,0.0,0.0,0.0,0.0,0.0,0.0,100.0,UNKNOWN,1,0.0,0.0,0.0,0.0,0.0,0.0,100.0,UNKNOWN,1,9.685040473937988,IDLE,0.0
1779451750.39045,0.0,0.0,1.0,0.0,0.0,0.0,100.0,DISARMED,1,0.0,0.0,0.0,0.0,0.0,0.0,100.0,UNKNOWN,1,0.0,0.0,0.0,0.0,0.0,0.0,100.0,UNKNOWN,1,0.0,0.0,0.0,0.0,0.0,0.0,100.0,UNKNOWN,1,0.0,0.0,0.0,0.0,0.0,0.0,100.0,UNKNOWN,1,9.685040473937988,IDLE,0.0
1779451750.5129516,0.0,0.0,1.0,0.0,0.0,0.0,100.0,DISARMED,1,0.0,0.0,0.0,0.0,0.0,0.0,100.0,UNKNOWN,1,0.0,0.0,0.0,0.0,0.0,0.0,100.0,UNKNOWN,1,0.0,0.0,0.0,0.0,0.0,0.0,100.0,UNKNOWN,1,0.0,0.0,0.0,0.0,0.0,0.0,100.0,UNKNOWN,1,9.685040473937988,IDLE,0.0
1779451750.7434757,0.0,0.0,1.0,0.0,0.0,0.0,100.0,DISARMED,1,0.0,0.0,0.0,0.0,0.0,0.0,100.0,UNKNOWN,1,0.0,0.0,0.0,0.0,0.0,0.0,100.0,UNKNOWN,1,0.0,0.0,0.0,0.0,0.0,0.0,100.0,UNKNOWN,1,0.0,0.0,0.0,0.0,0.0,0.0,100.0,UNKNOWN,1,9.685040473937988,IDLE,0.0
1779451751.071246,0.0,0.0,1.0,0.0,0.0,0.0,100.0,DISARMED,1,0.0,0.0,0.0,0.0,0.0,0.0,100.0,UNKNOWN,1,0.0,0.0,0.0,0.0,0.0,0.0,100.0,UNKNOWN,1,0.0,0.0,0.0,0.0,0.0,0.0,100.0,UNKNOWN,1,0.0,0.0,0.0,0.0,0.0,0.0,100.0,UNKNOWN,1,9.685040473937988,IDLE,0.0
1779451751.1005008,0.0,0.0,1.0,0.0,0.0,0.0,100.0,DISARMED,1,0.0,0.0,0.0,0.0,0.0,0.0,100.0,UNKNOWN,1,0.0,0.0,0.0,0.0,0.0,0.0,100.0,UNKNOWN,1,0.0,0.0,0.0,0.0,0.0,0.0,100.0,UNKNOWN,1,0.0,0.0,0.0,0.0,0.0,0.0,100.0,UNKNOWN,1,9.685040473937988,IDLE,0.0
1779451751.1984718,0.0,0.0,1.0,0.0,0.0,0.0,100.0,DISARMED,1,0.0,0.0,0.0,0.0,0.0,0.0,100.0,UNKNOWN,1,0.0,0.0,0.0,0.0,0.0,0.0,100.0,UNKNOWN,1,0.0,0.0,0.0,0.0,0.0,0.0,100.0,UNKNOWN,1,0.0,0.0,0.0,0.0,0.0,0.0,100.0,UNKNOWN,1,9.685040473937988,IDLE,0.0
1779451751.3788419,0.0,0.0,1.0,0.0,0.0,0.0,100.0,DISARMED,1,0.0,0.0,0.0,0.0,0.0,0.0,100.0,UNKNOWN,1,0.0,0.0,0.0,0.0,0.0,0.0,100.0,UNKNOWN,1,0.0,0.0,0.0,0.0,0.0,0.0,100.0,UNKNOWN,1,0.0,0.0,0.0,0.0,0.0,0.0,100.0,UNKNOWN,1,9.685040473937988,IDLE,0.0
1779451751.4165866,0.0,0.0,1.0,0.0,0.0,0.0,100.0,DISARMED,1,0.0,0.0,0.0,0.0,0.0,0.0,100.0,UNKNOWN,1,0.0,0.0,0.0,0.0,0.0,0.0,100.0,UNKNOWN,1,0.0,0.0,0.0,0.0,0.0,0.0,100.0,UNKNOWN,1,0.0,0.0,0.0,0.0,0.0,0.0,100.0,UNKNOWN,1,9.685040473937988,IDLE,0.0
1779451751.4857934,0.0,0.0,1.0,0.0,0.0,0.0,100.0,DISARMED,1,0.0,0.0,0.0,0.0,0.0,0.0,100.0,UNKNOWN,1,0.0,0.0,0.0,0.0,0.0,0.0,100.0,UNKNOWN,1,0.0,0.0,0.0,0.0,0.0,0.0,100.0,UNKNOWN,1,0.0,0.0,0.0,0.0,0.0,0.0,100.0,UNKNOWN,1,9.685040473937988,IDLE,0.0
1779451751.6983385,0.0,0.0,1.0,0.0,0.0,0.0,100.0,DISARMED,1,0.0,0.0,0.0,0.0,0.0,0.0,100.0,UNKNOWN,1,0.0,0.0,0.0,0.0,0.0,0.0,100.0,UNKNOWN,1,0.0,0.0,0.0,0.0,0.0,0.0,100.0,UNKNOWN,1,0.0,0.0,0.0,0.0,0.0,0.0,100.0,UNKNOWN,1,9.685040473937988,IDLE,0.0
1779451752.126533,0.0,0.0,1.0,0.0,0.0,0.0,100.0,DISARMED,1,0.0,0.0,0.0,0.0,0.0,0.0,100.0,UNKNOWN,1,0.0,0.0,0.0,0.0,0.0,0.0,100.0,UNKNOWN,1,0.0,0.0,0.0,0.0,0.0,0.0,100.0,UNKNOWN,1,0.0,0.0,0.0,0.0,0.0,0.0,100.0,UNKNOWN,1,9.685040473937988,IDLE,0.0
1779451752.255397,0.0,0.0,1.0,0.0,0.0,0.0,100.0,DISARMED,1,0.0,0.0,0.0,0.0,0.0,0.0,100.0,UNKNOWN,1,0.0,0.0,0.0,0.0,0.0,0.0,100.0,UNKNOWN,1,0.0,0.0,0.0,0.0,0.0,0.0,100.0,UNKNOWN,1,0.0,0.0,0.0,0.0,0.0,0.0,100.0,UNKNOWN,1,9.685040473937988,IDLE,0.0
1779451752.3475497,0.0,0.0,1.0,0.0,0.0,0.0,100.0,DISARMED,1,0.0,0.0,0.0,0.0,0.0,0.0,100.0,UNKNOWN,1,0.0,0.0,0.0,0.0,0.0,0.0,100.0,UNKNOWN,1,0.0,0.0,0.0,0.0,0.0,0.0,100.0,UNKNOWN,1,0.0,0.0,0.0,0.0,0.0,0.0,100.0,UNKNOWN,1,9.685040473937988,IDLE,0.0
1779451752.4666257,0.0,0.0,1.0,0.0,0.0,0.0,100.0,DISARMED,1,0.0,0.0,0.0,0.0,0.0,0.0,100.0,UNKNOWN,1,0.0,0.0,0.0,0.0,0.0,0.0,100.0,UNKNOWN,1,0.0,0.0,0.0,0.0,0.0,0.0,100.0,UNKNOWN,1,0.0,0.0,0.0,0.0,0.0,0.0,100.0,UNKNOWN,1,9.685040473937988,IDLE,0.0
1779451753.0912538,0.0,0.0,1.0,0.0,0.0,0.0,100.0,DISARMED,1,0.0,0.0,0.0,0.0,0.0,0.0,100.0,UNKNOWN,1,0.0,0.0,0.0,0.0,0.0,0.0,100.0,UNKNOWN,1,0.0,0.0,0.0,0.0,0.0,0.0,100.0,UNKNOWN,1,0.0,0.0,0.0,0.0,0.0,0.0,100.0,UNKNOWN,1,9.685040473937988,IDLE,0.0
1779451753.3079355,0.0,0.0,1.0,0.0,0.0,0.0,100.0,DISARMED,1,0.0,0.0,0.0,0.0,0.0,0.0,100.0,UNKNOWN,1,0.0,0.0,0.0,0.0,0.0,0.0,100.0,UNKNOWN,1,0.0,0.0,0.0,0.0,0.0,0.0,100.0,UNKNOWN,1,0.0,0.0,0.0,0.0,0.0,0.0,100.0,UNKNOWN,1,9.685040473937988,IDLE,0.0
1779451753.4022374,0.0,0.0,1.0,0.0,0.0,0.0,100.0,DISARMED,1,0.0,0.0,0.0,0.0,0.0,0.0,100.0,UNKNOWN,1,0.0,0.0,0.0,0.0,0.0,0.0,100.0,UNKNOWN,1,0.0,0.0,0.0,0.0,0.0,0.0,100.0,UNKNOWN,1,0.0,0.0,0.0,0.0,0.0,0.0,100.0,UNKNOWN,1,9.685040473937988,IDLE,0.0
1779451753.5741477,0.0,0.0,1.0,0.0,0.0,0.0,100.0,DISARMED,1,0.0,0.0,0.0,0.0,0.0,0.0,100.0,UNKNOWN,1,0.0,0.0,0.0,0.0,0.0,0.0,100.0,UNKNOWN,1,0.0,0.0,0.0,0.0,0.0,0.0,100.0,UNKNOWN,1,0.0,0.0,0.0,0.0,0.0,0.0,100.0,UNKNOWN,1,9.685040473937988,IDLE,0.0
1779451753.6040926,0.0,0.0,1.0,0.0,0.0,0.0,100.0,DISARMED,1,0.0,0.0,0.0,0.0,0.0,0.0,100.0,UNKNOWN,1,0.0,0.0,0.0,0.0,0.0,0.0,100.0,UNKNOWN,1,0.0,0.0,0.0,0.0,0.0,0.0,100.0,UNKNOWN,1,0.0,0.0,0.0,0.0,0.0,0.0,100.0,UNKNOWN,1,9.685040473937988,IDLE,0.0
1779451753.7695625,0.0,0.0,1.0,0.0,0.0,0.0,100.0,DISARMED,1,0.0,0.0,0.0,0.0,0.0,0.0,100.0,UNKNOWN,1,0.0,0.0,0.0,0.0,0.0,0.0,100.0,UNKNOWN,1,0.0,0.0,0.0,0.0,0.0,0.0,100.0,UNKNOWN,1,0.0,0.0,0.0,0.0,0.0,0.0,100.0,UNKNOWN,1,9.685040473937988,IDLE,0.0
1779451754.005868,0.0,0.0,1.0,0.0,0.0,0.0,100.0,DISARMED,1,0.0,0.0,0.0,0.0,0.0,0.0,100.0,UNKNOWN,1,0.0,0.0,0.0,0.0,0.0,0.0,100.0,UNKNOWN,1,0.0,0.0,0.0,0.0,0.0,0.0,100.0,UNKNOWN,1,0.0,0.0,0.0,0.0,0.0,0.0,100.0,UNKNOWN,1,9.685040473937988,IDLE,0.0
1779451754.092148,0.0,0.0,1.0,0.0,0.0,0.0,100.0,DISARMED,1,0.0,0.0,0.0,0.0,0.0,0.0,100.0,UNKNOWN,1,0.0,0.0,0.0,0.0,0.0,0.0,100.0,UNKNOWN,1,0.0,0.0,0.0,0.0,0.0,0.0,100.0,UNKNOWN,1,0.0,0.0,0.0,0.0,0.0,0.0,100.0,UNKNOWN,1,9.685040473937988,IDLE,0.0
1779451754.223115,0.0,0.0,1.0,0.0,0.0,0.0,100.0,DISARMED,1,0.0,0.0,0.0,0.0,0.0,0.0,100.0,UNKNOWN,1,0.0,0.0,0.0,0.0,0.0,0.0,100.0,UNKNOWN,1,0.0,0.0,0.0,0.0,0.0,0.0,100.0,UNKNOWN,1,0.0,0.0,0.0,0.0,0.0,0.0,100.0,UNKNOWN,1,9.685040473937988,IDLE,0.0
1779451754.363862,0.0,0.0,1.0,0.0,0.0,0.0,100.0,DISARMED,1,0.0,0.0,0.0,0.0,0.0,0.0,100.0,UNKNOWN,1,0.0,0.0,0.0,0.0,0.0,0.0,100.0,UNKNOWN,1,0.0,0.0,0.0,0.0,0.0,0.0,100.0,UNKNOWN,1,0.0,0.0,0.0,0.0,0.0,0.0,100.0,UNKNOWN,1,9.685040473937988,IDLE,0.0
1779451754.4994733,0.0,0.0,1.0,0.0,0.0,0.0,100.0,DISARMED,1,0.0,0.0,0.0,0.0,0.0,0.0,100.0,UNKNOWN,1,0.0,0.0,0.0,0.0,0.0,0.0,100.0,UNKNOWN,1,0.0,0.0,0.0,0.0,0.0,0.0,100.0,UNKNOWN,1,0.0,0.0,0.0,0.0,0.0,0.0,100.0,UNKNOWN,1,9.685040473937988,IDLE,0.0
1779451755.0800848,0.0,0.0,1.0,0.0,0.0,0.0,100.0,DISARMED,1,0.0,0.0,0.0,0.0,0.0,0.0,100.0,UNKNOWN,1,0.0,0.0,0.0,0.0,0.0,0.0,100.0,UNKNOWN,1,0.0,0.0,0.0,0.0,0.0,0.0,100.0,UNKNOWN,1,0.0,0.0,0.0,0.0,0.0,0.0,100.0,UNKNOWN,1,9.685040473937988,IDLE,0.0
1779451755.109633,0.0,0.0,1.0,0.0,0.0,0.0,100.0,DISARMED,1,0.0,0.0,0.0,0.0,0.0,0.0,100.0,UNKNOWN,1,0.0,0.0,0.0,0.0,0.0,0.0,100.0,UNKNOWN,1,0.0,0.0,0.0,0.0,0.0,0.0,100.0,UNKNOWN,1,0.0,0.0,0.0,0.0,0.0,0.0,100.0,UNKNOWN,1,9.685040473937988,IDLE,0.0
1779451755.1890779,0.0,0.0,1.0,0.0,0.0,0.0,100.0,DISARMED,1,0.0,0.0,0.0,0.0,0.0,0.0,100.0,UNKNOWN,1,0.0,0.0,0.0,0.0,0.0,0.0,100.0,UNKNOWN,1,0.0,0.0,0.0,0.0,0.0,0.0,100.0,UNKNOWN,1,0.0,0.0,0.0,0.0,0.0,0.0,100.0,UNKNOWN,1,9.685040473937988,IDLE,0.0
1779451755.447483,0.0,0.0,1.0,0.0,0.0,0.0,100.0,DISARMED,1,0.0,0.0,0.0,0.0,0.0,0.0,100.0,UNKNOWN,1,0.0,0.0,0.0,0.0,0.0,0.0,100.0,UNKNOWN,1,0.0,0.0,0.0,0.0,0.0,0.0,100.0,UNKNOWN,1,0.0,0.0,0.0,0.0,0.0,0.0,100.0,UNKNOWN,1,9.685040473937988,IDLE,0.0
1779451755.5385108,0.0,0.0,1.0,0.0,0.0,0.0,100.0,DISARMED,1,0.0,0.0,0.0,0.0,0.0,0.0,100.0,UNKNOWN,1,0.0,0.0,0.0,0.0,0.0,0.0,100.0,UNKNOWN,1,0.0,0.0,0.0,0.0,0.0,0.0,100.0,UNKNOWN,1,0.0,0.0,0.0,0.0,0.0,0.0,100.0,UNKNOWN,1,9.685040473937988,IDLE,0.0
1779451755.7103114,0.0,0.0,1.0,0.0,0.0,0.0,100.0,DISARMED,1,0.0,0.0,0.0,0.0,0.0,0.0,100.0,UNKNOWN,1,0.0,0.0,0.0,0.0,0.0,0.0,100.0,UNKNOWN,1,0.0,0.0,0.0,0.0,0.0,0.0,100.0,UNKNOWN,1,0.0,0.0,0.0,0.0,0.0,0.0,100.0,UNKNOWN,1,9.685040473937988,IDLE,0.0
1779451756.048173,0.0,0.0,1.0,0.0,0.0,0.0,100.0,DISARMED,1,0.0,0.0,0.0,0.0,0.0,0.0,100.0,UNKNOWN,1,0.0,0.0,0.0,0.0,0.0,0.0,100.0,UNKNOWN,1,0.0,0.0,0.0,0.0,0.0,0.0,100.0,UNKNOWN,1,0.0,0.0,0.0,0.0,0.0,0.0,100.0,UNKNOWN,1,9.685040473937988,IDLE,0.0
1779451756.1092567,0.0,0.0,1.0,0.0,0.0,0.0,100.0,DISARMED,1,0.0,0.0,0.0,0.0,0.0,0.0,100.0,UNKNOWN,1,0.0,0.0,0.0,0.0,0.0,0.0,100.0,UNKNOWN,1,0.0,0.0,0.0,0.0,0.0,0.0,100.0,UNKNOWN,1,0.0,0.0,0.0,0.0,0.0,0.0,100.0,UNKNOWN,1,9.685040473937988,IDLE,0.0
1779451756.2204611,0.0,0.0,1.0,0.0,0.0,0.0,100.0,DISARMED,1,0.0,0.0,0.0,0.0,0.0,0.0,100.0,UNKNOWN,1,0.0,0.0,0.0,0.0,0.0,0.0,100.0,UNKNOWN,1,0.0,0.0,0.0,0.0,0.0,0.0,100.0,UNKNOWN,1,0.0,0.0,0.0,0.0,0.0,0.0,100.0,UNKNOWN,1,9.685040473937988,IDLE,0.0
1779451756.4337204,0.0,0.0,1.0,0.0,0.0,0.0,100.0,DISARMED,1,0.0,0.0,0.0,0.0,0.0,0.0,100.0,UNKNOWN,1,0.0,0.0,0.0,0.0,0.0,0.0,100.0,UNKNOWN,1,0.0,0.0,0.0,0.0,0.0,0.0,100.0,UNKNOWN,1,0.0,0.0,0.0,0.0,0.0,0.0,100.0,UNKNOWN,1,9.685040473937988,IDLE,0.0
1779451756.5954187,0.0,0.0,1.0,0.0,0.0,0.0,100.0,DISARMED,1,0.0,0.0,0.0,0.0,0.0,0.0,100.0,UNKNOWN,1,0.0,0.0,0.0,0.0,0.0,0.0,100.0,UNKNOWN,1,0.0,0.0,0.0,0.0,0.0,0.0,100.0,UNKNOWN,1,0.0,0.0,0.0,0.0,0.0,0.0,100.0,UNKNOWN,1,9.685040473937988,IDLE,0.0
1779451756.8024473,0.0,0.0,1.0,0.0,0.0,0.0,100.0,DISARMED,1,0.0,0.0,0.0,0.0,0.0,0.0,100.0,UNKNOWN,1,0.0,0.0,0.0,0.0,0.0,0.0,100.0,UNKNOWN,1,0.0,0.0,0.0,0.0,0.0,0.0,100.0,UNKNOWN,1,0.0,0.0,0.0,0.0,0.0,0.0,100.0,UNKNOWN,1,9.685040473937988,IDLE,0.0
1779451757.2238128,0.0,0.0,1.0,0.0,0.0,0.0,100.0,DISARMED,1,0.0,0.0,0.0,0.0,0.0,0.0,100.0,UNKNOWN,1,0.0,0.0,0.0,0.0,0.0,0.0,100.0,UNKNOWN,1,0.0,0.0,0.0,0.0,0.0,0.0,100.0,UNKNOWN,1,0.0,0.0,0.0,0.0,0.0,0.0,100.0,UNKNOWN,1,9.685040473937988,IDLE,0.0
1779451757.4189956,0.0,0.0,1.0,0.0,0.0,0.0,100.0,DISARMED,1,0.0,0.0,0.0,0.0,0.0,0.0,100.0,UNKNOWN,1,0.0,0.0,0.0,0.0,0.0,0.0,100.0,UNKNOWN,1,0.0,0.0,0.0,0.0,0.0,0.0,100.0,UNKNOWN,1,0.0,0.0,0.0,0.0,0.0,0.0,100.0,UNKNOWN,1,9.685040473937988,IDLE,0.0
1779451757.5063002,0.0,0.0,1.0,0.0,0.0,0.0,100.0,DISARMED,1,0.0,0.0,0.0,0.0,0.0,0.0,100.0,UNKNOWN,1,0.0,0.0,0.0,0.0,0.0,0.0,100.0,UNKNOWN,1,0.0,0.0,0.0,0.0,0.0,0.0,100.0,UNKNOWN,1,0.0,0.0,0.0,0.0,0.0,0.0,100.0,UNKNOWN,1,9.685040473937988,IDLE,0.0
1779451757.6383626,0.0,0.0,1.0,0.0,0.0,0.0,100.0,DISARMED,1,0.0,0.0,0.0,0.0,0.0,0.0,100.0,UNKNOWN,1,0.0,0.0,0.0,0.0,0.0,0.0,100.0,UNKNOWN,1,0.0,0.0,0.0,0.0,0.0,0.0,100.0,UNKNOWN,1,0.0,0.0,0.0,0.0,0.0,0.0,100.0,UNKNOWN,1,9.685040473937988,IDLE,0.0
1779451758.007773,0.0,0.0,1.0,0.0,0.0,0.0,100.0,DISARMED,1,0.0,0.0,0.0,0.0,0.0,0.0,100.0,UNKNOWN,1,0.0,0.0,0.0,0.0,0.0,0.0,100.0,UNKNOWN,1,0.0,0.0,0.0,0.0,0.0,0.0,100.0,UNKNOWN,1,0.0,0.0,0.0,0.0,0.0,0.0,100.0,UNKNOWN,1,9.685040473937988,IDLE,0.0
1779451758.3193817,0.0,0.0,1.0,0.0,0.0,0.0,100.0,DISARMED,1,0.0,0.0,0.0,0.0,0.0,0.0,100.0,UNKNOWN,1,0.0,0.0,0.0,0.0,0.0,0.0,100.0,UNKNOWN,1,0.0,0.0,0.0,0.0,0.0,0.0,100.0,UNKNOWN,1,0.0,0.0,0.0,0.0,0.0,0.0,100.0,UNKNOWN,1,9.685040473937988,IDLE,0.0
1779451758.3965182,0.0,0.0,1.0,0.0,0.0,0.0,100.0,DISARMED,1,0.0,0.0,0.0,0.0,0.0,0.0,100.0,UNKNOWN,1,0.0,0.0,0.0,0.0,0.0,0.0,100.0,UNKNOWN,1,0.0,0.0,0.0,0.0,0.0,0.0,100.0,UNKNOWN,1,0.0,0.0,0.0,0.0,0.0,0.0,100.0,UNKNOWN,1,9.685040473937988,IDLE,0.0
1779451758.5512567,0.0,0.0,1.0,0.0,0.0,0.0,100.0,DISARMED,1,0.0,0.0,0.0,0.0,0.0,0.0,100.0,UNKNOWN,1,0.0,0.0,0.0,0.0,0.0,0.0,100.0,UNKNOWN,1,0.0,0.0,0.0,0.0,0.0,0.0,100.0,UNKNOWN,1,0.0,0.0,0.0,0.0,0.0,0.0,100.0,UNKNOWN,1,9.685040473937988,IDLE,0.0
1779451758.6474996,0.0,0.0,1.0,0.0,0.0,0.0,100.0,DISARMED,1,0.0,0.0,0.0,0.0,0.0,0.0,100.0,UNKNOWN,1,0.0,0.0,0.0,0.0,0.0,0.0,100.0,UNKNOWN,1,0.0,0.0,0.0,0.0,0.0,0.0,100.0,UNKNOWN,1,0.0,0.0,0.0,0.0,0.0,0.0,100.0,UNKNOWN,1,9.685040473937988,IDLE,0.0
1779451758.7291174,0.0,0.0,1.0,0.0,0.0,0.0,100.0,DISARMED,1,0.0,0.0,0.0,0.0,0.0,0.0,100.0,UNKNOWN,1,0.0,0.0,0.0,0.0,0.0,0.0,100.0,UNKNOWN,1,0.0,0.0,0.0,0.0,0.0,0.0,100.0,UNKNOWN,1,0.0,0.0,0.0,0.0,0.0,0.0,100.0,UNKNOWN,1,9.685040473937988,IDLE,0.0
1779451759.0696747,0.0,0.0,1.0,0.0,0.0,0.0,100.0,DISARMED,1,0.0,0.0,0.0,0.0,0.0,0.0,100.0,UNKNOWN,1,0.0,0.0,0.0,0.0,0.0,0.0,100.0,UNKNOWN,1,0.0,0.0,0.0,0.0,0.0,0.0,100.0,UNKNOWN,1,0.0,0.0,0.0,0.0,0.0,0.0,100.0,UNKNOWN,1,9.685040473937988,IDLE,0.0
1779451759.4610062,0.0,0.0,1.0,0.0,0.0,0.0,100.0,DISARMED,1,0.0,0.0,0.0,0.0,0.0,0.0,100.0,UNKNOWN,1,0.0,0.0,0.0,0.0,0.0,0.0,100.0,UNKNOWN,1,0.0,0.0,0.0,0.0,0.0,0.0,100.0,UNKNOWN,1,0.0,0.0,0.0,0.0,0.0,0.0,100.0,UNKNOWN,1,9.685040473937988,IDLE,0.0
1779451760.0143807,0.0,0.0,1.0,0.0,0.0,0.0,100.0,DISARMED,1,0.0,0.0,0.0,0.0,0.0,0.0,100.0,UNKNOWN,1,0.0,0.0,0.0,0.0,0.0,0.0,100.0,UNKNOWN,1,0.0,0.0,0.0,0.0,0.0,0.0,100.0,UNKNOWN,1,0.0,0.0,0.0,0.0,0.0,0.0,100.0,UNKNOWN,1,9.685040473937988,IDLE,0.0
1779451760.1340778,0.0,0.0,1.0,0.0,0.0,0.0,100.0,DISARMED,1,0.0,0.0,0.0,0.0,0.0,0.0,100.0,UNKNOWN,1,0.0,0.0,0.0,0.0,0.0,0.0,100.0,UNKNOWN,1,0.0,0.0,0.0,0.0,0.0,0.0,100.0,UNKNOWN,1,0.0,0.0,0.0,0.0,0.0,0.0,100.0,UNKNOWN,1,9.685040473937988,IDLE,0.0
1779451760.2074387,0.0,0.0,1.0,0.0,0.0,0.0,100.0,DISARMED,1,0.0,0.0,0.0,0.0,0.0,0.0,100.0,UNKNOWN,1,0.0,0.0,0.0,0.0,0.0,0.0,100.0,UNKNOWN,1,0.0,0.0,0.0,0.0,0.0,0.0,100.0,UNKNOWN,1,0.0,0.0,0.0,0.0,0.0,0.0,100.0,UNKNOWN,1,9.685040473937988,IDLE,0.0
1779451760.304088,0.0,0.0,1.0,0.0,0.0,0.0,100.0,DISARMED,1,0.0,0.0,0.0,0.0,0.0,0.0,100.0,UNKNOWN,1,0.0,0.0,0.0,0.0,0.0,0.0,100.0,UNKNOWN,1,0.0,0.0,0.0,0.0,0.0,0.0,100.0,UNKNOWN,1,0.0,0.0,0.0,0.0,0.0,0.0,100.0,UNKNOWN,1,9.685040473937988,IDLE,0.0
1779451760.387725,0.0,0.0,1.0,0.0,0.0,0.0,100.0,DISARMED,1,0.0,0.0,0.0,0.0,0.0,0.0,100.0,UNKNOWN,1,0.0,0.0,0.0,0.0,0.0,0.0,100.0,UNKNOWN,1,0.0,0.0,0.0,0.0,0.0,0.0,100.0,UNKNOWN,1,0.0,0.0,0.0,0.0,0.0,0.0,100.0,UNKNOWN,1,9.685040473937988,IDLE,0.0
1779451760.5039473,0.0,0.0,1.0,0.0,0.0,0.0,100.0,DISARMED,1,0.0,0.0,0.0,0.0,0.0,0.0,100.0,UNKNOWN,1,0.0,0.0,0.0,0.0,0.0,0.0,100.0,UNKNOWN,1,0.0,0.0,0.0,0.0,0.0,0.0,100.0,UNKNOWN,1,0.0,0.0,0.0,0.0,0.0,0.0,100.0,UNKNOWN,1,9.685040473937988,IDLE,0.0
1779451760.649871,0.0,0.0,1.0,0.0,0.0,0.0,100.0,DISARMED,1,0.0,0.0,0.0,0.0,0.0,0.0,100.0,UNKNOWN,1,0.0,0.0,0.0,0.0,0.0,0.0,100.0,UNKNOWN,1,0.0,0.0,0.0,0.0,0.0,0.0,100.0,UNKNOWN,1,0.0,0.0,0.0,0.0,0.0,0.0,100.0,UNKNOWN,1,9.685040473937988,IDLE,0.0
1779451760.702607,0.0,0.0,1.0,0.0,0.0,0.0,100.0,DISARMED,1,0.0,0.0,0.0,0.0,0.0,0.0,100.0,UNKNOWN,1,0.0,0.0,0.0,0.0,0.0,0.0,100.0,UNKNOWN,1,0.0,0.0,0.0,0.0,0.0,0.0,100.0,UNKNOWN,1,0.0,0.0,0.0,0.0,0.0,0.0,100.0,UNKNOWN,1,9.685040473937988,IDLE,0.0
1779451761.0175989,0.0,0.0,1.0,0.0,0.0,0.0,100.0,DISARMED,1,0.0,0.0,0.0,0.0,0.0,0.0,100.0,UNKNOWN,1,0.0,0.0,0.0,0.0,0.0,0.0,100.0,UNKNOWN,1,0.0,0.0,0.0,0.0,0.0,0.0,100.0,UNKNOWN,1,0.0,0.0,0.0,0.0,0.0,0.0,100.0,UNKNOWN,1,9.685040473937988,IDLE,0.0
1779451761.1660082,0.0,0.0,1.0,0.0,0.0,0.0,100.0,DISARMED,1,0.0,0.0,0.0,0.0,0.0,0.0,100.0,UNKNOWN,1,0.0,0.0,0.0,0.0,0.0,0.0,100.0,UNKNOWN,1,0.0,0.0,0.0,0.0,0.0,0.0,100.0,UNKNOWN,1,0.0,0.0,0.0,0.0,0.0,0.0,100.0,UNKNOWN,1,9.685040473937988,IDLE,0.0
1779451761.2012115,0.0,0.0,1.0,0.0,0.0,0.0,100.0,DISARMED,1,0.0,0.0,0.0,0.0,0.0,0.0,100.0,UNKNOWN,1,0.0,0.0,0.0,0.0,0.0,0.0,100.0,UNKNOWN,1,0.0,0.0,0.0,0.0,0.0,0.0,100.0,UNKNOWN,1,0.0,0.0,0.0,0.0,0.0,0.0,100.0,UNKNOWN,1,9.685040473937988,IDLE,0.0
1779451761.3034549,0.0,0.0,1.0,0.0,0.0,0.0,100.0,DISARMED,1,0.0,0.0,0.0,0.0,0.0,0.0,100.0,UNKNOWN,1,0.0,0.0,0.0,0.0,0.0,0.0,100.0,UNKNOWN,1,0.0,0.0,0.0,0.0,0.0,0.0,100.0,UNKNOWN,1,0.0,0.0,0.0,0.0,0.0,0.0,100.0,UNKNOWN,1,9.685040473937988,IDLE,0.0
1779451761.4479752,0.0,0.0,1.0,0.0,0.0,0.0,100.0,DISARMED,1,0.0,0.0,0.0,0.0,0.0,0.0,100.0,UNKNOWN,1,0.0,0.0,0.0,0.0,0.0,0.0,100.0,UNKNOWN,1,0.0,0.0,0.0,0.0,0.0,0.0,100.0,UNKNOWN,1,0.0,0.0,0.0,0.0,0.0,0.0,100.0,UNKNOWN,1,9.685040473937988,IDLE,0.0
1779451761.5074112,0.0,0.0,1.0,0.0,0.0,0.0,100.0,DISARMED,1,0.0,0.0,0.0,0.0,0.0,0.0,100.0,UNKNOWN,1,0.0,0.0,0.0,0.0,0.0,0.0,100.0,UNKNOWN,1,0.0,0.0,0.0,0.0,0.0,0.0,100.0,UNKNOWN,1,0.0,0.0,0.0,0.0,0.0,0.0,100.0,UNKNOWN,1,9.685040473937988,IDLE,0.0
1779451761.734948,0.0,0.0,1.0,0.0,0.0,0.0,100.0,DISARMED,1,0.0,0.0,0.0,0.0,0.0,0.0,100.0,UNKNOWN,1,0.0,0.0,0.0,0.0,0.0,0.0,100.0,UNKNOWN,1,0.0,0.0,0.0,0.0,0.0,0.0,100.0,UNKNOWN,1,0.0,0.0,0.0,0.0,0.0,0.0,100.0,UNKNOWN,1,9.685040473937988,IDLE,0.0
1779451762.0914547,0.0,0.0,1.0,0.0,0.0,0.0,100.0,DISARMED,1,0.0,0.0,0.0,0.0,0.0,0.0,100.0,UNKNOWN,1,0.0,0.0,0.0,0.0,0.0,0.0,100.0,UNKNOWN,1,0.0,0.0,0.0,0.0,0.0,0.0,100.0,UNKNOWN,1,0.0,0.0,0.0,0.0,0.0,0.0,100.0,UNKNOWN,1,9.685040473937988,IDLE,0.0
1779451762.4180024,0.0,0.0,1.0,0.0,0.0,0.0,100.0,DISARMED,1,0.0,0.0,0.0,0.0,0.0,0.0,100.0,UNKNOWN,1,0.0,0.0,0.0,0.0,0.0,0.0,100.0,UNKNOWN,1,0.0,0.0,0.0,0.0,0.0,0.0,100.0,UNKNOWN,1,0.0,0.0,0.0,0.0,0.0,0.0,100.0,UNKNOWN,1,9.685040473937988,IDLE,0.0
1779451762.6508071,0.0,0.0,1.0,0.0,0.0,0.0,100.0,DISARMED,1,0.0,0.0,0.0,0.0,0.0,0.0,100.0,UNKNOWN,1,0.0,0.0,0.0,0.0,0.0,0.0,100.0,UNKNOWN,1,0.0,0.0,0.0,0.0,0.0,0.0,100.0,UNKNOWN,1,0.0,0.0,0.0,0.0,0.0,0.0,100.0,UNKNOWN,1,9.685040473937988,IDLE,0.0
1779451762.9986768,0.0,0.0,1.0,0.0,0.0,0.0,100.0,DISARMED,1,0.0,0.0,0.0,0.0,0.0,0.0,100.0,UNKNOWN,1,0.0,0.0,0.0,0.0,0.0,0.0,100.0,UNKNOWN,1,0.0,0.0,0.0,0.0,0.0,0.0,100.0,UNKNOWN,1,0.0,0.0,0.0,0.0,0.0,0.0,100.0,UNKNOWN,1,9.685040473937988,IDLE,0.0
1779451763.0849206,0.0,0.0,1.0,0.0,0.0,0.0,100.0,DISARMED,1,0.0,0.0,0.0,0.0,0.0,0.0,100.0,UNKNOWN,1,0.0,0.0,0.0,0.0,0.0,0.0,100.0,UNKNOWN,1,0.0,0.0,0.0,0.0,0.0,0.0,100.0,UNKNOWN,1,0.0,0.0,0.0,0.0,0.0,0.0,100.0,UNKNOWN,1,9.685040473937988,IDLE,0.0
1779451763.3113618,0.0,0.0,1.0,0.0,0.0,0.0,100.0,DISARMED,1,0.0,0.0,0.0,0.0,0.0,0.0,100.0,UNKNOWN,1,0.0,0.0,0.0,0.0,0.0,0.0,100.0,UNKNOWN,1,0.0,0.0,0.0,0.0,0.0,0.0,100.0,UNKNOWN,1,0.0,0.0,0.0,0.0,0.0,0.0,100.0,UNKNOWN,1,9.685040473937988,IDLE,0.0
1779451763.5895553,0.0,0.0,1.0,0.0,0.0,0.0,100.0,DISARMED,1,0.0,0.0,0.0,0.0,0.0,0.0,100.0,UNKNOWN,1,0.0,0.0,0.0,0.0,0.0,0.0,100.0,UNKNOWN,1,0.0,0.0,0.0,0.0,0.0,0.0,100.0,UNKNOWN,1,0.0,0.0,0.0,0.0,0.0,0.0,100.0,UNKNOWN,1,9.685040473937988,IDLE,0.0
1779451763.6924512,0.0,0.0,1.0,0.0,0.0,0.0,100.0,DISARMED,1,0.0,0.0,0.0,0.0,0.0,0.0,100.0,UNKNOWN,1,0.0,0.0,0.0,0.0,0.0,0.0,100.0,UNKNOWN,1,0.0,0.0,0.0,0.0,0.0,0.0,100.0,UNKNOWN,1,0.0,0.0,0.0,0.0,0.0,0.0,100.0,UNKNOWN,1,9.685040473937988,IDLE,0.0
1779451764.074888,0.0,0.0,1.0,0.0,0.0,0.0,100.0,DISARMED,1,0.0,0.0,0.0,0.0,0.0,0.0,100.0,UNKNOWN,1,0.0,0.0,0.0,0.0,0.0,0.0,100.0,UNKNOWN,1,0.0,0.0,0.0,0.0,0.0,0.0,100.0,UNKNOWN,1,0.0,0.0,0.0,0.0,0.0,0.0,100.0,UNKNOWN,1,9.685040473937988,IDLE,0.0
1779451764.1639564,0.0,0.0,1.0,0.0,0.0,0.0,100.0,DISARMED,1,0.0,0.0,0.0,0.0,0.0,0.0,100.0,UNKNOWN,1,0.0,0.0,0.0,0.0,0.0,0.0,100.0,UNKNOWN,1,0.0,0.0,0.0,0.0,0.0,0.0,100.0,UNKNOWN,1,0.0,0.0,0.0,0.0,0.0,0.0,100.0,UNKNOWN,1,9.685040473937988,IDLE,0.0
1779451764.3146262,0.0,0.0,1.0,0.0,0.0,0.0,100.0,DISARMED,1,0.0,0.0,0.0,0.0,0.0,0.0,100.0,UNKNOWN,1,0.0,0.0,0.0,0.0,0.0,0.0,100.0,UNKNOWN,1,0.0,0.0,0.0,0.0,0.0,0.0,100.0,UNKNOWN,1,0.0,0.0,0.0,0.0,0.0,0.0,100.0,UNKNOWN,1,9.685040473937988,IDLE,0.0
1779451764.39424,0.0,0.0,1.0,0.0,0.0,0.0,100.0,DISARMED,1,0.0,0.0,0.0,0.0,0.0,0.0,100.0,UNKNOWN,1,0.0,0.0,0.0,0.0,0.0,0.0,100.0,UNKNOWN,1,0.0,0.0,0.0,0.0,0.0,0.0,100.0,UNKNOWN,1,0.0,0.0,0.0,0.0,0.0,0.0,100.0,UNKNOWN,1,9.685040473937988,IDLE,0.0
1779451764.5066466,0.0,0.0,1.0,0.0,0.0,0.0,100.0,DISARMED,1,0.0,0.0,0.0,0.0,0.0,0.0,100.0,UNKNOWN,1,0.0,0.0,0.0,0.0,0.0,0.0,100.0,UNKNOWN,1,0.0,0.0,0.0,0.0,0.0,0.0,100.0,UNKNOWN,1,0.0,0.0,0.0,0.0,0.0,0.0,100.0,UNKNOWN,1,9.685040473937988,IDLE,0.0
1779451764.7062054,0.0,0.0,1.0,0.0,0.0,0.0,100.0,DISARMED,1,0.0,0.0,0.0,0.0,0.0,0.0,100.0,UNKNOWN,1,0.0,0.0,0.0,0.0,0.0,0.0,100.0,UNKNOWN,1,0.0,0.0,0.0,0.0,0.0,0.0,100.0,UNKNOWN,1,0.0,0.0,0.0,0.0,0.0,0.0,100.0,UNKNOWN,1,9.685040473937988,IDLE,0.0
1779451764.9851308,0.0,0.0,1.0,0.0,0.0,0.0,100.0,DISARMED,1,0.0,0.0,0.0,0.0,0.0,0.0,100.0,UNKNOWN,1,0.0,0.0,0.0,0.0,0.0,0.0,100.0,UNKNOWN,1,0.0,0.0,0.0,0.0,0.0,0.0,100.0,UNKNOWN,1,0.0,0.0,0.0,0.0,0.0,0.0,100.0,UNKNOWN,1,9.685040473937988,IDLE,0.0
1779451765.2423005,0.0,0.0,1.0,0.0,0.0,0.0,100.0,DISARMED,1,0.0,0.0,0.0,0.0,0.0,0.0,100.0,UNKNOWN,1,0.0,0.0,0.0,0.0,0.0,0.0,100.0,UNKNOWN,1,0.0,0.0,0.0,0.0,0.0,0.0,100.0,UNKNOWN,1,0.0,0.0,0.0,0.0,0.0,0.0,100.0,UNKNOWN,1,9.685040473937988,IDLE,0.0
1779451765.5317519,0.0,0.0,1.0,0.0,0.0,0.0,100.0,DISARMED,1,0.0,0.0,0.0,0.0,0.0,0.0,100.0,UNKNOWN,1,0.0,0.0,0.0,0.0,0.0,0.0,100.0,UNKNOWN,1,0.0,0.0,0.0,0.0,0.0,0.0,100.0,UNKNOWN,1,0.0,0.0,0.0,0.0,0.0,0.0,100.0,UNKNOWN,1,9.685040473937988,IDLE,0.0
1779451765.65762,0.0,0.0,1.0,0.0,0.0,0.0,100.0,DISARMED,1,0.0,0.0,0.0,0.0,0.0,0.0,100.0,UNKNOWN,1,0.0,0.0,0.0,0.0,0.0,0.0,100.0,UNKNOWN,1,0.0,0.0,0.0,0.0,0.0,0.0,100.0,UNKNOWN,1,0.0,0.0,0.0,0.0,0.0,0.0,100.0,UNKNOWN,1,9.685040473937988,IDLE,0.0
1779451765.7040596,0.0,0.0,1.0,0.0,0.0,0.0,100.0,DISARMED,1,0.0,0.0,0.0,0.0,0.0,0.0,100.0,UNKNOWN,1,0.0,0.0,0.0,0.0,0.0,0.0,100.0,UNKNOWN,1,0.0,0.0,0.0,0.0,0.0,0.0,100.0,UNKNOWN,1,0.0,0.0,0.0,0.0,0.0,0.0,100.0,UNKNOWN,1,9.685040473937988,IDLE,0.0
1779451766.0734327,0.0,0.0,1.0,0.0,0.0,0.0,100.0,DISARMED,1,0.0,0.0,0.0,0.0,0.0,0.0,100.0,UNKNOWN,1,0.0,0.0,0.0,0.0,0.0,0.0,100.0,UNKNOWN,1,0.0,0.0,0.0,0.0,0.0,0.0,100.0,UNKNOWN,1,0.0,0.0,0.0,0.0,0.0,0.0,100.0,UNKNOWN,1,9.685040473937988,IDLE,0.0
1779451766.1146042,0.0,0.0,1.0,0.0,0.0,0.0,100.0,DISARMED,1,0.0,0.0,0.0,0.0,0.0,0.0,100.0,UNKNOWN,1,0.0,0.0,0.0,0.0,0.0,0.0,100.0,UNKNOWN,1,0.0,0.0,0.0,0.0,0.0,0.0,100.0,UNKNOWN,1,0.0,0.0,0.0,0.0,0.0,0.0,100.0,UNKNOWN,1,9.685040473937988,IDLE,0.0
1779451766.2054224,0.0,0.0,1.0,0.0,0.0,0.0,100.0,DISARMED,1,0.0,0.0,0.0,0.0,0.0,0.0,100.0,UNKNOWN,1,0.0,0.0,0.0,0.0,0.0,0.0,100.0,UNKNOWN,1,0.0,0.0,0.0,0.0,0.0,0.0,100.0,UNKNOWN,1,0.0,0.0,0.0,0.0,0.0,0.0,100.0,UNKNOWN,1,9.685040473937988,IDLE,0.0
1779451766.2906356,0.0,0.0,1.0,0.0,0.0,0.0,100.0,DISARMED,1,0.0,0.0,0.0,0.0,0.0,0.0,100.0,UNKNOWN,1,0.0,0.0,0.0,0.0,0.0,0.0,100.0,UNKNOWN,1,0.0,0.0,0.0,0.0,0.0,0.0,100.0,UNKNOWN,1,0.0,0.0,0.0,0.0,0.0,0.0,100.0,UNKNOWN,1,9.685040473937988,IDLE,0.0
1779451766.3861623,0.0,0.0,1.0,0.0,0.0,0.0,100.0,DISARMED,1,0.0,0.0,0.0,0.0,0.0,0.0,100.0,UNKNOWN,1,0.0,0.0,0.0,0.0,0.0,0.0,100.0,UNKNOWN,1,0.0,0.0,0.0,0.0,0.0,0.0,100.0,UNKNOWN,1,0.0,0.0,0.0,0.0,0.0,0.0,100.0,UNKNOWN,1,9.685040473937988,IDLE,0.0
1779451766.5775425,0.0,0.0,1.0,0.0,0.0,0.0,100.0,DISARMED,1,0.0,0.0,0.0,0.0,0.0,0.0,100.0,UNKNOWN,1,0.0,0.0,0.0,0.0,0.0,0.0,100.0,UNKNOWN,1,0.0,0.0,0.0,0.0,0.0,0.0,100.0,UNKNOWN,1,0.0,0.0,0.0,0.0,0.0,0.0,100.0,UNKNOWN,1,9.685040473937988,IDLE,0.0
1779451766.6321502,0.0,0.0,1.0,0.0,0.0,0.0,100.0,DISARMED,1,0.0,0.0,0.0,0.0,0.0,0.0,100.0,UNKNOWN,1,0.0,0.0,0.0,0.0,0.0,0.0,100.0,UNKNOWN,1,0.0,0.0,0.0,0.0,0.0,0.0,100.0,UNKNOWN,1,0.0,0.0,0.0,0.0,0.0,0.0,100.0,UNKNOWN,1,9.685040473937988,IDLE,0.0
1779451767.0639021,0.0,0.0,1.0,0.0,0.0,0.0,100.0,DISARMED,1,0.0,0.0,0.0,0.0,0.0,0.0,100.0,UNKNOWN,1,0.0,0.0,0.0,0.0,0.0,0.0,100.0,UNKNOWN,1,0.0,0.0,0.0,0.0,0.0,0.0,100.0,UNKNOWN,1,0.0,0.0,0.0,0.0,0.0,0.0,100.0,UNKNOWN,1,9.685040473937988,IDLE,0.0
1779451767.1717634,0.0,0.0,1.0,0.0,0.0,0.0,100.0,DISARMED,1,0.0,0.0,0.0,0.0,0.0,0.0,100.0,UNKNOWN,1,0.0,0.0,0.0,0.0,0.0,0.0,100.0,UNKNOWN,1,0.0,0.0,0.0,0.0,0.0,0.0,100.0,UNKNOWN,1,0.0,0.0,0.0,0.0,0.0,0.0,100.0,UNKNOWN,1,9.685040473937988,IDLE,0.0
1779451767.1885433,0.0,0.0,1.0,0.0,0.0,0.0,100.0,DISARMED,1,0.0,0.0,0.0,0.0,0.0,0.0,100.0,UNKNOWN,1,0.0,0.0,0.0,0.0,0.0,0.0,100.0,UNKNOWN,1,0.0,0.0,0.0,0.0,0.0,0.0,100.0,UNKNOWN,1,0.0,0.0,0.0,0.0,0.0,0.0,100.0,UNKNOWN,1,9.685040473937988,IDLE,0.0
1779451767.4726903,0.0,0.0,1.0,0.0,0.0,0.0,100.0,DISARMED,1,0.0,0.0,0.0,0.0,0.0,0.0,100.0,UNKNOWN,1,0.0,0.0,0.0,0.0,0.0,0.0,100.0,UNKNOWN,1,0.0,0.0,0.0,0.0,0.0,0.0,100.0,UNKNOWN,1,0.0,0.0,0.0,0.0,0.0,0.0,100.0,UNKNOWN,1,9.685040473937988,IDLE,0.0
1779451767.4926243,0.0,0.0,1.0,0.0,0.0,0.0,100.0,DISARMED,1,0.0,0.0,0.0,0.0,0.0,0.0,100.0,UNKNOWN,1,0.0,0.0,0.0,0.0,0.0,0.0,100.0,UNKNOWN,1,0.0,0.0,0.0,0.0,0.0,0.0,100.0,UNKNOWN,1,0.0,0.0,0.0,0.0,0.0,0.0,100.0,UNKNOWN,1,9.685040473937988,IDLE,0.0
1779451767.6140509,0.0,0.0,1.0,0.0,0.0,0.0,100.0,DISARMED,1,0.0,0.0,0.0,0.0,0.0,0.0,100.0,UNKNOWN,1,0.0,0.0,0.0,0.0,0.0,0.0,100.0,UNKNOWN,1,0.0,0.0,0.0,0.0,0.0,0.0,100.0,UNKNOWN,1,0.0,0.0,0.0,0.0,0.0,0.0,100.0,UNKNOWN,1,9.685040473937988,IDLE,0.0
1779451767.7889636,0.0,0.0,1.0,0.0,0.0,0.0,100.0,DISARMED,1,0.0,0.0,0.0,0.0,0.0,0.0,100.0,UNKNOWN,1,0.0,0.0,0.0,0.0,0.0,0.0,100.0,UNKNOWN,1,0.0,0.0,0.0,0.0,0.0,0.0,100.0,UNKNOWN,1,0.0,0.0,0.0,0.0,0.0,0.0,100.0,UNKNOWN,1,9.685040473937988,IDLE,0.0
1779451768.1452343,0.0,0.0,1.0,0.0,0.0,0.0,100.0,DISARMED,1,0.0,0.0,0.0,0.0,0.0,0.0,100.0,UNKNOWN,1,0.0,0.0,0.0,0.0,0.0,0.0,100.0,UNKNOWN,1,0.0,0.0,0.0,0.0,0.0,0.0,100.0,UNKNOWN,1,0.0,0.0,0.0,0.0,0.0,0.0,100.0,UNKNOWN,1,9.685040473937988,IDLE,0.0
1779451768.2921352,0.0,0.0,1.0,0.0,0.0,0.0,100.0,DISARMED,1,0.0,0.0,0.0,0.0,0.0,0.0,100.0,UNKNOWN,1,0.0,0.0,0.0,0.0,0.0,0.0,100.0,UNKNOWN,1,0.0,0.0,0.0,0.0,0.0,0.0,100.0,UNKNOWN,1,0.0,0.0,0.0,0.0,0.0,0.0,100.0,UNKNOWN,1,9.685040473937988,IDLE,0.0
1779451768.4390533,0.0,0.0,1.0,0.0,0.0,0.0,100.0,DISARMED,1,0.0,0.0,0.0,0.0,0.0,0.0,100.0,UNKNOWN,1,0.0,0.0,0.0,0.0,0.0,0.0,100.0,UNKNOWN,1,0.0,0.0,0.0,0.0,0.0,0.0,100.0,UNKNOWN,1,0.0,0.0,0.0,0.0,0.0,0.0,100.0,UNKNOWN,1,9.685040473937988,IDLE,0.0
1779451768.49068,0.0,0.0,1.0,0.0,0.0,0.0,100.0,DISARMED,1,0.0,0.0,0.0,0.0,0.0,0.0,100.0,UNKNOWN,1,0.0,0.0,0.0,0.0,0.0,0.0,100.0,UNKNOWN,1,0.0,0.0,0.0,0.0,0.0,0.0,100.0,UNKNOWN,1,0.0,0.0,0.0,0.0,0.0,0.0,100.0,UNKNOWN,1,9.685040473937988,IDLE,0.0
1779451768.6334252,0.0,0.0,1.0,0.0,0.0,0.0,100.0,DISARMED,1,0.0,0.0,0.0,0.0,0.0,0.0,100.0,UNKNOWN,1,0.0,0.0,0.0,0.0,0.0,0.0,100.0,UNKNOWN,1,0.0,0.0,0.0,0.0,0.0,0.0,100.0,UNKNOWN,1,0.0,0.0,0.0,0.0,0.0,0.0,100.0,UNKNOWN,1,9.685040473937988,IDLE,0.0
1779451768.753022,0.0,0.0,1.0,0.0,0.0,0.0,100.0,DISARMED,1,0.0,0.0,0.0,0.0,0.0,0.0,100.0,UNKNOWN,1,0.0,0.0,0.0,0.0,0.0,0.0,100.0,UNKNOWN,1,0.0,0.0,0.0,0.0,0.0,0.0,100.0,UNKNOWN,1,0.0,0.0,0.0,0.0,0.0,0.0,100.0,UNKNOWN,1,9.685040473937988,IDLE,0.0
1779451769.0933573,0.0,0.0,1.0,0.0,0.0,0.0,100.0,DISARMED,1,0.0,0.0,0.0,0.0,0.0,0.0,100.0,UNKNOWN,1,0.0,0.0,0.0,0.0,0.0,0.0,100.0,UNKNOWN,1,0.0,0.0,0.0,0.0,0.0,0.0,100.0,UNKNOWN,1,0.0,0.0,0.0,0.0,0.0,0.0,100.0,UNKNOWN,1,9.685040473937988,IDLE,0.0
1779451769.1938136,0.0,0.0,1.0,0.0,0.0,0.0,100.0,DISARMED,1,0.0,0.0,0.0,0.0,0.0,0.0,100.0,UNKNOWN,1,0.0,0.0,0.0,0.0,0.0,0.0,100.0,UNKNOWN,1,0.0,0.0,0.0,0.0,0.0,0.0,100.0,UNKNOWN,1,0.0,0.0,0.0,0.0,0.0,0.0,100.0,UNKNOWN,1,9.685040473937988,IDLE,0.0
1779451769.31315,0.0,0.0,1.0,0.0,0.0,0.0,100.0,DISARMED,1,0.0,0.0,0.0,0.0,0.0,0.0,100.0,UNKNOWN,1,0.0,0.0,0.0,0.0,0.0,0.0,100.0,UNKNOWN,1,0.0,0.0,0.0,0.0,0.0,0.0,100.0,UNKNOWN,1,0.0,0.0,0.0,0.0,0.0,0.0,100.0,UNKNOWN,1,9.685040473937988,IDLE,0.0
1779451769.4407005,0.0,0.0,1.0,0.0,0.0,0.0,100.0,DISARMED,1,0.0,0.0,0.0,0.0,0.0,0.0,100.0,UNKNOWN,1,0.0,0.0,0.0,0.0,0.0,0.0,100.0,UNKNOWN,1,0.0,0.0,0.0,0.0,0.0,0.0,100.0,UNKNOWN,1,0.0,0.0,0.0,0.0,0.0,0.0,100.0,UNKNOWN,1,9.685040473937988,IDLE,0.0
1779451769.6828527,0.0,0.0,1.0,0.0,0.0,0.0,100.0,DISARMED,1,0.0,0.0,0.0,0.0,0.0,0.0,100.0,UNKNOWN,1,0.0,0.0,0.0,0.0,0.0,0.0,100.0,UNKNOWN,1,0.0,0.0,0.0,0.0,0.0,0.0,100.0,UNKNOWN,1,0.0,0.0,0.0,0.0,0.0,0.0,100.0,UNKNOWN,1,9.685040473937988,IDLE,0.0
1779451770.0562568,0.0,0.0,1.0,0.0,0.0,0.0,100.0,DISARMED,1,0.0,0.0,0.0,0.0,0.0,0.0,100.0,UNKNOWN,1,0.0,0.0,0.0,0.0,0.0,0.0,100.0,UNKNOWN,1,0.0,0.0,0.0,0.0,0.0,0.0,100.0,UNKNOWN,1,0.0,0.0,0.0,0.0,0.0,0.0,100.0,UNKNOWN,1,9.685040473937988,IDLE,0.0
1779451770.28514,0.0,0.0,1.0,0.0,0.0,0.0,100.0,DISARMED,1,0.0,0.0,0.0,0.0,0.0,0.0,100.0,UNKNOWN,1,0.0,0.0,0.0,0.0,0.0,0.0,100.0,UNKNOWN,1,0.0,0.0,0.0,0.0,0.0,0.0,100.0,UNKNOWN,1,0.0,0.0,0.0,0.0,0.0,0.0,100.0,UNKNOWN,1,9.685040473937988,IDLE,0.0
1779451770.39123,0.0,0.0,1.0,0.0,0.0,0.0,100.0,DISARMED,1,0.0,0.0,0.0,0.0,0.0,0.0,100.0,UNKNOWN,1,0.0,0.0,0.0,0.0,0.0,0.0,100.0,UNKNOWN,1,0.0,0.0,0.0,0.0,0.0,0.0,100.0,UNKNOWN,1,0.0,0.0,0.0,0.0,0.0,0.0,100.0,UNKNOWN,1,9.685040473937988,IDLE,0.0
1779451770.5964074,0.0,0.0,1.0,0.0,0.0,0.0,100.0,DISARMED,1,0.0,0.0,0.0,0.0,0.0,0.0,100.0,UNKNOWN,1,0.0,0.0,0.0,0.0,0.0,0.0,100.0,UNKNOWN,1,0.0,0.0,0.0,0.0,0.0,0.0,100.0,UNKNOWN,1,0.0,0.0,0.0,0.0,0.0,0.0,100.0,UNKNOWN,1,9.685040473937988,IDLE,0.0
1779451771.0135274,0.0,0.0,1.0,0.0,0.0,0.0,100.0,DISARMED,1,0.0,0.0,0.0,0.0,0.0,0.0,100.0,UNKNOWN,1,0.0,0.0,0.0,0.0,0.0,0.0,100.0,UNKNOWN,1,0.0,0.0,0.0,0.0,0.0,0.0,100.0,UNKNOWN,1,0.0,0.0,0.0,0.0,0.0,0.0,100.0,UNKNOWN,1,9.685040473937988,IDLE,0.0
1779451771.1062703,0.0,0.0,1.0,0.0,0.0,0.0,100.0,DISARMED,1,0.0,0.0,0.0,0.0,0.0,0.0,100.0,UNKNOWN,1,0.0,0.0,0.0,0.0,0.0,0.0,100.0,UNKNOWN,1,0.0,0.0,0.0,0.0,0.0,0.0,100.0,UNKNOWN,1,0.0,0.0,0.0,0.0,0.0,0.0,100.0,UNKNOWN,1,9.685040473937988,IDLE,0.0
1779451771.1894279,0.0,0.0,1.0,0.0,0.0,0.0,100.0,DISARMED,1,0.0,0.0,0.0,0.0,0.0,0.0,100.0,UNKNOWN,1,0.0,0.0,0.0,0.0,0.0,0.0,100.0,UNKNOWN,1,0.0,0.0,0.0,0.0,0.0,0.0,100.0,UNKNOWN,1,0.0,0.0,0.0,0.0,0.0,0.0,100.0,UNKNOWN,1,9.685040473937988,IDLE,0.0
1779451771.4126623,0.0,0.0,1.0,0.0,0.0,0.0,100.0,DISARMED,1,0.0,0.0,0.0,0.0,0.0,0.0,100.0,UNKNOWN,1,0.0,0.0,0.0,0.0,0.0,0.0,100.0,UNKNOWN,1,0.0,0.0,0.0,0.0,0.0,0.0,100.0,UNKNOWN,1,0.0,0.0,0.0,0.0,0.0,0.0,100.0,UNKNOWN,1,9.685040473937988,IDLE,0.0
1779451771.5444062,0.0,0.0,1.0,0.0,0.0,0.0,100.0,DISARMED,1,0.0,0.0,0.0,0.0,0.0,0.0,100.0,UNKNOWN,1,0.0,0.0,0.0,0.0,0.0,0.0,100.0,UNKNOWN,1,0.0,0.0,0.0,0.0,0.0,0.0,100.0,UNKNOWN,1,0.0,0.0,0.0,0.0,0.0,0.0,100.0,UNKNOWN,1,9.685040473937988,IDLE,0.0
1779451771.6729965,0.0,0.0,1.0,0.0,0.0,0.0,100.0,DISARMED,1,0.0,0.0,0.0,0.0,0.0,0.0,100.0,UNKNOWN,1,0.0,0.0,0.0,0.0,0.0,0.0,100.0,UNKNOWN,1,0.0,0.0,0.0,0.0,0.0,0.0,100.0,UNKNOWN,1,0.0,0.0,0.0,0.0,0.0,0.0,100.0,UNKNOWN,1,9.685040473937988,IDLE,0.0
1779451771.7011118,0.0,0.0,1.0,0.0,0.0,0.0,100.0,DISARMED,1,0.0,0.0,0.0,0.0,0.0,0.0,100.0,UNKNOWN,1,0.0,0.0,0.0,0.0,0.0,0.0,100.0,UNKNOWN,1,0.0,0.0,0.0,0.0,0.0,0.0,100.0,UNKNOWN,1,0.0,0.0,0.0,0.0,0.0,0.0,100.0,UNKNOWN,1,9.685040473937988,IDLE,0.0
1779451772.452868,0.0,0.0,1.0,0.0,0.0,0.0,100.0,DISARMED,1,0.0,0.0,0.0,0.0,0.0,0.0,100.0,UNKNOWN,1,0.0,0.0,0.0,0.0,0.0,0.0,100.0,UNKNOWN,1,0.0,0.0,0.0,0.0,0.0,0.0,100.0,UNKNOWN,1,0.0,0.0,0.0,0.0,0.0,0.0,100.0,UNKNOWN,1,9.685040473937988,IDLE,0.0
1779451772.5024416,0.0,0.0,1.0,0.0,0.0,0.0,100.0,DISARMED,1,0.0,0.0,0.0,0.0,0.0,0.0,100.0,UNKNOWN,1,0.0,0.0,0.0,0.0,0.0,0.0,100.0,UNKNOWN,1,0.0,0.0,0.0,0.0,0.0,0.0,100.0,UNKNOWN,1,0.0,0.0,0.0,0.0,0.0,0.0,100.0,UNKNOWN,1,9.685040473937988,IDLE,0.0
1779451772.644189,0.0,0.0,1.0,0.0,0.0,0.0,100.0,DISARMED,1,0.0,0.0,0.0,0.0,0.0,0.0,100.0,UNKNOWN,1,0.0,0.0,0.0,0.0,0.0,0.0,100.0,UNKNOWN,1,0.0,0.0,0.0,0.0,0.0,0.0,100.0,UNKNOWN,1,0.0,0.0,0.0,0.0,0.0,0.0,100.0,UNKNOWN,1,9.685040473937988,IDLE,0.0
1779451772.6859276,0.0,0.0,1.0,0.0,0.0,0.0,100.0,DISARMED,1,0.0,0.0,0.0,0.0,0.0,0.0,100.0,UNKNOWN,1,0.0,0.0,0.0,0.0,0.0,0.0,100.0,UNKNOWN,1,0.0,0.0,0.0,0.0,0.0,0.0,100.0,UNKNOWN,1,0.0,0.0,0.0,0.0,0.0,0.0,100.0,UNKNOWN,1,9.685040473937988,IDLE,0.0
1779451773.0150259,0.0,0.0,1.0,0.0,0.0,0.0,100.0,DISARMED,1,0.0,0.0,0.0,0.0,0.0,0.0,100.0,UNKNOWN,1,0.0,0.0,0.0,0.0,0.0,0.0,100.0,UNKNOWN,1,0.0,0.0,0.0,0.0,0.0,0.0,100.0,UNKNOWN,1,0.0,0.0,0.0,0.0,0.0,0.0,100.0,UNKNOWN,1,9.685040473937988,IDLE,0.0
1779451773.1099157,0.0,0.0,1.0,0.0,0.0,0.0,100.0,DISARMED,1,0.0,0.0,0.0,0.0,0.0,0.0,100.0,UNKNOWN,1,0.0,0.0,0.0,0.0,0.0,0.0,100.0,UNKNOWN,1,0.0,0.0,0.0,0.0,0.0,0.0,100.0,UNKNOWN,1,0.0,0.0,0.0,0.0,0.0,0.0,100.0,UNKNOWN,1,9.685040473937988,IDLE,0.0
1779451773.2660656,0.0,0.0,1.0,0.0,0.0,0.0,100.0,DISARMED,1,0.0,0.0,0.0,0.0,0.0,0.0,100.0,UNKNOWN,1,0.0,0.0,0.0,0.0,0.0,0.0,100.0,UNKNOWN,1,0.0,0.0,0.0,0.0,0.0,0.0,100.0,UNKNOWN,1,0.0,0.0,0.0,0.0,0.0,0.0,100.0,UNKNOWN,1,9.685040473937988,IDLE,0.0
1779451773.2956524,0.0,0.0,1.0,0.0,0.0,0.0,100.0,DISARMED,1,0.0,0.0,0.0,0.0,0.0,0.0,100.0,UNKNOWN,1,0.0,0.0,0.0,0.0,0.0,0.0,100.0,UNKNOWN,1,0.0,0.0,0.0,0.0,0.0,0.0,100.0,UNKNOWN,1,0.0,0.0,0.0,0.0,0.0,0.0,100.0,UNKNOWN,1,9.685040473937988,IDLE,0.0
1779451773.408341,0.0,0.0,1.0,0.0,0.0,0.0,100.0,DISARMED,1,0.0,0.0,0.0,0.0,0.0,0.0,100.0,UNKNOWN,1,0.0,0.0,0.0,0.0,0.0,0.0,100.0,UNKNOWN,1,0.0,0.0,0.0,0.0,0.0,0.0,100.0,UNKNOWN,1,0.0,0.0,0.0,0.0,0.0,0.0,100.0,UNKNOWN,1,9.685040473937988,IDLE,0.0
1779451773.511247,0.0,0.0,1.0,0.0,0.0,0.0,100.0,DISARMED,1,0.0,0.0,0.0,0.0,0.0,0.0,100.0,UNKNOWN,1,0.0,0.0,0.0,0.0,0.0,0.0,100.0,UNKNOWN,1,0.0,0.0,0.0,0.0,0.0,0.0,100.0,UNKNOWN,1,0.0,0.0,0.0,0.0,0.0,0.0,100.0,UNKNOWN,1,9.685040473937988,IDLE,0.0
1779451773.5948765,0.0,0.0,1.0,0.0,0.0,0.0,100.0,DISARMED,1,0.0,0.0,0.0,0.0,0.0,0.0,100.0,UNKNOWN,1,0.0,0.0,0.0,0.0,0.0,0.0,100.0,UNKNOWN,1,0.0,0.0,0.0,0.0,0.0,0.0,100.0,UNKNOWN,1,0.0,0.0,0.0,0.0,0.0,0.0,100.0,UNKNOWN,1,9.685040473937988,IDLE,0.0
1779451773.708743,0.0,0.0,1.0,0.0,0.0,0.0,100.0,DISARMED,1,0.0,0.0,0.0,0.0,0.0,0.0,100.0,UNKNOWN,1,0.0,0.0,0.0,0.0,0.0,0.0,100.0,UNKNOWN,1,0.0,0.0,0.0,0.0,0.0,0.0,100.0,UNKNOWN,1,0.0,0.0,0.0,0.0,0.0,0.0,100.0,UNKNOWN,1,9.685040473937988,IDLE,0.0
1779451774.157235,0.0,0.0,1.0,0.0,0.0,0.0,100.0,DISARMED,1,0.0,0.0,0.0,0.0,0.0,0.0,100.0,UNKNOWN,1,0.0,0.0,0.0,0.0,0.0,0.0,100.0,UNKNOWN,1,0.0,0.0,0.0,0.0,0.0,0.0,100.0,UNKNOWN,1,0.0,0.0,0.0,0.0,0.0,0.0,100.0,UNKNOWN,1,9.685040473937988,IDLE,0.0
1779451774.2943428,0.0,0.0,1.0,0.0,0.0,0.0,100.0,DISARMED,1,0.0,0.0,0.0,0.0,0.0,0.0,100.0,UNKNOWN,1,0.0,0.0,0.0,0.0,0.0,0.0,100.0,UNKNOWN,1,0.0,0.0,0.0,0.0,0.0,0.0,100.0,UNKNOWN,1,0.0,0.0,0.0,0.0,0.0,0.0,100.0,UNKNOWN,1,9.685040473937988,IDLE,0.0
1779451774.3952112,0.0,0.0,1.0,0.0,0.0,0.0,100.0,DISARMED,1,0.0,0.0,0.0,0.0,0.0,0.0,100.0,UNKNOWN,1,0.0,0.0,0.0,0.0,0.0,0.0,100.0,UNKNOWN,1,0.0,0.0,0.0,0.0,0.0,0.0,100.0,UNKNOWN,1,0.0,0.0,0.0,0.0,0.0,0.0,100.0,UNKNOWN,1,9.685040473937988,IDLE,0.0
1779451774.4961572,0.0,0.0,1.0,0.0,0.0,0.0,100.0,DISARMED,1,0.0,0.0,0.0,0.0,0.0,0.0,100.0,UNKNOWN,1,0.0,0.0,0.0,0.0,0.0,0.0,100.0,UNKNOWN,1,0.0,0.0,0.0,0.0,0.0,0.0,100.0,UNKNOWN,1,0.0,0.0,0.0,0.0,0.0,0.0,100.0,UNKNOWN,1,9.685040473937988,IDLE,0.0
1779451774.6175935,0.0,0.0,1.0,0.0,0.0,0.0,100.0,DISARMED,1,0.0,0.0,0.0,0.0,0.0,0.0,100.0,UNKNOWN,1,0.0,0.0,0.0,0.0,0.0,0.0,100.0,UNKNOWN,1,0.0,0.0,0.0,0.0,0.0,0.0,100.0,UNKNOWN,1,0.0,0.0,0.0,0.0,0.0,0.0,100.0,UNKNOWN,1,9.685040473937988,IDLE,0.0
1779451774.7074828,0.0,0.0,1.0,0.0,0.0,0.0,100.0,DISARMED,1,0.0,0.0,0.0,0.0,0.0,0.0,100.0,UNKNOWN,1,0.0,0.0,0.0,0.0,0.0,0.0,100.0,UNKNOWN,1,0.0,0.0,0.0,0.0,0.0,0.0,100.0,UNKNOWN,1,0.0,0.0,0.0,0.0,0.0,0.0,100.0,UNKNOWN,1,9.685040473937988,IDLE,0.0
1779451774.9755554,0.0,0.0,1.0,0.0,0.0,0.0,100.0,DISARMED,1,0.0,0.0,0.0,0.0,0.0,0.0,100.0,UNKNOWN,1,0.0,0.0,0.0,0.0,0.0,0.0,100.0,UNKNOWN,1,0.0,0.0,0.0,0.0,0.0,0.0,100.0,UNKNOWN,1,0.0,0.0,0.0,0.0,0.0,0.0,100.0,UNKNOWN,1,9.685040473937988,IDLE,0.0
1779451775.1306484,0.0,0.0,1.0,0.0,0.0,0.0,100.0,DISARMED,1,0.0,0.0,0.0,0.0,0.0,0.0,100.0,UNKNOWN,1,0.0,0.0,0.0,0.0,0.0,0.0,100.0,UNKNOWN,1,0.0,0.0,0.0,0.0,0.0,0.0,100.0,UNKNOWN,1,0.0,0.0,0.0,0.0,0.0,0.0,100.0,UNKNOWN,1,9.685040473937988,IDLE,0.0
1779451775.2404718,0.0,0.0,1.0,0.0,0.0,0.0,100.0,DISARMED,1,0.0,0.0,0.0,0.0,0.0,0.0,100.0,UNKNOWN,1,0.0,0.0,0.0,0.0,0.0,0.0,100.0,UNKNOWN,1,0.0,0.0,0.0,0.0,0.0,0.0,100.0,UNKNOWN,1,0.0,0.0,0.0,0.0,0.0,0.0,100.0,UNKNOWN,1,9.685040473937988,IDLE,0.0
1779451775.4248254,0.0,0.0,1.0,0.0,0.0,0.0,100.0,DISARMED,1,0.0,0.0,0.0,0.0,0.0,0.0,100.0,UNKNOWN,1,0.0,0.0,0.0,0.0,0.0,0.0,100.0,UNKNOWN,1,0.0,0.0,0.0,0.0,0.0,0.0,100.0,UNKNOWN,1,0.0,0.0,0.0,0.0,0.0,0.0,100.0,UNKNOWN,1,9.685040473937988,IDLE,0.0
1779451775.5749056,0.0,0.0,1.0,0.0,0.0,0.0,100.0,DISARMED,1,0.0,0.0,0.0,0.0,0.0,0.0,100.0,UNKNOWN,1,0.0,0.0,0.0,0.0,0.0,0.0,100.0,UNKNOWN,1,0.0,0.0,0.0,0.0,0.0,0.0,100.0,UNKNOWN,1,0.0,0.0,0.0,0.0,0.0,0.0,100.0,UNKNOWN,1,9.685040473937988,IDLE,0.0
1779451775.7439752,0.0,0.0,1.0,0.0,0.0,0.0,100.0,DISARMED,1,0.0,0.0,0.0,0.0,0.0,0.0,100.0,UNKNOWN,1,0.0,0.0,0.0,0.0,0.0,0.0,100.0,UNKNOWN,1,0.0,0.0,0.0,0.0,0.0,0.0,100.0,UNKNOWN,1,0.0,0.0,0.0,0.0,0.0,0.0,100.0,UNKNOWN,1,9.685040473937988,IDLE,0.0
1779451776.061375,0.0,0.0,1.0,0.0,0.0,0.0,100.0,DISARMED,1,0.0,0.0,0.0,0.0,0.0,0.0,100.0,UNKNOWN,1,0.0,0.0,0.0,0.0,0.0,0.0,100.0,UNKNOWN,1,0.0,0.0,0.0,0.0,0.0,0.0,100.0,UNKNOWN,1,0.0,0.0,0.0,0.0,0.0,0.0,100.0,UNKNOWN,1,9.685040473937988,IDLE,0.0
1779451776.2072835,0.0,0.0,1.0,0.0,0.0,0.0,100.0,DISARMED,1,0.0,0.0,0.0,0.0,0.0,0.0,100.0,UNKNOWN,1,0.0,0.0,0.0,0.0,0.0,0.0,100.0,UNKNOWN,1,0.0,0.0,0.0,0.0,0.0,0.0,100.0,UNKNOWN,1,0.0,0.0,0.0,0.0,0.0,0.0,100.0,UNKNOWN,1,9.685040473937988,IDLE,0.0
1779451776.3450208,0.0,0.0,1.0,0.0,0.0,0.0,100.0,DISARMED,1,0.0,0.0,0.0,0.0,0.0,0.0,100.0,UNKNOWN,1,0.0,0.0,0.0,0.0,0.0,0.0,100.0,UNKNOWN,1,0.0,0.0,0.0,0.0,0.0,0.0,100.0,UNKNOWN,1,0.0,0.0,0.0,0.0,0.0,0.0,100.0,UNKNOWN,1,9.685040473937988,IDLE,0.0
1779451776.573668,0.0,0.0,1.0,0.0,0.0,0.0,100.0,DISARMED,1,0.0,0.0,0.0,0.0,0.0,0.0,100.0,UNKNOWN,1,0.0,0.0,0.0,0.0,0.0,0.0,100.0,UNKNOWN,1,0.0,0.0,0.0,0.0,0.0,0.0,100.0,UNKNOWN,1,0.0,0.0,0.0,0.0,0.0,0.0,100.0,UNKNOWN,1,9.685040473937988,IDLE,0.0
1779451776.6881557,0.0,0.0,1.0,0.0,0.0,0.0,100.0,DISARMED,1,0.0,0.0,0.0,0.0,0.0,0.0,100.0,UNKNOWN,1,0.0,0.0,0.0,0.0,0.0,0.0,100.0,UNKNOWN,1,0.0,0.0,0.0,0.0,0.0,0.0,100.0,UNKNOWN,1,0.0,0.0,0.0,0.0,0.0,0.0,100.0,UNKNOWN,1,9.685040473937988,IDLE,0.0
1779451777.2247777,0.0,0.0,1.0,0.0,0.0,0.0,100.0,DISARMED,1,0.0,0.0,0.0,0.0,0.0,0.0,100.0,UNKNOWN,1,0.0,0.0,0.0,0.0,0.0,0.0,100.0,UNKNOWN,1,0.0,0.0,0.0,0.0,0.0,0.0,100.0,UNKNOWN,1,0.0,0.0,0.0,0.0,0.0,0.0,100.0,UNKNOWN,1,9.685040473937988,IDLE,0.0
1779451777.2868555,0.0,0.0,1.0,0.0,0.0,0.0,100.0,DISARMED,1,0.0,0.0,0.0,0.0,0.0,0.0,100.0,UNKNOWN,1,0.0,0.0,0.0,0.0,0.0,0.0,100.0,UNKNOWN,1,0.0,0.0,0.0,0.0,0.0,0.0,100.0,UNKNOWN,1,0.0,0.0,0.0,0.0,0.0,0.0,100.0,UNKNOWN,1,9.685040473937988,IDLE,0.0
1779451777.4177802,0.0,0.0,1.0,0.0,0.0,0.0,100.0,DISARMED,1,0.0,0.0,0.0,0.0,0.0,0.0,100.0,UNKNOWN,1,0.0,0.0,0.0,0.0,0.0,0.0,100.0,UNKNOWN,1,0.0,0.0,0.0,0.0,0.0,0.0,100.0,UNKNOWN,1,0.0,0.0,0.0,0.0,0.0,0.0,100.0,UNKNOWN,1,9.685040473937988,IDLE,0.0
1779451777.7022994,0.0,0.0,1.0,0.0,0.0,0.0,100.0,DISARMED,1,0.0,0.0,0.0,0.0,0.0,0.0,100.0,UNKNOWN,1,0.0,0.0,0.0,0.0,0.0,0.0,100.0,UNKNOWN,1,0.0,0.0,0.0,0.0,0.0,0.0,100.0,UNKNOWN,1,0.0,0.0,0.0,0.0,0.0,0.0,100.0,UNKNOWN,1,9.685040473937988,IDLE,0.0
1779451778.3191264,0.0,0.0,1.0,0.0,0.0,0.0,100.0,DISARMED,1,0.0,0.0,0.0,0.0,0.0,0.0,100.0,UNKNOWN,1,0.0,0.0,0.0,0.0,0.0,0.0,100.0,UNKNOWN,1,0.0,0.0,0.0,0.0,0.0,0.0,100.0,UNKNOWN,1,0.0,0.0,0.0,0.0,0.0,0.0,100.0,UNKNOWN,1,9.685040473937988,IDLE,0.0
1779451778.5828822,0.0,0.0,1.0,0.0,0.0,0.0,100.0,DISARMED,1,0.0,0.0,0.0,0.0,0.0,0.0,100.0,UNKNOWN,1,0.0,0.0,0.0,0.0,0.0,0.0,100.0,UNKNOWN,1,0.0,0.0,0.0,0.0,0.0,0.0,100.0,UNKNOWN,1,0.0,0.0,0.0,0.0,0.0,0.0,100.0,UNKNOWN,1,9.685040473937988,IDLE,0.0
1779451779.15075,0.0,0.0,1.0,0.0,0.0,0.0,100.0,DISARMED,1,0.0,0.0,0.0,0.0,0.0,0.0,100.0,UNKNOWN,1,0.0,0.0,0.0,0.0,0.0,0.0,100.0,UNKNOWN,1,0.0,0.0,0.0,0.0,0.0,0.0,100.0,UNKNOWN,1,0.0,0.0,0.0,0.0,0.0,0.0,100.0,UNKNOWN,1,9.685040473937988,IDLE,0.0
1779451779.4928992,0.0,0.0,1.0,0.0,0.0,0.0,100.0,DISARMED,1,0.0,0.0,0.0,0.0,0.0,0.0,100.0,UNKNOWN,1,0.0,0.0,0.0,0.0,0.0,0.0,100.0,UNKNOWN,1,0.0,0.0,0.0,0.0,0.0,0.0,100.0,UNKNOWN,1,0.0,0.0,0.0,0.0,0.0,0.0,100.0,UNKNOWN,1,9.685040473937988,IDLE,0.0
1779451779.7480962,0.0,0.0,1.0,0.0,0.0,0.0,100.0,DISARMED,1,0.0,0.0,0.0,0.0,0.0,0.0,100.0,UNKNOWN,1,0.0,0.0,0.0,0.0,0.0,0.0,100.0,UNKNOWN,1,0.0,0.0,0.0,0.0,0.0,0.0,100.0,UNKNOWN,1,0.0,0.0,0.0,0.0,0.0,0.0,100.0,UNKNOWN,1,9.685040473937988,IDLE,0.0
1779451779.9408147,0.0,0.0,1.0,0.0,0.0,0.0,100.0,DISARMED,1,0.0,0.0,0.0,0.0,0.0,0.0,100.0,UNKNOWN,1,0.0,0.0,0.0,0.0,0.0,0.0,100.0,UNKNOWN,1,0.0,0.0,0.0,0.0,0.0,0.0,100.0,UNKNOWN,1,0.0,0.0,0.0,0.0,0.0,0.0,100.0,UNKNOWN,1,9.685040473937988,IDLE,0.0
1779451780.1544662,0.0,0.0,1.0,0.0,0.0,0.0,100.0,DISARMED,1,0.0,0.0,0.0,0.0,0.0,0.0,100.0,UNKNOWN,1,0.0,0.0,0.0,0.0,0.0,0.0,100.0,UNKNOWN,1,0.0,0.0,0.0,0.0,0.0,0.0,100.0,UNKNOWN,1,0.0,0.0,0.0,0.0,0.0,0.0,100.0,UNKNOWN,1,9.685040473937988,IDLE,0.0
1779451780.24317,0.0,0.0,1.0,0.0,0.0,0.0,100.0,DISARMED,1,0.0,0.0,0.0,0.0,0.0,0.0,100.0,UNKNOWN,1,0.0,0.0,0.0,0.0,0.0,0.0,100.0,UNKNOWN,1,0.0,0.0,0.0,0.0,0.0,0.0,100.0,UNKNOWN,1,0.0,0.0,0.0,0.0,0.0,0.0,100.0,UNKNOWN,1,9.685040473937988,IDLE,0.0
1779451780.292942,0.0,0.0,1.0,0.0,0.0,0.0,100.0,DISARMED,1,0.0,0.0,0.0,0.0,0.0,0.0,100.0,UNKNOWN,1,0.0,0.0,0.0,0.0,0.0,0.0,100.0,UNKNOWN,1,0.0,0.0,0.0,0.0,0.0,0.0,100.0,UNKNOWN,1,0.0,0.0,0.0,0.0,0.0,0.0,100.0,UNKNOWN,1,9.685040473937988,IDLE,0.0
1779451780.4064467,0.0,0.0,1.0,0.0,0.0,0.0,100.0,DISARMED,1,0.0,0.0,0.0,0.0,0.0,0.0,100.0,UNKNOWN,1,0.0,0.0,0.0,0.0,0.0,0.0,100.0,UNKNOWN,1,0.0,0.0,0.0,0.0,0.0,0.0,100.0,UNKNOWN,1,0.0,0.0,0.0,0.0,0.0,0.0,100.0,UNKNOWN,1,9.685040473937988,IDLE,0.0
1779451780.5144632,0.0,0.0,1.0,0.0,0.0,0.0,100.0,DISARMED,1,0.0,0.0,0.0,0.0,0.0,0.0,100.0,UNKNOWN,1,0.0,0.0,0.0,0.0,0.0,0.0,100.0,UNKNOWN,1,0.0,0.0,0.0,0.0,0.0,0.0,100.0,UNKNOWN,1,0.0,0.0,0.0,0.0,0.0,0.0,100.0,UNKNOWN,1,9.685040473937988,IDLE,0.0
1779451780.5990968,0.0,0.0,1.0,0.0,0.0,0.0,100.0,DISARMED,1,0.0,0.0,0.0,0.0,0.0,0.0,100.0,UNKNOWN,1,0.0,0.0,0.0,0.0,0.0,0.0,100.0,UNKNOWN,1,0.0,0.0,0.0,0.0,0.0,0.0,100.0,UNKNOWN,1,0.0,0.0,0.0,0.0,0.0,0.0,100.0,UNKNOWN,1,9.685040473937988,IDLE,0.0
1779451780.9612226,0.0,0.0,1.0,0.0,0.0,0.0,100.0,DISARMED,1,0.0,0.0,0.0,0.0,0.0,0.0,100.0,UNKNOWN,1,0.0,0.0,0.0,0.0,0.0,0.0,100.0,UNKNOWN,1,0.0,0.0,0.0,0.0,0.0,0.0,100.0,UNKNOWN,1,0.0,0.0,0.0,0.0,0.0,0.0,100.0,UNKNOWN,1,9.685040473937988,IDLE,0.0
1779451781.1836953,0.0,0.0,1.0,0.0,0.0,0.0,100.0,DISARMED,1,0.0,0.0,0.0,0.0,0.0,0.0,100.0,UNKNOWN,1,0.0,0.0,0.0,0.0,0.0,0.0,100.0,UNKNOWN,1,0.0,0.0,0.0,0.0,0.0,0.0,100.0,UNKNOWN,1,0.0,0.0,0.0,0.0,0.0,0.0,100.0,UNKNOWN,1,9.685040473937988,IDLE,0.0
1779451781.4097977,0.0,0.0,1.0,0.0,0.0,0.0,100.0,DISARMED,1,0.0,0.0,0.0,0.0,0.0,0.0,100.0,UNKNOWN,1,0.0,0.0,0.0,0.0,0.0,0.0,100.0,UNKNOWN,1,0.0,0.0,0.0,0.0,0.0,0.0,100.0,UNKNOWN,1,0.0,0.0,0.0,0.0,0.0,0.0,100.0,UNKNOWN,1,9.685040473937988,IDLE,0.0
1779451781.5715878,0.0,0.0,1.0,0.0,0.0,0.0,100.0,DISARMED,1,0.0,0.0,0.0,0.0,0.0,0.0,100.0,UNKNOWN,1,0.0,0.0,0.0,0.0,0.0,0.0,100.0,UNKNOWN,1,0.0,0.0,0.0,0.0,0.0,0.0,100.0,UNKNOWN,1,0.0,0.0,0.0,0.0,0.0,0.0,100.0,UNKNOWN,1,9.685040473937988,IDLE,0.0
1779451781.739308,0.0,0.0,1.0,0.0,0.0,0.0,100.0,DISARMED,1,0.0,0.0,0.0,0.0,0.0,0.0,100.0,UNKNOWN,1,0.0,0.0,0.0,0.0,0.0,0.0,100.0,UNKNOWN,1,0.0,0.0,0.0,0.0,0.0,0.0,100.0,UNKNOWN,1,0.0,0.0,0.0,0.0,0.0,0.0,100.0,UNKNOWN,1,9.685040473937988,IDLE,0.0
1779451782.1794574,0.0,0.0,1.0,0.0,0.0,0.0,100.0,DISARMED,1,0.0,0.0,0.0,0.0,0.0,0.0,100.0,UNKNOWN,1,0.0,0.0,0.0,0.0,0.0,0.0,100.0,UNKNOWN,1,0.0,0.0,0.0,0.0,0.0,0.0,100.0,UNKNOWN,1,0.0,0.0,0.0,0.0,0.0,0.0,100.0,UNKNOWN,1,9.685040473937988,IDLE,0.0
1779451782.2504113,0.0,0.0,1.0,0.0,0.0,0.0,100.0,DISARMED,1,0.0,0.0,0.0,0.0,0.0,0.0,100.0,UNKNOWN,1,0.0,0.0,0.0,0.0,0.0,0.0,100.0,UNKNOWN,1,0.0,0.0,0.0,0.0,0.0,0.0,100.0,UNKNOWN,1,0.0,0.0,0.0,0.0,0.0,0.0,100.0,UNKNOWN,1,9.685040473937988,IDLE,0.0
1779451782.3201537,0.0,0.0,1.0,0.0,0.0,0.0,100.0,DISARMED,1,0.0,0.0,0.0,0.0,0.0,0.0,100.0,UNKNOWN,1,0.0,0.0,0.0,0.0,0.0,0.0,100.0,UNKNOWN,1,0.0,0.0,0.0,0.0,0.0,0.0,100.0,UNKNOWN,1,0.0,0.0,0.0,0.0,0.0,0.0,100.0,UNKNOWN,1,9.685040473937988,IDLE,0.0
1779451782.3974476,0.0,0.0,1.0,0.0,0.0,0.0,100.0,DISARMED,1,0.0,0.0,0.0,0.0,0.0,0.0,100.0,UNKNOWN,1,0.0,0.0,0.0,0.0,0.0,0.0,100.0,UNKNOWN,1,0.0,0.0,0.0,0.0,0.0,0.0,100.0,UNKNOWN,1,0.0,0.0,0.0,0.0,0.0,0.0,100.0,UNKNOWN,1,9.685040473937988,IDLE,0.0
1779451782.520569,0.0,0.0,1.0,0.0,0.0,0.0,100.0,DISARMED,1,0.0,0.0,0.0,0.0,0.0,0.0,100.0,UNKNOWN,1,0.0,0.0,0.0,0.0,0.0,0.0,100.0,UNKNOWN,1,0.0,0.0,0.0,0.0,0.0,0.0,100.0,UNKNOWN,1,0.0,0.0,0.0,0.0,0.0,0.0,100.0,UNKNOWN,1,9.685040473937988,IDLE,0.0
1779451782.6664822,0.0,0.0,1.0,0.0,0.0,0.0,100.0,DISARMED,1,0.0,0.0,0.0,0.0,0.0,0.0,100.0,UNKNOWN,1,0.0,0.0,0.0,0.0,0.0,0.0,100.0,UNKNOWN,1,0.0,0.0,0.0,0.0,0.0,0.0,100.0,UNKNOWN,1,0.0,0.0,0.0,0.0,0.0,0.0,100.0,UNKNOWN,1,9.685040473937988,IDLE,0.0
1779451783.1748621,0.0,0.0,1.0,0.0,0.0,0.0,100.0,DISARMED,1,0.0,0.0,0.0,0.0,0.0,0.0,100.0,UNKNOWN,1,0.0,0.0,0.0,0.0,0.0,0.0,100.0,UNKNOWN,1,0.0,0.0,0.0,0.0,0.0,0.0,100.0,UNKNOWN,1,0.0,0.0,0.0,0.0,0.0,0.0,100.0,UNKNOWN,1,9.685040473937988,IDLE,0.0
1779451783.346796,0.0,0.0,1.0,0.0,0.0,0.0,100.0,DISARMED,1,0.0,0.0,0.0,0.0,0.0,0.0,100.0,UNKNOWN,1,0.0,0.0,0.0,0.0,0.0,0.0,100.0,UNKNOWN,1,0.0,0.0,0.0,0.0,0.0,0.0,100.0,UNKNOWN,1,0.0,0.0,0.0,0.0,0.0,0.0,100.0,UNKNOWN,1,9.685040473937988,IDLE,0.0
1779451783.5847712,0.0,0.0,1.0,0.0,0.0,0.0,100.0,DISARMED,1,0.0,0.0,0.0,0.0,0.0,0.0,100.0,UNKNOWN,1,0.0,0.0,0.0,0.0,0.0,0.0,100.0,UNKNOWN,1,0.0,0.0,0.0,0.0,0.0,0.0,100.0,UNKNOWN,1,0.0,0.0,0.0,0.0,0.0,0.0,100.0,UNKNOWN,1,9.685040473937988,IDLE,0.0
1779451783.693766,0.0,0.0,1.0,0.0,0.0,0.0,100.0,DISARMED,1,0.0,0.0,0.0,0.0,0.0,0.0,100.0,UNKNOWN,1,0.0,0.0,0.0,0.0,0.0,0.0,100.0,UNKNOWN,1,0.0,0.0,0.0,0.0,0.0,0.0,100.0,UNKNOWN,1,0.0,0.0,0.0,0.0,0.0,0.0,100.0,UNKNOWN,1,9.685040473937988,IDLE,0.0
1779451784.0389724,0.0,0.0,1.0,0.0,0.0,0.0,100.0,DISARMED,1,0.0,0.0,0.0,0.0,0.0,0.0,100.0,UNKNOWN,1,0.0,0.0,0.0,0.0,0.0,0.0,100.0,UNKNOWN,1,0.0,0.0,0.0,0.0,0.0,0.0,100.0,UNKNOWN,1,0.0,0.0,0.0,0.0,0.0,0.0,100.0,UNKNOWN,1,9.685040473937988,IDLE,0.0
1779451784.1403856,0.0,0.0,1.0,0.0,0.0,0.0,100.0,DISARMED,1,0.0,0.0,0.0,0.0,0.0,0.0,100.0,UNKNOWN,1,0.0,0.0,0.0,0.0,0.0,0.0,100.0,UNKNOWN,1,0.0,0.0,0.0,0.0,0.0,0.0,100.0,UNKNOWN,1,0.0,0.0,0.0,0.0,0.0,0.0,100.0,UNKNOWN,1,9.685040473937988,IDLE,0.0
1779451784.28426,0.0,0.0,1.0,0.0,0.0,0.0,100.0,DISARMED,1,0.0,0.0,0.0,0.0,0.0,0.0,100.0,UNKNOWN,1,0.0,0.0,0.0,0.0,0.0,0.0,100.0,UNKNOWN,1,0.0,0.0,0.0,0.0,0.0,0.0,100.0,UNKNOWN,1,0.0,0.0,0.0,0.0,0.0,0.0,100.0,UNKNOWN,1,9.685040473937988,IDLE,0.0
1779451784.3275857,0.0,0.0,1.0,0.0,0.0,0.0,100.0,DISARMED,1,0.0,0.0,0.0,0.0,0.0,0.0,100.0,UNKNOWN,1,0.0,0.0,0.0,0.0,0.0,0.0,100.0,UNKNOWN,1,0.0,0.0,0.0,0.0,0.0,0.0,100.0,UNKNOWN,1,0.0,0.0,0.0,0.0,0.0,0.0,100.0,UNKNOWN,1,9.685040473937988,IDLE,0.0
1779451784.4006858,0.0,0.0,1.0,0.0,0.0,0.0,100.0,DISARMED,1,0.0,0.0,0.0,0.0,0.0,0.0,100.0,UNKNOWN,1,0.0,0.0,0.0,0.0,0.0,0.0,100.0,UNKNOWN,1,0.0,0.0,0.0,0.0,0.0,0.0,100.0,UNKNOWN,1,0.0,0.0,0.0,0.0,0.0,0.0,100.0,UNKNOWN,1,9.685040473937988,IDLE,0.0
1779451784.5686884,0.0,0.0,1.0,0.0,0.0,0.0,100.0,DISARMED,1,0.0,0.0,0.0,0.0,0.0,0.0,100.0,UNKNOWN,1,0.0,0.0,0.0,0.0,0.0,0.0,100.0,UNKNOWN,1,0.0,0.0,0.0,0.0,0.0,0.0,100.0,UNKNOWN,1,0.0,0.0,0.0,0.0,0.0,0.0,100.0,UNKNOWN,1,9.685040473937988,IDLE,0.0
1779451784.9970963,0.0,0.0,1.0,0.0,0.0,0.0,100.0,DISARMED,1,0.0,0.0,0.0,0.0,0.0,0.0,100.0,UNKNOWN,1,0.0,0.0,0.0,0.0,0.0,0.0,100.0,UNKNOWN,1,0.0,0.0,0.0,0.0,0.0,0.0,100.0,UNKNOWN,1,0.0,0.0,0.0,0.0,0.0,0.0,100.0,UNKNOWN,1,9.685040473937988,IDLE,0.0
1779451785.112507,0.0,0.0,1.0,0.0,0.0,0.0,100.0,DISARMED,1,0.0,0.0,0.0,0.0,0.0,0.0,100.0,UNKNOWN,1,0.0,0.0,0.0,0.0,0.0,0.0,100.0,UNKNOWN,1,0.0,0.0,0.0,0.0,0.0,0.0,100.0,UNKNOWN,1,0.0,0.0,0.0,0.0,0.0,0.0,100.0,UNKNOWN,1,9.685040473937988,IDLE,0.0
1779451785.4335816,0.0,0.0,1.0,0.0,0.0,0.0,100.0,DISARMED,1,0.0,0.0,0.0,0.0,0.0,0.0,100.0,UNKNOWN,1,0.0,0.0,0.0,0.0,0.0,0.0,100.0,UNKNOWN,1,0.0,0.0,0.0,0.0,0.0,0.0,100.0,UNKNOWN,1,0.0,0.0,0.0,0.0,0.0,0.0,100.0,UNKNOWN,1,9.685040473937988,IDLE,0.0
1779451785.5411777,0.0,0.0,1.0,0.0,0.0,0.0,100.0,DISARMED,1,0.0,0.0,0.0,0.0,0.0,0.0,100.0,UNKNOWN,1,0.0,0.0,0.0,0.0,0.0,0.0,100.0,UNKNOWN,1,0.0,0.0,0.0,0.0,0.0,0.0,100.0,UNKNOWN,1,0.0,0.0,0.0,0.0,0.0,0.0,100.0,UNKNOWN,1,9.685040473937988,IDLE,0.0
1779451785.5923507,0.0,0.0,1.0,0.0,0.0,0.0,100.0,DISARMED,1,0.0,0.0,0.0,0.0,0.0,0.0,100.0,UNKNOWN,1,0.0,0.0,0.0,0.0,0.0,0.0,100.0,UNKNOWN,1,0.0,0.0,0.0,0.0,0.0,0.0,100.0,UNKNOWN,1,0.0,0.0,0.0,0.0,0.0,0.0,100.0,UNKNOWN,1,9.685040473937988,IDLE,0.0
1779451785.6991925,0.0,0.0,1.0,0.0,0.0,0.0,100.0,DISARMED,1,0.0,0.0,0.0,0.0,0.0,0.0,100.0,UNKNOWN,1,0.0,0.0,0.0,0.0,0.0,0.0,100.0,UNKNOWN,1,0.0,0.0,0.0,0.0,0.0,0.0,100.0,UNKNOWN,1,0.0,0.0,0.0,0.0,0.0,0.0,100.0,UNKNOWN,1,9.685040473937988,IDLE,0.0
1779451786.1032813,0.0,0.0,1.0,0.0,0.0,0.0,100.0,DISARMED,1,0.0,0.0,0.0,0.0,0.0,0.0,100.0,UNKNOWN,1,0.0,0.0,0.0,0.0,0.0,0.0,100.0,UNKNOWN,1,0.0,0.0,0.0,0.0,0.0,0.0,100.0,UNKNOWN,1,0.0,0.0,0.0,0.0,0.0,0.0,100.0,UNKNOWN,1,9.685040473937988,IDLE,0.0
1779451786.223916,0.0,0.0,1.0,0.0,0.0,0.0,100.0,DISARMED,1,0.0,0.0,0.0,0.0,0.0,0.0,100.0,UNKNOWN,1,0.0,0.0,0.0,0.0,0.0,0.0,100.0,UNKNOWN,1,0.0,0.0,0.0,0.0,0.0,0.0,100.0,UNKNOWN,1,0.0,0.0,0.0,0.0,0.0,0.0,100.0,UNKNOWN,1,9.685040473937988,IDLE,0.0
1779451786.3504732,0.0,0.0,1.0,0.0,0.0,0.0,100.0,DISARMED,1,0.0,0.0,0.0,0.0,0.0,0.0,100.0,UNKNOWN,1,0.0,0.0,0.0,0.0,0.0,0.0,100.0,UNKNOWN,1,0.0,0.0,0.0,0.0,0.0,0.0,100.0,UNKNOWN,1,0.0,0.0,0.0,0.0,0.0,0.0,100.0,UNKNOWN,1,9.685040473937988,IDLE,0.0
1779451786.4956253,0.0,0.0,1.0,0.0,0.0,0.0,100.0,DISARMED,1,0.0,0.0,0.0,0.0,0.0,0.0,100.0,UNKNOWN,1,0.0,0.0,0.0,0.0,0.0,0.0,100.0,UNKNOWN,1,0.0,0.0,0.0,0.0,0.0,0.0,100.0,UNKNOWN,1,0.0,0.0,0.0,0.0,0.0,0.0,100.0,UNKNOWN,1,9.685040473937988,IDLE,0.0
1779451786.6635118,0.0,0.0,1.0,0.0,0.0,0.0,100.0,DISARMED,1,0.0,0.0,0.0,0.0,0.0,0.0,100.0,UNKNOWN,1,0.0,0.0,0.0,0.0,0.0,0.0,100.0,UNKNOWN,1,0.0,0.0,0.0,0.0,0.0,0.0,100.0,UNKNOWN,1,0.0,0.0,0.0,0.0,0.0,0.0,100.0,UNKNOWN,1,9.685040473937988,IDLE,0.0
1779451786.7223475,0.0,0.0,1.0,0.0,0.0,0.0,100.0,DISARMED,1,0.0,0.0,0.0,0.0,0.0,0.0,100.0,UNKNOWN,1,0.0,0.0,0.0,0.0,0.0,0.0,100.0,UNKNOWN,1,0.0,0.0,0.0,0.0,0.0,0.0,100.0,UNKNOWN,1,0.0,0.0,0.0,0.0,0.0,0.0,100.0,UNKNOWN,1,9.685040473937988,IDLE,0.0
1779451786.893042,0.0,0.0,1.0,0.0,0.0,0.0,100.0,DISARMED,1,0.0,0.0,0.0,0.0,0.0,0.0,100.0,UNKNOWN,1,0.0,0.0,0.0,0.0,0.0,0.0,100.0,UNKNOWN,1,0.0,0.0,0.0,0.0,0.0,0.0,100.0,UNKNOWN,1,0.0,0.0,0.0,0.0,0.0,0.0,100.0,UNKNOWN,1,9.685040473937988,IDLE,0.0
1779451787.0510406,0.0,0.0,1.0,0.0,0.0,0.0,100.0,DISARMED,1,0.0,0.0,0.0,0.0,0.0,0.0,100.0,UNKNOWN,1,0.0,0.0,0.0,0.0,0.0,0.0,100.0,UNKNOWN,1,0.0,0.0,0.0,0.0,0.0,0.0,100.0,UNKNOWN,1,0.0,0.0,0.0,0.0,0.0,0.0,100.0,UNKNOWN,1,9.685040473937988,IDLE,0.0
1779451787.2581391,0.0,0.0,1.0,0.0,0.0,0.0,100.0,DISARMED,1,0.0,0.0,0.0,0.0,0.0,0.0,100.0,UNKNOWN,1,0.0,0.0,0.0,0.0,0.0,0.0,100.0,UNKNOWN,1,0.0,0.0,0.0,0.0,0.0,0.0,100.0,UNKNOWN,1,0.0,0.0,0.0,0.0,0.0,0.0,100.0,UNKNOWN,1,9.685040473937988,IDLE,0.0
1779451787.3334107,0.0,0.0,1.0,0.0,0.0,0.0,100.0,DISARMED,1,0.0,0.0,0.0,0.0,0.0,0.0,100.0,UNKNOWN,1,0.0,0.0,0.0,0.0,0.0,0.0,100.0,UNKNOWN,1,0.0,0.0,0.0,0.0,0.0,0.0,100.0,UNKNOWN,1,0.0,0.0,0.0,0.0,0.0,0.0,100.0,UNKNOWN,1,9.685040473937988,IDLE,0.0
1779451787.3915431,0.0,0.0,1.0,0.0,0.0,0.0,100.0,DISARMED,1,0.0,0.0,0.0,0.0,0.0,0.0,100.0,UNKNOWN,1,0.0,0.0,0.0,0.0,0.0,0.0,100.0,UNKNOWN,1,0.0,0.0,0.0,0.0,0.0,0.0,100.0,UNKNOWN,1,0.0,0.0,0.0,0.0,0.0,0.0,100.0,UNKNOWN,1,9.685040473937988,IDLE,0.0
1779451787.5220852,0.0,0.0,1.0,0.0,0.0,0.0,100.0,DISARMED,1,0.0,0.0,0.0,0.0,0.0,0.0,100.0,UNKNOWN,1,0.0,0.0,0.0,0.0,0.0,0.0,100.0,UNKNOWN,1,0.0,0.0,0.0,0.0,0.0,0.0,100.0,UNKNOWN,1,0.0,0.0,0.0,0.0,0.0,0.0,100.0,UNKNOWN,1,9.685040473937988,IDLE,0.0
1779451787.638112,0.0,0.0,1.0,0.0,0.0,0.0,100.0,DISARMED,1,0.0,0.0,0.0,0.0,0.0,0.0,100.0,UNKNOWN,1,0.0,0.0,0.0,0.0,0.0,0.0,100.0,UNKNOWN,1,0.0,0.0,0.0,0.0,0.0,0.0,100.0,UNKNOWN,1,0.0,0.0,0.0,0.0,0.0,0.0,100.0,UNKNOWN,1,9.685040473937988,IDLE,0.0
1779451787.7251737,0.0,0.0,1.0,0.0,0.0,0.0,100.0,DISARMED,1,0.0,0.0,0.0,0.0,0.0,0.0,100.0,UNKNOWN,1,0.0,0.0,0.0,0.0,0.0,0.0,100.0,UNKNOWN,1,0.0,0.0,0.0,0.0,0.0,0.0,100.0,UNKNOWN,1,0.0,0.0,0.0,0.0,0.0,0.0,100.0,UNKNOWN,1,9.685040473937988,IDLE,0.0
1779451788.0525808,0.0,0.0,1.0,0.0,0.0,0.0,100.0,DISARMED,1,0.0,0.0,0.0,0.0,0.0,0.0,100.0,UNKNOWN,1,0.0,0.0,0.0,0.0,0.0,0.0,100.0,UNKNOWN,1,0.0,0.0,0.0,0.0,0.0,0.0,100.0,UNKNOWN,1,0.0,0.0,0.0,0.0,0.0,0.0,100.0,UNKNOWN,1,9.685040473937988,IDLE,0.0
1779451788.1458778,0.0,0.0,1.0,0.0,0.0,0.0,100.0,DISARMED,1,0.0,0.0,0.0,0.0,0.0,0.0,100.0,UNKNOWN,1,0.0,0.0,0.0,0.0,0.0,0.0,100.0,UNKNOWN,1,0.0,0.0,0.0,0.0,0.0,0.0,100.0,UNKNOWN,1,0.0,0.0,0.0,0.0,0.0,0.0,100.0,UNKNOWN,1,9.685040473937988,IDLE,0.0
1779451788.1878095,0.0,0.0,1.0,0.0,0.0,0.0,100.0,DISARMED,1,0.0,0.0,0.0,0.0,0.0,0.0,100.0,UNKNOWN,1,0.0,0.0,0.0,0.0,0.0,0.0,100.0,UNKNOWN,1,0.0,0.0,0.0,0.0,0.0,0.0,100.0,UNKNOWN,1,0.0,0.0,0.0,0.0,0.0,0.0,100.0,UNKNOWN,1,9.685040473937988,IDLE,0.0
1779451788.2953537,0.0,0.0,1.0,0.0,0.0,0.0,100.0,DISARMED,1,0.0,0.0,0.0,0.0,0.0,0.0,100.0,UNKNOWN,1,0.0,0.0,0.0,0.0,0.0,0.0,100.0,UNKNOWN,1,0.0,0.0,0.0,0.0,0.0,0.0,100.0,UNKNOWN,1,0.0,0.0,0.0,0.0,0.0,0.0,100.0,UNKNOWN,1,9.685040473937988,IDLE,0.0
1779451788.3887444,0.0,0.0,1.0,0.0,0.0,0.0,100.0,DISARMED,1,0.0,0.0,0.0,0.0,0.0,0.0,100.0,UNKNOWN,1,0.0,0.0,0.0,0.0,0.0,0.0,100.0,UNKNOWN,1,0.0,0.0,0.0,0.0,0.0,0.0,100.0,UNKNOWN,1,0.0,0.0,0.0,0.0,0.0,0.0,100.0,UNKNOWN,1,9.685040473937988,IDLE,0.0
1779451788.5954287,0.0,0.0,1.0,0.0,0.0,0.0,100.0,DISARMED,1,0.0,0.0,0.0,0.0,0.0,0.0,100.0,UNKNOWN,1,0.0,0.0,0.0,0.0,0.0,0.0,100.0,UNKNOWN,1,0.0,0.0,0.0,0.0,0.0,0.0,100.0,UNKNOWN,1,0.0,0.0,0.0,0.0,0.0,0.0,100.0,UNKNOWN,1,9.685040473937988,IDLE,0.0
1779451788.770103,0.0,0.0,1.0,0.0,0.0,0.0,100.0,DISARMED,1,0.0,0.0,0.0,0.0,0.0,0.0,100.0,UNKNOWN,1,0.0,0.0,0.0,0.0,0.0,0.0,100.0,UNKNOWN,1,0.0,0.0,0.0,0.0,0.0,0.0,100.0,UNKNOWN,1,0.0,0.0,0.0,0.0,0.0,0.0,100.0,UNKNOWN,1,9.685040473937988,IDLE,0.0
1779451788.973147,0.0,0.0,1.0,0.0,0.0,0.0,100.0,DISARMED,1,0.0,0.0,0.0,0.0,0.0,0.0,100.0,UNKNOWN,1,0.0,0.0,0.0,0.0,0.0,0.0,100.0,UNKNOWN,1,0.0,0.0,0.0,0.0,0.0,0.0,100.0,UNKNOWN,1,0.0,0.0,0.0,0.0,0.0,0.0,100.0,UNKNOWN,1,9.685040473937988,IDLE,0.0
1779451789.1442962,0.0,0.0,1.0,0.0,0.0,0.0,100.0,DISARMED,1,0.0,0.0,0.0,0.0,0.0,0.0,100.0,UNKNOWN,1,0.0,0.0,0.0,0.0,0.0,0.0,100.0,UNKNOWN,1,0.0,0.0,0.0,0.0,0.0,0.0,100.0,UNKNOWN,1,0.0,0.0,0.0,0.0,0.0,0.0,100.0,UNKNOWN,1,9.685040473937988,IDLE,0.0
1779451789.2432854,0.0,0.0,1.0,0.0,0.0,0.0,100.0,DISARMED,1,0.0,0.0,0.0,0.0,0.0,0.0,100.0,UNKNOWN,1,0.0,0.0,0.0,0.0,0.0,0.0,100.0,UNKNOWN,1,0.0,0.0,0.0,0.0,0.0,0.0,100.0,UNKNOWN,1,0.0,0.0,0.0,0.0,0.0,0.0,100.0,UNKNOWN,1,9.685040473937988,IDLE,0.0
1779451789.31863,0.0,0.0,1.0,0.0,0.0,0.0,100.0,DISARMED,1,0.0,0.0,0.0,0.0,0.0,0.0,100.0,UNKNOWN,1,0.0,0.0,0.0,0.0,0.0,0.0,100.0,UNKNOWN,1,0.0,0.0,0.0,0.0,0.0,0.0,100.0,UNKNOWN,1,0.0,0.0,0.0,0.0,0.0,0.0,100.0,UNKNOWN,1,9.685040473937988,IDLE,0.0
1779451789.4231358,0.0,0.0,1.0,0.0,0.0,0.0,100.0,DISARMED,1,0.0,0.0,0.0,0.0,0.0,0.0,100.0,UNKNOWN,1,0.0,0.0,0.0,0.0,0.0,0.0,100.0,UNKNOWN,1,0.0,0.0,0.0,0.0,0.0,0.0,100.0,UNKNOWN,1,0.0,0.0,0.0,0.0,0.0,0.0,100.0,UNKNOWN,1,9.685040473937988,IDLE,0.0
1779451789.507133,0.0,0.0,1.0,0.0,0.0,0.0,100.0,DISARMED,1,0.0,0.0,0.0,0.0,0.0,0.0,100.0,UNKNOWN,1,0.0,0.0,0.0,0.0,0.0,0.0,100.0,UNKNOWN,1,0.0,0.0,0.0,0.0,0.0,0.0,100.0,UNKNOWN,1,0.0,0.0,0.0,0.0,0.0,0.0,100.0,UNKNOWN,1,9.685040473937988,IDLE,0.0
1779451789.5951416,0.0,0.0,1.0,0.0,0.0,0.0,100.0,DISARMED,1,0.0,0.0,0.0,0.0,0.0,0.0,100.0,UNKNOWN,1,0.0,0.0,0.0,0.0,0.0,0.0,100.0,UNKNOWN,1,0.0,0.0,0.0,0.0,0.0,0.0,100.0,UNKNOWN,1,0.0,0.0,0.0,0.0,0.0,0.0,100.0,UNKNOWN,1,9.685040473937988,IDLE,0.0
1779451789.717474,0.0,0.0,1.0,0.0,0.0,0.0,100.0,DISARMED,1,0.0,0.0,0.0,0.0,0.0,0.0,100.0,UNKNOWN,1,0.0,0.0,0.0,0.0,0.0,0.0,100.0,UNKNOWN,1,0.0,0.0,0.0,0.0,0.0,0.0,100.0,UNKNOWN,1,0.0,0.0,0.0,0.0,0.0,0.0,100.0,UNKNOWN,1,9.685040473937988,IDLE,0.0
1779451789.9939406,0.0,0.0,1.0,0.0,0.0,0.0,100.0,DISARMED,1,0.0,0.0,0.0,0.0,0.0,0.0,100.0,UNKNOWN,1,0.0,0.0,0.0,0.0,0.0,0.0,100.0,UNKNOWN,1,0.0,0.0,0.0,0.0,0.0,0.0,100.0,UNKNOWN,1,0.0,0.0,0.0,0.0,0.0,0.0,100.0,UNKNOWN,1,9.685040473937988,IDLE,0.0
1779451790.0946329,0.0,0.0,1.0,0.0,0.0,0.0,100.0,DISARMED,1,0.0,0.0,0.0,0.0,0.0,0.0,100.0,UNKNOWN,1,0.0,0.0,0.0,0.0,0.0,0.0,100.0,UNKNOWN,1,0.0,0.0,0.0,0.0,0.0,0.0,100.0,UNKNOWN,1,0.0,0.0,0.0,0.0,0.0,0.0,100.0,UNKNOWN,1,9.685040473937988,IDLE,0.0
1779451790.1908169,0.0,0.0,1.0,0.0,0.0,0.0,100.0,DISARMED,1,0.0,0.0,0.0,0.0,0.0,0.0,100.0,UNKNOWN,1,0.0,0.0,0.0,0.0,0.0,0.0,100.0,UNKNOWN,1,0.0,0.0,0.0,0.0,0.0,0.0,100.0,UNKNOWN,1,0.0,0.0,0.0,0.0,0.0,0.0,100.0,UNKNOWN,1,9.685040473937988,IDLE,0.0
1779451790.2963498,0.0,0.0,1.0,0.0,0.0,0.0,100.0,DISARMED,1,0.0,0.0,0.0,0.0,0.0,0.0,100.0,UNKNOWN,1,0.0,0.0,0.0,0.0,0.0,0.0,100.0,UNKNOWN,1,0.0,0.0,0.0,0.0,0.0,0.0,100.0,UNKNOWN,1,0.0,0.0,0.0,0.0,0.0,0.0,100.0,UNKNOWN,1,9.685040473937988,IDLE,0.0
1779451790.3932395,0.0,0.0,1.0,0.0,0.0,0.0,100.0,DISARMED,1,0.0,0.0,0.0,0.0,0.0,0.0,100.0,UNKNOWN,1,0.0,0.0,0.0,0.0,0.0,0.0,100.0,UNKNOWN,1,0.0,0.0,0.0,0.0,0.0,0.0,100.0,UNKNOWN,1,0.0,0.0,0.0,0.0,0.0,0.0,100.0,UNKNOWN,1,9.685040473937988,IDLE,0.0
1779451790.5020509,0.0,0.0,1.0,0.0,0.0,0.0,100.0,DISARMED,1,0.0,0.0,0.0,0.0,0.0,0.0,100.0,UNKNOWN,1,0.0,0.0,0.0,0.0,0.0,0.0,100.0,UNKNOWN,1,0.0,0.0,0.0,0.0,0.0,0.0,100.0,UNKNOWN,1,0.0,0.0,0.0,0.0,0.0,0.0,100.0,UNKNOWN,1,9.685040473937988,IDLE,0.0
1779451790.5885773,0.0,0.0,1.0,0.0,0.0,0.0,100.0,DISARMED,1,0.0,0.0,0.0,0.0,0.0,0.0,100.0,UNKNOWN,1,0.0,0.0,0.0,0.0,0.0,0.0,100.0,UNKNOWN,1,0.0,0.0,0.0,0.0,0.0,0.0,100.0,UNKNOWN,1,0.0,0.0,0.0,0.0,0.0,0.0,100.0,UNKNOWN,1,9.685040473937988,IDLE,0.0
1779451790.7492902,0.0,0.0,1.0,0.0,0.0,0.0,100.0,DISARMED,1,0.0,0.0,0.0,0.0,0.0,0.0,100.0,UNKNOWN,1,0.0,0.0,0.0,0.0,0.0,0.0,100.0,UNKNOWN,1,0.0,0.0,0.0,0.0,0.0,0.0,100.0,UNKNOWN,1,0.0,0.0,0.0,0.0,0.0,0.0,100.0,UNKNOWN,1,9.685040473937988,IDLE,0.0
1779451791.1525557,0.0,0.0,1.0,0.0,0.0,0.0,100.0,DISARMED,1,0.0,0.0,0.0,0.0,0.0,0.0,100.0,UNKNOWN,1,0.0,0.0,0.0,0.0,0.0,0.0,100.0,UNKNOWN,1,0.0,0.0,0.0,0.0,0.0,0.0,100.0,UNKNOWN,1,0.0,0.0,0.0,0.0,0.0,0.0,100.0,UNKNOWN,1,9.685040473937988,IDLE,0.0
1779451791.197571,0.0,0.0,1.0,0.0,0.0,0.0,100.0,DISARMED,1,0.0,0.0,0.0,0.0,0.0,0.0,100.0,UNKNOWN,1,0.0,0.0,0.0,0.0,0.0,0.0,100.0,UNKNOWN,1,0.0,0.0,0.0,0.0,0.0,0.0,100.0,UNKNOWN,1,0.0,0.0,0.0,0.0,0.0,0.0,100.0,UNKNOWN,1,9.685040473937988,IDLE,0.0
1779451791.31746,0.0,0.0,1.0,0.0,0.0,0.0,100.0,DISARMED,1,0.0,0.0,0.0,0.0,0.0,0.0,100.0,UNKNOWN,1,0.0,0.0,0.0,0.0,0.0,0.0,100.0,UNKNOWN,1,0.0,0.0,0.0,0.0,0.0,0.0,100.0,UNKNOWN,1,0.0,0.0,0.0,0.0,0.0,0.0,100.0,UNKNOWN,1,9.685040473937988,IDLE,0.0
1779451791.4005992,0.0,0.0,1.0,0.0,0.0,0.0,100.0,DISARMED,1,0.0,0.0,0.0,0.0,0.0,0.0,100.0,UNKNOWN,1,0.0,0.0,0.0,0.0,0.0,0.0,100.0,UNKNOWN,1,0.0,0.0,0.0,0.0,0.0,0.0,100.0,UNKNOWN,1,0.0,0.0,0.0,0.0,0.0,0.0,100.0,UNKNOWN,1,9.685040473937988,IDLE,0.0
1779451791.489991,0.0,0.0,1.0,0.0,0.0,0.0,100.0,DISARMED,1,0.0,0.0,0.0,0.0,0.0,0.0,100.0,UNKNOWN,1,0.0,0.0,0.0,0.0,0.0,0.0,100.0,UNKNOWN,1,0.0,0.0,0.0,0.0,0.0,0.0,100.0,UNKNOWN,1,0.0,0.0,0.0,0.0,0.0,0.0,100.0,UNKNOWN,1,9.685040473937988,IDLE,0.0
1779451791.6073444,0.0,0.0,1.0,0.0,0.0,0.0,100.0,DISARMED,1,0.0,0.0,0.0,0.0,0.0,0.0,100.0,UNKNOWN,1,0.0,0.0,0.0,0.0,0.0,0.0,100.0,UNKNOWN,1,0.0,0.0,0.0,0.0,0.0,0.0,100.0,UNKNOWN,1,0.0,0.0,0.0,0.0,0.0,0.0,100.0,UNKNOWN,1,9.685040473937988,IDLE,0.0
1779451792.0952344,0.0,0.0,1.0,0.0,0.0,0.0,100.0,DISARMED,1,0.0,0.0,0.0,0.0,0.0,0.0,100.0,UNKNOWN,1,0.0,0.0,0.0,0.0,0.0,0.0,100.0,UNKNOWN,1,0.0,0.0,0.0,0.0,0.0,0.0,100.0,UNKNOWN,1,0.0,0.0,0.0,0.0,0.0,0.0,100.0,UNKNOWN,1,9.685040473937988,IDLE,0.0
1779451792.2719502,0.0,0.0,1.0,0.0,0.0,0.0,100.0,DISARMED,1,0.0,0.0,0.0,0.0,0.0,0.0,100.0,UNKNOWN,1,0.0,0.0,0.0,0.0,0.0,0.0,100.0,UNKNOWN,1,0.0,0.0,0.0,0.0,0.0,0.0,100.0,UNKNOWN,1,0.0,0.0,0.0,0.0,0.0,0.0,100.0,UNKNOWN,1,9.685040473937988,IDLE,0.0
1779451792.3133044,0.0,0.0,1.0,0.0,0.0,0.0,100.0,DISARMED,1,0.0,0.0,0.0,0.0,0.0,0.0,100.0,UNKNOWN,1,0.0,0.0,0.0,0.0,0.0,0.0,100.0,UNKNOWN,1,0.0,0.0,0.0,0.0,0.0,0.0,100.0,UNKNOWN,1,0.0,0.0,0.0,0.0,0.0,0.0,100.0,UNKNOWN,1,9.685040473937988,IDLE,0.0
1779451792.4102838,0.0,0.0,1.0,0.0,0.0,0.0,100.0,DISARMED,1,0.0,0.0,0.0,0.0,0.0,0.0,100.0,UNKNOWN,1,0.0,0.0,0.0,0.0,0.0,0.0,100.0,UNKNOWN,1,0.0,0.0,0.0,0.0,0.0,0.0,100.0,UNKNOWN,1,0.0,0.0,0.0,0.0,0.0,0.0,100.0,UNKNOWN,1,9.685040473937988,IDLE,0.0
1779451792.4940982,0.0,0.0,1.0,0.0,0.0,0.0,100.0,DISARMED,1,0.0,0.0,0.0,0.0,0.0,0.0,100.0,UNKNOWN,1,0.0,0.0,0.0,0.0,0.0,0.0,100.0,UNKNOWN,1,0.0,0.0,0.0,0.0,0.0,0.0,100.0,UNKNOWN,1,0.0,0.0,0.0,0.0,0.0,0.0,100.0,UNKNOWN,1,9.685040473937988,IDLE,0.0
1779451792.6101406,0.0,0.0,1.0,0.0,0.0,0.0,100.0,DISARMED,1,0.0,0.0,0.0,0.0,0.0,0.0,100.0,UNKNOWN,1,0.0,0.0,0.0,0.0,0.0,0.0,100.0,UNKNOWN,1,0.0,0.0,0.0,0.0,0.0,0.0,100.0,UNKNOWN,1,0.0,0.0,0.0,0.0,0.0,0.0,100.0,UNKNOWN,1,9.685040473937988,IDLE,0.0
1779451792.71287,0.0,0.0,1.0,0.0,0.0,0.0,100.0,DISARMED,1,0.0,0.0,0.0,0.0,0.0,0.0,100.0,UNKNOWN,1,0.0,0.0,0.0,0.0,0.0,0.0,100.0,UNKNOWN,1,0.0,0.0,0.0,0.0,0.0,0.0,100.0,UNKNOWN,1,0.0,0.0,0.0,0.0,0.0,0.0,100.0,UNKNOWN,1,9.685040473937988,IDLE,0.0
1779451792.99521,0.0,0.0,1.0,0.0,0.0,0.0,100.0,DISARMED,1,0.0,0.0,0.0,0.0,0.0,0.0,100.0,UNKNOWN,1,0.0,0.0,0.0,0.0,0.0,0.0,100.0,UNKNOWN,1,0.0,0.0,0.0,0.0,0.0,0.0,100.0,UNKNOWN,1,0.0,0.0,0.0,0.0,0.0,0.0,100.0,UNKNOWN,1,9.685040473937988,IDLE,0.0
1779451793.2995756,0.0,0.0,1.0,0.0,0.0,0.0,100.0,DISARMED,1,0.0,0.0,0.0,0.0,0.0,0.0,100.0,UNKNOWN,1,0.0,0.0,0.0,0.0,0.0,0.0,100.0,UNKNOWN,1,0.0,0.0,0.0,0.0,0.0,0.0,100.0,UNKNOWN,1,0.0,0.0,0.0,0.0,0.0,0.0,100.0,UNKNOWN,1,9.685040473937988,IDLE,0.0
1779451793.3313892,0.0,0.0,1.0,0.0,0.0,0.0,100.0,DISARMED,1,0.0,0.0,0.0,0.0,0.0,0.0,100.0,UNKNOWN,1,0.0,0.0,0.0,0.0,0.0,0.0,100.0,UNKNOWN,1,0.0,0.0,0.0,0.0,0.0,0.0,100.0,UNKNOWN,1,0.0,0.0,0.0,0.0,0.0,0.0,100.0,UNKNOWN,1,9.685040473937988,IDLE,0.0
1779451793.6989074,0.0,0.0,1.0,0.0,0.0,0.0,100.0,DISARMED,1,0.0,0.0,0.0,0.0,0.0,0.0,100.0,UNKNOWN,1,0.0,0.0,0.0,0.0,0.0,0.0,100.0,UNKNOWN,1,0.0,0.0,0.0,0.0,0.0,0.0,100.0,UNKNOWN,1,0.0,0.0,0.0,0.0,0.0,0.0,100.0,UNKNOWN,1,9.685040473937988,IDLE,0.0
1779451794.144383,0.0,0.0,1.0,0.0,0.0,0.0,100.0,DISARMED,1,0.0,0.0,0.0,0.0,0.0,0.0,100.0,UNKNOWN,1,0.0,0.0,0.0,0.0,0.0,0.0,100.0,UNKNOWN,1,0.0,0.0,0.0,0.0,0.0,0.0,100.0,UNKNOWN,1,0.0,0.0,0.0,0.0,0.0,0.0,100.0,UNKNOWN,1,9.685040473937988,IDLE,0.0
1779451794.2418706,0.0,0.0,1.0,0.0,0.0,0.0,100.0,DISARMED,1,0.0,0.0,0.0,0.0,0.0,0.0,100.0,UNKNOWN,1,0.0,0.0,0.0,0.0,0.0,0.0,100.0,UNKNOWN,1,0.0,0.0,0.0,0.0,0.0,0.0,100.0,UNKNOWN,1,0.0,0.0,0.0,0.0,0.0,0.0,100.0,UNKNOWN,1,9.685040473937988,IDLE,0.0
1779451794.3389857,0.0,0.0,1.0,0.0,0.0,0.0,100.0,DISARMED,1,0.0,0.0,0.0,0.0,0.0,0.0,100.0,UNKNOWN,1,0.0,0.0,0.0,0.0,0.0,0.0,100.0,UNKNOWN,1,0.0,0.0,0.0,0.0,0.0,0.0,100.0,UNKNOWN,1,0.0,0.0,0.0,0.0,0.0,0.0,100.0,UNKNOWN,1,9.685040473937988,IDLE,0.0
1779451794.6533842,0.0,0.0,1.0,0.0,0.0,0.0,100.0,DISARMED,1,0.0,0.0,0.0,0.0,0.0,0.0,100.0,UNKNOWN,1,0.0,0.0,0.0,0.0,0.0,0.0,100.0,UNKNOWN,1,0.0,0.0,0.0,0.0,0.0,0.0,100.0,UNKNOWN,1,0.0,0.0,0.0,0.0,0.0,0.0,100.0,UNKNOWN,1,9.685040473937988,IDLE,0.0
1779451794.7449148,0.0,0.0,1.0,0.0,0.0,0.0,100.0,DISARMED,1,0.0,0.0,0.0,0.0,0.0,0.0,100.0,UNKNOWN,1,0.0,0.0,0.0,0.0,0.0,0.0,100.0,UNKNOWN,1,0.0,0.0,0.0,0.0,0.0,0.0,100.0,UNKNOWN,1,0.0,0.0,0.0,0.0,0.0,0.0,100.0,UNKNOWN,1,9.685040473937988,IDLE,0.0
1779451795.147892,0.0,0.0,1.0,0.0,0.0,0.0,100.0,DISARMED,1,0.0,0.0,0.0,0.0,0.0,0.0,100.0,UNKNOWN,1,0.0,0.0,0.0,0.0,0.0,0.0,100.0,UNKNOWN,1,0.0,0.0,0.0,0.0,0.0,0.0,100.0,UNKNOWN,1,0.0,0.0,0.0,0.0,0.0,0.0,100.0,UNKNOWN,1,9.685040473937988,IDLE,0.0
1779451795.4146276,0.0,0.0,1.0,0.0,0.0,0.0,100.0,DISARMED,1,0.0,0.0,0.0,0.0,0.0,0.0,100.0,UNKNOWN,1,0.0,0.0,0.0,0.0,0.0,0.0,100.0,UNKNOWN,1,0.0,0.0,0.0,0.0,0.0,0.0,100.0,UNKNOWN,1,0.0,0.0,0.0,0.0,0.0,0.0,100.0,UNKNOWN,1,9.685040473937988,IDLE,0.0
1779451795.5862098,0.0,0.0,1.0,0.0,0.0,0.0,100.0,DISARMED,1,0.0,0.0,0.0,0.0,0.0,0.0,100.0,UNKNOWN,1,0.0,0.0,0.0,0.0,0.0,0.0,100.0,UNKNOWN,1,0.0,0.0,0.0,0.0,0.0,0.0,100.0,UNKNOWN,1,0.0,0.0,0.0,0.0,0.0,0.0,100.0,UNKNOWN,1,9.685040473937988,IDLE,0.0
1779451795.6885846,0.0,0.0,1.0,0.0,0.0,0.0,100.0,DISARMED,1,0.0,0.0,0.0,0.0,0.0,0.0,100.0,UNKNOWN,1,0.0,0.0,0.0,0.0,0.0,0.0,100.0,UNKNOWN,1,0.0,0.0,0.0,0.0,0.0,0.0,100.0,UNKNOWN,1,0.0,0.0,0.0,0.0,0.0,0.0,100.0,UNKNOWN,1,9.685040473937988,IDLE,0.0
1779451796.106441,0.0,0.0,1.0,0.0,0.0,0.0,100.0,DISARMED,1,0.0,0.0,0.0,0.0,0.0,0.0,100.0,UNKNOWN,1,0.0,0.0,0.0,0.0,0.0,0.0,100.0,UNKNOWN,1,0.0,0.0,0.0,0.0,0.0,0.0,100.0,UNKNOWN,1,0.0,0.0,0.0,0.0,0.0,0.0,100.0,UNKNOWN,1,9.685040473937988,IDLE,0.0
1779451796.2703698,0.0,0.0,1.0,0.0,0.0,0.0,100.0,DISARMED,1,0.0,0.0,0.0,0.0,0.0,0.0,100.0,UNKNOWN,1,0.0,0.0,0.0,0.0,0.0,0.0,100.0,UNKNOWN,1,0.0,0.0,0.0,0.0,0.0,0.0,100.0,UNKNOWN,1,0.0,0.0,0.0,0.0,0.0,0.0,100.0,UNKNOWN,1,9.685040473937988,IDLE,0.0
1779451796.3635051,0.0,0.0,1.0,0.0,0.0,0.0,100.0,DISARMED,1,0.0,0.0,0.0,0.0,0.0,0.0,100.0,UNKNOWN,1,0.0,0.0,0.0,0.0,0.0,0.0,100.0,UNKNOWN,1,0.0,0.0,0.0,0.0,0.0,0.0,100.0,UNKNOWN,1,0.0,0.0,0.0,0.0,0.0,0.0,100.0,UNKNOWN,1,9.685040473937988,IDLE,0.0
1779451796.515618,0.0,0.0,1.0,0.0,0.0,0.0,100.0,DISARMED,1,0.0,0.0,0.0,0.0,0.0,0.0,100.0,UNKNOWN,1,0.0,0.0,0.0,0.0,0.0,0.0,100.0,UNKNOWN,1,0.0,0.0,0.0,0.0,0.0,0.0,100.0,UNKNOWN,1,0.0,0.0,0.0,0.0,0.0,0.0,100.0,UNKNOWN,1,9.685040473937988,IDLE,0.0
1779451796.6044085,0.0,0.0,1.0,0.0,0.0,0.0,100.0,DISARMED,1,0.0,0.0,0.0,0.0,0.0,0.0,100.0,UNKNOWN,1,0.0,0.0,0.0,0.0,0.0,0.0,100.0,UNKNOWN,1,0.0,0.0,0.0,0.0,0.0,0.0,100.0,UNKNOWN,1,0.0,0.0,0.0,0.0,0.0,0.0,100.0,UNKNOWN,1,9.685040473937988,IDLE,0.0
1779451797.1935465,0.0,0.0,1.0,0.0,0.0,0.0,100.0,DISARMED,1,0.0,0.0,0.0,0.0,0.0,0.0,100.0,UNKNOWN,1,0.0,0.0,0.0,0.0,0.0,0.0,100.0,UNKNOWN,1,0.0,0.0,0.0,0.0,0.0,0.0,100.0,UNKNOWN,1,0.0,0.0,0.0,0.0,0.0,0.0,100.0,UNKNOWN,1,9.685040473937988,IDLE,0.0
1779451797.3239517,0.0,0.0,1.0,0.0,0.0,0.0,100.0,DISARMED,1,0.0,0.0,0.0,0.0,0.0,0.0,100.0,UNKNOWN,1,0.0,0.0,0.0,0.0,0.0,0.0,100.0,UNKNOWN,1,0.0,0.0,0.0,0.0,0.0,0.0,100.0,UNKNOWN,1,0.0,0.0,0.0,0.0,0.0,0.0,100.0,UNKNOWN,1,9.685040473937988,IDLE,0.0
1779451797.4082963,0.0,0.0,1.0,0.0,0.0,0.0,100.0,DISARMED,1,0.0,0.0,0.0,0.0,0.0,0.0,100.0,UNKNOWN,1,0.0,0.0,0.0,0.0,0.0,0.0,100.0,UNKNOWN,1,0.0,0.0,0.0,0.0,0.0,0.0,100.0,UNKNOWN,1,0.0,0.0,0.0,0.0,0.0,0.0,100.0,UNKNOWN,1,9.685040473937988,IDLE,0.0
1779451797.5202289,0.0,0.0,1.0,0.0,0.0,0.0,100.0,DISARMED,1,0.0,0.0,0.0,0.0,0.0,0.0,100.0,UNKNOWN,1,0.0,0.0,0.0,0.0,0.0,0.0,100.0,UNKNOWN,1,0.0,0.0,0.0,0.0,0.0,0.0,100.0,UNKNOWN,1,0.0,0.0,0.0,0.0,0.0,0.0,100.0,UNKNOWN,1,9.685040473937988,IDLE,0.0
1779451797.6382217,0.0,0.0,1.0,0.0,0.0,0.0,100.0,DISARMED,1,0.0,0.0,0.0,0.0,0.0,0.0,100.0,UNKNOWN,1,0.0,0.0,0.0,0.0,0.0,0.0,100.0,UNKNOWN,1,0.0,0.0,0.0,0.0,0.0,0.0,100.0,UNKNOWN,1,0.0,0.0,0.0,0.0,0.0,0.0,100.0,UNKNOWN,1,9.685040473937988,IDLE,0.0
1779451797.6883273,0.0,0.0,1.0,0.0,0.0,0.0,100.0,DISARMED,1,0.0,0.0,0.0,0.0,0.0,0.0,100.0,UNKNOWN,1,0.0,0.0,0.0,0.0,0.0,0.0,100.0,UNKNOWN,1,0.0,0.0,0.0,0.0,0.0,0.0,100.0,UNKNOWN,1,0.0,0.0,0.0,0.0,0.0,0.0,100.0,UNKNOWN,1,9.685040473937988,IDLE,0.0
1779451797.9895403,0.0,0.0,1.0,0.0,0.0,0.0,100.0,DISARMED,1,0.0,0.0,0.0,0.0,0.0,0.0,100.0,UNKNOWN,1,0.0,0.0,0.0,0.0,0.0,0.0,100.0,UNKNOWN,1,0.0,0.0,0.0,0.0,0.0,0.0,100.0,UNKNOWN,1,0.0,0.0,0.0,0.0,0.0,0.0,100.0,UNKNOWN,1,9.685040473937988,IDLE,0.0
1779451798.102728,0.0,0.0,1.0,0.0,0.0,0.0,100.0,DISARMED,1,0.0,0.0,0.0,0.0,0.0,0.0,100.0,UNKNOWN,1,0.0,0.0,0.0,0.0,0.0,0.0,100.0,UNKNOWN,1,0.0,0.0,0.0,0.0,0.0,0.0,100.0,UNKNOWN,1,0.0,0.0,0.0,0.0,0.0,0.0,100.0,UNKNOWN,1,9.685040473937988,IDLE,0.0
1779451798.2117934,0.0,0.0,1.0,0.0,0.0,0.0,100.0,DISARMED,1,0.0,0.0,0.0,0.0,0.0,0.0,100.0,UNKNOWN,1,0.0,0.0,0.0,0.0,0.0,0.0,100.0,UNKNOWN,1,0.0,0.0,0.0,0.0,0.0,0.0,100.0,UNKNOWN,1,0.0,0.0,0.0,0.0,0.0,0.0,100.0,UNKNOWN,1,9.685040473937988,IDLE,0.0
1779451798.289537,0.0,0.0,1.0,0.0,0.0,0.0,100.0,DISARMED,1,0.0,0.0,0.0,0.0,0.0,0.0,100.0,UNKNOWN,1,0.0,0.0,0.0,0.0,0.0,0.0,100.0,UNKNOWN,1,0.0,0.0,0.0,0.0,0.0,0.0,100.0,UNKNOWN,1,0.0,0.0,0.0,0.0,0.0,0.0,100.0,UNKNOWN,1,9.685040473937988,IDLE,0.0
1779451798.3854997,0.0,0.0,1.0,0.0,0.0,0.0,100.0,DISARMED,1,0.0,0.0,0.0,0.0,0.0,0.0,100.0,UNKNOWN,1,0.0,0.0,0.0,0.0,0.0,0.0,100.0,UNKNOWN,1,0.0,0.0,0.0,0.0,0.0,0.0,100.0,UNKNOWN,1,0.0,0.0,0.0,0.0,0.0,0.0,100.0,UNKNOWN,1,9.685040473937988,IDLE,0.0
1779451798.4992254,0.0,0.0,1.0,0.0,0.0,0.0,100.0,DISARMED,1,0.0,0.0,0.0,0.0,0.0,0.0,100.0,UNKNOWN,1,0.0,0.0,0.0,0.0,0.0,0.0,100.0,UNKNOWN,1,0.0,0.0,0.0,0.0,0.0,0.0,100.0,UNKNOWN,1,0.0,0.0,0.0,0.0,0.0,0.0,100.0,UNKNOWN,1,9.685040473937988,IDLE,0.0
1779451798.6245186,0.0,0.0,1.0,0.0,0.0,0.0,100.0,DISARMED,1,0.0,0.0,0.0,0.0,0.0,0.0,100.0,UNKNOWN,1,0.0,0.0,0.0,0.0,0.0,0.0,100.0,UNKNOWN,1,0.0,0.0,0.0,0.0,0.0,0.0,100.0,UNKNOWN,1,0.0,0.0,0.0,0.0,0.0,0.0,100.0,UNKNOWN,1,9.685040473937988,IDLE,0.0
1779451798.7778904,0.0,0.0,1.0,0.0,0.0,0.0,100.0,DISARMED,1,0.0,0.0,0.0,0.0,0.0,0.0,100.0,UNKNOWN,1,0.0,0.0,0.0,0.0,0.0,0.0,100.0,UNKNOWN,1,0.0,0.0,0.0,0.0,0.0,0.0,100.0,UNKNOWN,1,0.0,0.0,0.0,0.0,0.0,0.0,100.0,UNKNOWN,1,9.685040473937988,IDLE,0.0
1779451798.9842107,0.0,0.0,1.0,0.0,0.0,0.0,100.0,DISARMED,1,0.0,0.0,0.0,0.0,0.0,0.0,100.0,UNKNOWN,1,0.0,0.0,0.0,0.0,0.0,0.0,100.0,UNKNOWN,1,0.0,0.0,0.0,0.0,0.0,0.0,100.0,UNKNOWN,1,0.0,0.0,0.0,0.0,0.0,0.0,100.0,UNKNOWN,1,9.685040473937988,IDLE,0.0
1779451799.086063,0.0,0.0,1.0,0.0,0.0,0.0,100.0,DISARMED,1,0.0,0.0,0.0,0.0,0.0,0.0,100.0,UNKNOWN,1,0.0,0.0,0.0,0.0,0.0,0.0,100.0,UNKNOWN,1,0.0,0.0,0.0,0.0,0.0,0.0,100.0,UNKNOWN,1,0.0,0.0,0.0,0.0,0.0,0.0,100.0,UNKNOWN,1,9.685040473937988,IDLE,0.0
1779451799.213351,0.0,0.0,1.0,0.0,0.0,0.0,100.0,DISARMED,1,0.0,0.0,0.0,0.0,0.0,0.0,100.0,UNKNOWN,1,0.0,0.0,0.0,0.0,0.0,0.0,100.0,UNKNOWN,1,0.0,0.0,0.0,0.0,0.0,0.0,100.0,UNKNOWN,1,0.0,0.0,0.0,0.0,0.0,0.0,100.0,UNKNOWN,1,9.685040473937988,IDLE,0.0
1779451799.4815378,0.0,0.0,1.0,0.0,0.0,0.0,100.0,DISARMED,1,0.0,0.0,0.0,0.0,0.0,0.0,100.0,UNKNOWN,1,0.0,0.0,0.0,0.0,0.0,0.0,100.0,UNKNOWN,1,0.0,0.0,0.0,0.0,0.0,0.0,100.0,UNKNOWN,1,0.0,0.0,0.0,0.0,0.0,0.0,100.0,UNKNOWN,1,9.685040473937988,IDLE,0.0
1779451799.608495,0.0,0.0,1.0,0.0,0.0,0.0,100.0,DISARMED,1,0.0,0.0,0.0,0.0,0.0,0.0,100.0,UNKNOWN,1,0.0,0.0,0.0,0.0,0.0,0.0,100.0,UNKNOWN,1,0.0,0.0,0.0,0.0,0.0,0.0,100.0,UNKNOWN,1,0.0,0.0,0.0,0.0,0.0,0.0,100.0,UNKNOWN,1,9.685040473937988,IDLE,0.0
1779451799.768708,0.0,0.0,1.0,0.0,0.0,0.0,100.0,DISARMED,1,0.0,0.0,0.0,0.0,0.0,0.0,100.0,UNKNOWN,1,0.0,0.0,0.0,0.0,0.0,0.0,100.0,UNKNOWN,1,0.0,0.0,0.0,0.0,0.0,0.0,100.0,UNKNOWN,1,0.0,0.0,0.0,0.0,0.0,0.0,100.0,UNKNOWN,1,9.685040473937988,IDLE,0.0
1779451800.0134518,0.0,0.0,1.0,0.0,0.0,0.0,100.0,DISARMED,1,0.0,0.0,0.0,0.0,0.0,0.0,100.0,UNKNOWN,1,0.0,0.0,0.0,0.0,0.0,0.0,100.0,UNKNOWN,1,0.0,0.0,0.0,0.0,0.0,0.0,100.0,UNKNOWN,1,0.0,0.0,0.0,0.0,0.0,0.0,100.0,UNKNOWN,1,9.685040473937988,IDLE,0.0
1779451800.2199423,0.0,0.0,1.0,0.0,0.0,0.0,100.0,DISARMED,1,0.0,0.0,0.0,0.0,0.0,0.0,100.0,UNKNOWN,1,0.0,0.0,0.0,0.0,0.0,0.0,100.0,UNKNOWN,1,0.0,0.0,0.0,0.0,0.0,0.0,100.0,UNKNOWN,1,0.0,0.0,0.0,0.0,0.0,0.0,100.0,UNKNOWN,1,9.685040473937988,IDLE,0.0
1779451800.2851515,0.0,0.0,1.0,0.0,0.0,0.0,100.0,DISARMED,1,0.0,0.0,0.0,0.0,0.0,0.0,100.0,UNKNOWN,1,0.0,0.0,0.0,0.0,0.0,0.0,100.0,UNKNOWN,1,0.0,0.0,0.0,0.0,0.0,0.0,100.0,UNKNOWN,1,0.0,0.0,0.0,0.0,0.0,0.0,100.0,UNKNOWN,1,9.685040473937988,IDLE,0.0
1779451800.3967032,0.0,0.0,1.0,0.0,0.0,0.0,100.0,DISARMED,1,0.0,0.0,0.0,0.0,0.0,0.0,100.0,UNKNOWN,1,0.0,0.0,0.0,0.0,0.0,0.0,100.0,UNKNOWN,1,0.0,0.0,0.0,0.0,0.0,0.0,100.0,UNKNOWN,1,0.0,0.0,0.0,0.0,0.0,0.0,100.0,UNKNOWN,1,9.685040473937988,IDLE,0.0
1779451800.6182323,0.0,0.0,1.0,0.0,0.0,0.0,100.0,DISARMED,1,0.0,0.0,0.0,0.0,0.0,0.0,100.0,UNKNOWN,1,0.0,0.0,0.0,0.0,0.0,0.0,100.0,UNKNOWN,1,0.0,0.0,0.0,0.0,0.0,0.0,100.0,UNKNOWN,1,0.0,0.0,0.0,0.0,0.0,0.0,100.0,UNKNOWN,1,9.685040473937988,IDLE,0.0
1779451800.7827187,0.0,0.0,1.0,0.0,0.0,0.0,100.0,DISARMED,1,0.0,0.0,0.0,0.0,0.0,0.0,100.0,UNKNOWN,1,0.0,0.0,0.0,0.0,0.0,0.0,100.0,UNKNOWN,1,0.0,0.0,0.0,0.0,0.0,0.0,100.0,UNKNOWN,1,0.0,0.0,0.0,0.0,0.0,0.0,100.0,UNKNOWN,1,9.685040473937988,IDLE,0.0
1779451801.02823,0.0,0.0,1.0,0.0,0.0,0.0,100.0,DISARMED,1,0.0,0.0,0.0,0.0,0.0,0.0,100.0,UNKNOWN,1,0.0,0.0,0.0,0.0,0.0,0.0,100.0,UNKNOWN,1,0.0,0.0,0.0,0.0,0.0,0.0,100.0,UNKNOWN,1,0.0,0.0,0.0,0.0,0.0,0.0,100.0,UNKNOWN,1,9.685040473937988,IDLE,0.0
1779451801.141528,0.0,0.0,1.0,0.0,0.0,0.0,100.0,DISARMED,1,0.0,0.0,0.0,0.0,0.0,0.0,100.0,UNKNOWN,1,0.0,0.0,0.0,0.0,0.0,0.0,100.0,UNKNOWN,1,0.0,0.0,0.0,0.0,0.0,0.0,100.0,UNKNOWN,1,0.0,0.0,0.0,0.0,0.0,0.0,100.0,UNKNOWN,1,9.685040473937988,IDLE,0.0
1779451801.2832084,0.0,0.0,1.0,0.0,0.0,0.0,100.0,DISARMED,1,0.0,0.0,0.0,0.0,0.0,0.0,100.0,UNKNOWN,1,0.0,0.0,0.0,0.0,0.0,0.0,100.0,UNKNOWN,1,0.0,0.0,0.0,0.0,0.0,0.0,100.0,UNKNOWN,1,0.0,0.0,0.0,0.0,0.0,0.0,100.0,UNKNOWN,1,9.685040473937988,IDLE,0.0
1779451801.300219,0.0,0.0,1.0,0.0,0.0,0.0,100.0,DISARMED,1,0.0,0.0,0.0,0.0,0.0,0.0,100.0,UNKNOWN,1,0.0,0.0,0.0,0.0,0.0,0.0,100.0,UNKNOWN,1,0.0,0.0,0.0,0.0,0.0,0.0,100.0,UNKNOWN,1,0.0,0.0,0.0,0.0,0.0,0.0,100.0,UNKNOWN,1,9.685040473937988,IDLE,0.0
1779451801.3955936,0.0,0.0,1.0,0.0,0.0,0.0,100.0,DISARMED,1,0.0,0.0,0.0,0.0,0.0,0.0,100.0,UNKNOWN,1,0.0,0.0,0.0,0.0,0.0,0.0,100.0,UNKNOWN,1,0.0,0.0,0.0,0.0,0.0,0.0,100.0,UNKNOWN,1,0.0,0.0,0.0,0.0,0.0,0.0,100.0,UNKNOWN,1,9.685040473937988,IDLE,0.0
1779451801.486675,0.0,0.0,1.0,0.0,0.0,0.0,100.0,DISARMED,1,0.0,0.0,0.0,0.0,0.0,0.0,100.0,UNKNOWN,1,0.0,0.0,0.0,0.0,0.0,0.0,100.0,UNKNOWN,1,0.0,0.0,0.0,0.0,0.0,0.0,100.0,UNKNOWN,1,0.0,0.0,0.0,0.0,0.0,0.0,100.0,UNKNOWN,1,9.685040473937988,IDLE,0.0
1779451802.1771061,0.0,0.0,1.0,0.0,0.0,0.0,100.0,DISARMED,1,0.0,0.0,0.0,0.0,0.0,0.0,100.0,UNKNOWN,1,0.0,0.0,0.0,0.0,0.0,0.0,100.0,UNKNOWN,1,0.0,0.0,0.0,0.0,0.0,0.0,100.0,UNKNOWN,1,0.0,0.0,0.0,0.0,0.0,0.0,100.0,UNKNOWN,1,9.685040473937988,IDLE,0.0
1779451802.2127964,0.0,0.0,1.0,0.0,0.0,0.0,100.0,DISARMED,1,0.0,0.0,0.0,0.0,0.0,0.0,100.0,UNKNOWN,1,0.0,0.0,0.0,0.0,0.0,0.0,100.0,UNKNOWN,1,0.0,0.0,0.0,0.0,0.0,0.0,100.0,UNKNOWN,1,0.0,0.0,0.0,0.0,0.0,0.0,100.0,UNKNOWN,1,9.685040473937988,IDLE,0.0
1779451802.3165922,0.0,0.0,1.0,0.0,0.0,0.0,100.0,DISARMED,1,0.0,0.0,0.0,0.0,0.0,0.0,100.0,UNKNOWN,1,0.0,0.0,0.0,0.0,0.0,0.0,100.0,UNKNOWN,1,0.0,0.0,0.0,0.0,0.0,0.0,100.0,UNKNOWN,1,0.0,0.0,0.0,0.0,0.0,0.0,100.0,UNKNOWN,1,9.685040473937988,IDLE,0.0
1779451802.5155401,0.0,0.0,1.0,0.0,0.0,0.0,100.0,DISARMED,1,0.0,0.0,0.0,0.0,0.0,0.0,100.0,UNKNOWN,1,0.0,0.0,0.0,0.0,0.0,0.0,100.0,UNKNOWN,1,0.0,0.0,0.0,0.0,0.0,0.0,100.0,UNKNOWN,1,0.0,0.0,0.0,0.0,0.0,0.0,100.0,UNKNOWN,1,9.685040473937988,IDLE,0.0
1779451802.6971838,0.0,0.0,1.0,0.0,0.0,0.0,100.0,DISARMED,1,0.0,0.0,0.0,0.0,0.0,0.0,100.0,UNKNOWN,1,0.0,0.0,0.0,0.0,0.0,0.0,100.0,UNKNOWN,1,0.0,0.0,0.0,0.0,0.0,0.0,100.0,UNKNOWN,1,0.0,0.0,0.0,0.0,0.0,0.0,100.0,UNKNOWN,1,9.685040473937988,IDLE,0.0
1779451803.230352,0.0,0.0,1.0,0.0,0.0,0.0,100.0,DISARMED,1,0.0,0.0,0.0,0.0,0.0,0.0,100.0,UNKNOWN,1,0.0,0.0,0.0,0.0,0.0,0.0,100.0,UNKNOWN,1,0.0,0.0,0.0,0.0,0.0,0.0,100.0,UNKNOWN,1,0.0,0.0,0.0,0.0,0.0,0.0,100.0,UNKNOWN,1,9.685040473937988,IDLE,0.0
1779451803.3056083,0.0,0.0,1.0,0.0,0.0,0.0,100.0,DISARMED,1,0.0,0.0,0.0,0.0,0.0,0.0,100.0,UNKNOWN,1,0.0,0.0,0.0,0.0,0.0,0.0,100.0,UNKNOWN,1,0.0,0.0,0.0,0.0,0.0,0.0,100.0,UNKNOWN,1,0.0,0.0,0.0,0.0,0.0,0.0,100.0,UNKNOWN,1,9.685040473937988,IDLE,0.0
1779451803.3879006,0.0,0.0,1.0,0.0,0.0,0.0,100.0,DISARMED,1,0.0,0.0,0.0,0.0,0.0,0.0,100.0,UNKNOWN,1,0.0,0.0,0.0,0.0,0.0,0.0,100.0,UNKNOWN,1,0.0,0.0,0.0,0.0,0.0,0.0,100.0,UNKNOWN,1,0.0,0.0,0.0,0.0,0.0,0.0,100.0,UNKNOWN,1,9.685040473937988,IDLE,0.0
1779451803.4965677,0.0,0.0,1.0,0.0,0.0,0.0,100.0,DISARMED,1,0.0,0.0,0.0,0.0,0.0,0.0,100.0,UNKNOWN,1,0.0,0.0,0.0,0.0,0.0,0.0,100.0,UNKNOWN,1,0.0,0.0,0.0,0.0,0.0,0.0,100.0,UNKNOWN,1,0.0,0.0,0.0,0.0,0.0,0.0,100.0,UNKNOWN,1,9.685040473937988,IDLE,0.0
1779451803.6587496,0.0,0.0,1.0,0.0,0.0,0.0,100.0,DISARMED,1,0.0,0.0,0.0,0.0,0.0,0.0,100.0,UNKNOWN,1,0.0,0.0,0.0,0.0,0.0,0.0,100.0,UNKNOWN,1,0.0,0.0,0.0,0.0,0.0,0.0,100.0,UNKNOWN,1,0.0,0.0,0.0,0.0,0.0,0.0,100.0,UNKNOWN,1,9.685040473937988,IDLE,0.0
1779451803.7638478,0.0,0.0,1.0,0.0,0.0,0.0,100.0,DISARMED,1,0.0,0.0,0.0,0.0,0.0,0.0,100.0,UNKNOWN,1,0.0,0.0,0.0,0.0,0.0,0.0,100.0,UNKNOWN,1,0.0,0.0,0.0,0.0,0.0,0.0,100.0,UNKNOWN,1,0.0,0.0,0.0,0.0,0.0,0.0,100.0,UNKNOWN,1,9.685040473937988,IDLE,0.0
1779451803.98554,0.0,0.0,1.0,0.0,0.0,0.0,100.0,DISARMED,1,0.0,0.0,0.0,0.0,0.0,0.0,100.0,UNKNOWN,1,0.0,0.0,0.0,0.0,0.0,0.0,100.0,UNKNOWN,1,0.0,0.0,0.0,0.0,0.0,0.0,100.0,UNKNOWN,1,0.0,0.0,0.0,0.0,0.0,0.0,100.0,UNKNOWN,1,9.685040473937988,IDLE,0.0
1779451804.0965364,0.0,0.0,1.0,0.0,0.0,0.0,100.0,DISARMED,1,0.0,0.0,0.0,0.0,0.0,0.0,100.0,UNKNOWN,1,0.0,0.0,0.0,0.0,0.0,0.0,100.0,UNKNOWN,1,0.0,0.0,0.0,0.0,0.0,0.0,100.0,UNKNOWN,1,0.0,0.0,0.0,0.0,0.0,0.0,100.0,UNKNOWN,1,9.685040473937988,IDLE,0.0
1779451804.4051373,0.0,0.0,1.0,0.0,0.0,0.0,100.0,DISARMED,1,0.0,0.0,0.0,0.0,0.0,0.0,100.0,UNKNOWN,1,0.0,0.0,0.0,0.0,0.0,0.0,100.0,UNKNOWN,1,0.0,0.0,0.0,0.0,0.0,0.0,100.0,UNKNOWN,1,0.0,0.0,0.0,0.0,0.0,0.0,100.0,UNKNOWN,1,9.685040473937988,IDLE,0.0
1779451804.9966333,0.0,0.0,1.0,0.0,0.0,0.0,100.0,DISARMED,1,0.0,0.0,0.0,0.0,0.0,0.0,100.0,UNKNOWN,1,0.0,0.0,0.0,0.0,0.0,0.0,100.0,UNKNOWN,1,0.0,0.0,0.0,0.0,0.0,0.0,100.0,UNKNOWN,1,0.0,0.0,0.0,0.0,0.0,0.0,100.0,UNKNOWN,1,9.685040473937988,IDLE,0.0
1779451805.177219,0.0,0.0,1.0,0.0,0.0,0.0,100.0,DISARMED,1,0.0,0.0,0.0,0.0,0.0,0.0,100.0,UNKNOWN,1,0.0,0.0,0.0,0.0,0.0,0.0,100.0,UNKNOWN,1,0.0,0.0,0.0,0.0,0.0,0.0,100.0,UNKNOWN,1,0.0,0.0,0.0,0.0,0.0,0.0,100.0,UNKNOWN,1,9.685040473937988,IDLE,0.0
1779451805.3103883,0.0,0.0,1.0,0.0,0.0,0.0,100.0,DISARMED,1,0.0,0.0,0.0,0.0,0.0,0.0,100.0,UNKNOWN,1,0.0,0.0,0.0,0.0,0.0,0.0,100.0,UNKNOWN,1,0.0,0.0,0.0,0.0,0.0,0.0,100.0,UNKNOWN,1,0.0,0.0,0.0,0.0,0.0,0.0,100.0,UNKNOWN,1,9.685040473937988,IDLE,0.0
1779451805.4983258,0.0,0.0,1.0,0.0,0.0,0.0,100.0,DISARMED,1,0.0,0.0,0.0,0.0,0.0,0.0,100.0,UNKNOWN,1,0.0,0.0,0.0,0.0,0.0,0.0,100.0,UNKNOWN,1,0.0,0.0,0.0,0.0,0.0,0.0,100.0,UNKNOWN,1,0.0,0.0,0.0,0.0,0.0,0.0,100.0,UNKNOWN,1,9.685040473937988,IDLE,0.0
1779451806.1160486,0.0,0.0,1.0,0.0,0.0,0.0,100.0,DISARMED,1,0.0,0.0,0.0,0.0,0.0,0.0,100.0,UNKNOWN,1,0.0,0.0,0.0,0.0,0.0,0.0,100.0,UNKNOWN,1,0.0,0.0,0.0,0.0,0.0,0.0,100.0,UNKNOWN,1,0.0,0.0,0.0,0.0,0.0,0.0,100.0,UNKNOWN,1,9.685040473937988,IDLE,0.0
1779451806.2045445,0.0,0.0,1.0,0.0,0.0,0.0,100.0,DISARMED,1,0.0,0.0,0.0,0.0,0.0,0.0,100.0,UNKNOWN,1,0.0,0.0,0.0,0.0,0.0,0.0,100.0,UNKNOWN,1,0.0,0.0,0.0,0.0,0.0,0.0,100.0,UNKNOWN,1,0.0,0.0,0.0,0.0,0.0,0.0,100.0,UNKNOWN,1,9.685040473937988,IDLE,0.0
1779451806.292278,0.0,0.0,1.0,0.0,0.0,0.0,100.0,DISARMED,1,0.0,0.0,0.0,0.0,0.0,0.0,100.0,UNKNOWN,1,0.0,0.0,0.0,0.0,0.0,0.0,100.0,UNKNOWN,1,0.0,0.0,0.0,0.0,0.0,0.0,100.0,UNKNOWN,1,0.0,0.0,0.0,0.0,0.0,0.0,100.0,UNKNOWN,1,9.685040473937988,IDLE,0.0
1779451806.4716022,0.0,0.0,1.0,0.0,0.0,0.0,100.0,DISARMED,1,0.0,0.0,0.0,0.0,0.0,0.0,100.0,UNKNOWN,1,0.0,0.0,0.0,0.0,0.0,0.0,100.0,UNKNOWN,1,0.0,0.0,0.0,0.0,0.0,0.0,100.0,UNKNOWN,1,0.0,0.0,0.0,0.0,0.0,0.0,100.0,UNKNOWN,1,9.685040473937988,IDLE,0.0
1779451806.5673752,0.0,0.0,1.0,0.0,0.0,0.0,100.0,DISARMED,1,0.0,0.0,0.0,0.0,0.0,0.0,100.0,UNKNOWN,1,0.0,0.0,0.0,0.0,0.0,0.0,100.0,UNKNOWN,1,0.0,0.0,0.0,0.0,0.0,0.0,100.0,UNKNOWN,1,0.0,0.0,0.0,0.0,0.0,0.0,100.0,UNKNOWN,1,9.685040473937988,IDLE,0.0
1779451806.6089725,0.0,0.0,1.0,0.0,0.0,0.0,100.0,DISARMED,1,0.0,0.0,0.0,0.0,0.0,0.0,100.0,UNKNOWN,1,0.0,0.0,0.0,0.0,0.0,0.0,100.0,UNKNOWN,1,0.0,0.0,0.0,0.0,0.0,0.0,100.0,UNKNOWN,1,0.0,0.0,0.0,0.0,0.0,0.0,100.0,UNKNOWN,1,9.685040473937988,IDLE,0.0
1779451807.0107455,0.0,0.0,1.0,0.0,0.0,0.0,100.0,DISARMED,1,0.0,0.0,0.0,0.0,0.0,0.0,100.0,UNKNOWN,1,0.0,0.0,0.0,0.0,0.0,0.0,100.0,UNKNOWN,1,0.0,0.0,0.0,0.0,0.0,0.0,100.0,UNKNOWN,1,0.0,0.0,0.0,0.0,0.0,0.0,100.0,UNKNOWN,1,9.685040473937988,IDLE,0.0
1779451807.1044664,0.0,0.0,1.0,0.0,0.0,0.0,100.0,DISARMED,1,0.0,0.0,0.0,0.0,0.0,0.0,100.0,UNKNOWN,1,0.0,0.0,0.0,0.0,0.0,0.0,100.0,UNKNOWN,1,0.0,0.0,0.0,0.0,0.0,0.0,100.0,UNKNOWN,1,0.0,0.0,0.0,0.0,0.0,0.0,100.0,UNKNOWN,1,9.685040473937988,IDLE,0.0
1779451807.3058267,0.0,0.0,1.0,0.0,0.0,0.0,100.0,DISARMED,1,0.0,0.0,0.0,0.0,0.0,0.0,100.0,UNKNOWN,1,0.0,0.0,0.0,0.0,0.0,0.0,100.0,UNKNOWN,1,0.0,0.0,0.0,0.0,0.0,0.0,100.0,UNKNOWN,1,0.0,0.0,0.0,0.0,0.0,0.0,100.0,UNKNOWN,1,9.685040473937988,IDLE,0.0
1779451807.3865883,0.0,0.0,1.0,0.0,0.0,0.0,100.0,DISARMED,1,0.0,0.0,0.0,0.0,0.0,0.0,100.0,UNKNOWN,1,0.0,0.0,0.0,0.0,0.0,0.0,100.0,UNKNOWN,1,0.0,0.0,0.0,0.0,0.0,0.0,100.0,UNKNOWN,1,0.0,0.0,0.0,0.0,0.0,0.0,100.0,UNKNOWN,1,9.685040473937988,IDLE,0.0
1779451807.5127344,0.0,0.0,1.0,0.0,0.0,0.0,100.0,DISARMED,1,0.0,0.0,0.0,0.0,0.0,0.0,100.0,UNKNOWN,1,0.0,0.0,0.0,0.0,0.0,0.0,100.0,UNKNOWN,1,0.0,0.0,0.0,0.0,0.0,0.0,100.0,UNKNOWN,1,0.0,0.0,0.0,0.0,0.0,0.0,100.0,UNKNOWN,1,9.685040473937988,IDLE,0.0
1779451807.5869112,0.0,0.0,1.0,0.0,0.0,0.0,100.0,DISARMED,1,0.0,0.0,0.0,0.0,0.0,0.0,100.0,UNKNOWN,1,0.0,0.0,0.0,0.0,0.0,0.0,100.0,UNKNOWN,1,0.0,0.0,0.0,0.0,0.0,0.0,100.0,UNKNOWN,1,0.0,0.0,0.0,0.0,0.0,0.0,100.0,UNKNOWN,1,9.685040473937988,IDLE,0.0
1779451807.7394376,0.0,0.0,1.0,0.0,0.0,0.0,100.0,DISARMED,1,0.0,0.0,0.0,0.0,0.0,0.0,100.0,UNKNOWN,1,0.0,0.0,0.0,0.0,0.0,0.0,100.0,UNKNOWN,1,0.0,0.0,0.0,0.0,0.0,0.0,100.0,UNKNOWN,1,0.0,0.0,0.0,0.0,0.0,0.0,100.0,UNKNOWN,1,9.685040473937988,IDLE,0.0
1779451808.1889253,0.0,0.0,1.0,0.0,0.0,0.0,100.0,DISARMED,1,0.0,0.0,0.0,0.0,0.0,0.0,100.0,UNKNOWN,1,0.0,0.0,0.0,0.0,0.0,0.0,100.0,UNKNOWN,1,0.0,0.0,0.0,0.0,0.0,0.0,100.0,UNKNOWN,1,0.0,0.0,0.0,0.0,0.0,0.0,100.0,UNKNOWN,1,9.685040473937988,IDLE,0.0
1779451808.5715518,0.0,0.0,1.0,0.0,0.0,0.0,100.0,DISARMED,1,0.0,0.0,0.0,0.0,0.0,0.0,100.0,UNKNOWN,1,0.0,0.0,0.0,0.0,0.0,0.0,100.0,UNKNOWN,1,0.0,0.0,0.0,0.0,0.0,0.0,100.0,UNKNOWN,1,0.0,0.0,0.0,0.0,0.0,0.0,100.0,UNKNOWN,1,9.685040473937988,IDLE,0.0
1779451808.6532373,0.0,0.0,1.0,0.0,0.0,0.0,100.0,DISARMED,1,0.0,0.0,0.0,0.0,0.0,0.0,100.0,UNKNOWN,1,0.0,0.0,0.0,0.0,0.0,0.0,100.0,UNKNOWN,1,0.0,0.0,0.0,0.0,0.0,0.0,100.0,UNKNOWN,1,0.0,0.0,0.0,0.0,0.0,0.0,100.0,UNKNOWN,1,9.685040473937988,IDLE,0.0
1779451809.0111182,0.0,0.0,1.0,0.0,0.0,0.0,100.0,DISARMED,1,0.0,0.0,0.0,0.0,0.0,0.0,100.0,UNKNOWN,1,0.0,0.0,0.0,0.0,0.0,0.0,100.0,UNKNOWN,1,0.0,0.0,0.0,0.0,0.0,0.0,100.0,UNKNOWN,1,0.0,0.0,0.0,0.0,0.0,0.0,100.0,UNKNOWN,1,9.685040473937988,IDLE,0.0
1779451809.6049967,0.0,0.0,1.0,0.0,0.0,0.0,100.0,DISARMED,1,0.0,0.0,0.0,0.0,0.0,0.0,100.0,UNKNOWN,1,0.0,0.0,0.0,0.0,0.0,0.0,100.0,UNKNOWN,1,0.0,0.0,0.0,0.0,0.0,0.0,100.0,UNKNOWN,1,0.0,0.0,0.0,0.0,0.0,0.0,100.0,UNKNOWN,1,9.685040473937988,IDLE,0.0
1779451810.116242,0.0,0.0,1.0,0.0,0.0,0.0,100.0,DISARMED,1,0.0,0.0,0.0,0.0,0.0,0.0,100.0,UNKNOWN,1,0.0,0.0,0.0,0.0,0.0,0.0,100.0,UNKNOWN,1,0.0,0.0,0.0,0.0,0.0,0.0,100.0,UNKNOWN,1,0.0,0.0,0.0,0.0,0.0,0.0,100.0,UNKNOWN,1,9.685040473937988,IDLE,0.0
1779451810.2852964,0.0,0.0,1.0,0.0,0.0,0.0,100.0,DISARMED,1,0.0,0.0,0.0,0.0,0.0,0.0,100.0,UNKNOWN,1,0.0,0.0,0.0,0.0,0.0,0.0,100.0,UNKNOWN,1,0.0,0.0,0.0,0.0,0.0,0.0,100.0,UNKNOWN,1,0.0,0.0,0.0,0.0,0.0,0.0,100.0,UNKNOWN,1,9.685040473937988,IDLE,0.0
1779451810.4563882,0.0,0.0,1.0,0.0,0.0,0.0,100.0,DISARMED,1,0.0,0.0,0.0,0.0,0.0,0.0,100.0,UNKNOWN,1,0.0,0.0,0.0,0.0,0.0,0.0,100.0,UNKNOWN,1,0.0,0.0,0.0,0.0,0.0,0.0,100.0,UNKNOWN,1,0.0,0.0,0.0,0.0,0.0,0.0,100.0,UNKNOWN,1,9.685040473937988,IDLE,0.0
1779451810.4854336,0.0,0.0,1.0,0.0,0.0,0.0,100.0,DISARMED,1,0.0,0.0,0.0,0.0,0.0,0.0,100.0,UNKNOWN,1,0.0,0.0,0.0,0.0,0.0,0.0,100.0,UNKNOWN,1,0.0,0.0,0.0,0.0,0.0,0.0,100.0,UNKNOWN,1,0.0,0.0,0.0,0.0,0.0,0.0,100.0,UNKNOWN,1,9.685040473937988,IDLE,0.0
1779451810.5877807,0.0,0.0,1.0,0.0,0.0,0.0,100.0,DISARMED,1,0.0,0.0,0.0,0.0,0.0,0.0,100.0,UNKNOWN,1,0.0,0.0,0.0,0.0,0.0,0.0,100.0,UNKNOWN,1,0.0,0.0,0.0,0.0,0.0,0.0,100.0,UNKNOWN,1,0.0,0.0,0.0,0.0,0.0,0.0,100.0,UNKNOWN,1,9.685040473937988,IDLE,0.0
1779451810.7373793,0.0,0.0,1.0,0.0,0.0,0.0,100.0,DISARMED,1,0.0,0.0,0.0,0.0,0.0,0.0,100.0,UNKNOWN,1,0.0,0.0,0.0,0.0,0.0,0.0,100.0,UNKNOWN,1,0.0,0.0,0.0,0.0,0.0,0.0,100.0,UNKNOWN,1,0.0,0.0,0.0,0.0,0.0,0.0,100.0,UNKNOWN,1,9.685040473937988,IDLE,0.0
1779451811.1747727,0.0,0.0,1.0,0.0,0.0,0.0,100.0,DISARMED,1,0.0,0.0,0.0,0.0,0.0,0.0,100.0,UNKNOWN,1,0.0,0.0,0.0,0.0,0.0,0.0,100.0,UNKNOWN,1,0.0,0.0,0.0,0.0,0.0,0.0,100.0,UNKNOWN,1,0.0,0.0,0.0,0.0,0.0,0.0,100.0,UNKNOWN,1,9.685040473937988,IDLE,0.0
1779451811.238511,0.0,0.0,1.0,0.0,0.0,0.0,100.0,DISARMED,1,0.0,0.0,0.0,0.0,0.0,0.0,100.0,UNKNOWN,1,0.0,0.0,0.0,0.0,0.0,0.0,100.0,UNKNOWN,1,0.0,0.0,0.0,0.0,0.0,0.0,100.0,UNKNOWN,1,0.0,0.0,0.0,0.0,0.0,0.0,100.0,UNKNOWN,1,9.685040473937988,IDLE,0.0
1779451811.3113227,0.0,0.0,1.0,0.0,0.0,0.0,100.0,DISARMED,1,0.0,0.0,0.0,0.0,0.0,0.0,100.0,UNKNOWN,1,0.0,0.0,0.0,0.0,0.0,0.0,100.0,UNKNOWN,1,0.0,0.0,0.0,0.0,0.0,0.0,100.0,UNKNOWN,1,0.0,0.0,0.0,0.0,0.0,0.0,100.0,UNKNOWN,1,9.685040473937988,IDLE,0.0
1779451811.587656,0.0,0.0,1.0,0.0,0.0,0.0,100.0,DISARMED,1,0.0,0.0,0.0,0.0,0.0,0.0,100.0,UNKNOWN,1,0.0,0.0,0.0,0.0,0.0,0.0,100.0,UNKNOWN,1,0.0,0.0,0.0,0.0,0.0,0.0,100.0,UNKNOWN,1,0.0,0.0,0.0,0.0,0.0,0.0,100.0,UNKNOWN,1,9.685040473937988,IDLE,0.0
1779451811.7213085,0.0,0.0,1.0,0.0,0.0,0.0,100.0,DISARMED,1,0.0,0.0,0.0,0.0,0.0,0.0,100.0,UNKNOWN,1,0.0,0.0,0.0,0.0,0.0,0.0,100.0,UNKNOWN,1,0.0,0.0,0.0,0.0,0.0,0.0,100.0,UNKNOWN,1,0.0,0.0,0.0,0.0,0.0,0.0,100.0,UNKNOWN,1,9.685040473937988,IDLE,0.0
1779451812.353029,0.0,0.0,1.0,0.0,0.0,0.0,100.0,DISARMED,1,0.0,0.0,0.0,0.0,0.0,0.0,100.0,UNKNOWN,1,0.0,0.0,0.0,0.0,0.0,0.0,100.0,UNKNOWN,1,0.0,0.0,0.0,0.0,0.0,0.0,100.0,UNKNOWN,1,0.0,0.0,0.0,0.0,0.0,0.0,100.0,UNKNOWN,1,9.685040473937988,IDLE,0.0
1779451812.472699,0.0,0.0,1.0,0.0,0.0,0.0,100.0,DISARMED,1,0.0,0.0,0.0,0.0,0.0,0.0,100.0,UNKNOWN,1,0.0,0.0,0.0,0.0,0.0,0.0,100.0,UNKNOWN,1,0.0,0.0,0.0,0.0,0.0,0.0,100.0,UNKNOWN,1,0.0,0.0,0.0,0.0,0.0,0.0,100.0,UNKNOWN,1,9.685040473937988,IDLE,0.0
1779451812.5643327,0.0,0.0,1.0,0.0,0.0,0.0,100.0,DISARMED,1,0.0,0.0,0.0,0.0,0.0,0.0,100.0,UNKNOWN,1,0.0,0.0,0.0,0.0,0.0,0.0,100.0,UNKNOWN,1,0.0,0.0,0.0,0.0,0.0,0.0,100.0,UNKNOWN,1,0.0,0.0,0.0,0.0,0.0,0.0,100.0,UNKNOWN,1,9.685040473937988,IDLE,0.0
1779451812.59246,0.0,0.0,1.0,0.0,0.0,0.0,100.0,DISARMED,1,0.0,0.0,0.0,0.0,0.0,0.0,100.0,UNKNOWN,1,0.0,0.0,0.0,0.0,0.0,0.0,100.0,UNKNOWN,1,0.0,0.0,0.0,0.0,0.0,0.0,100.0,UNKNOWN,1,0.0,0.0,0.0,0.0,0.0,0.0,100.0,UNKNOWN,1,9.685040473937988,IDLE,0.0
1779451812.7142663,0.0,0.0,1.0,0.0,0.0,0.0,100.0,DISARMED,1,0.0,0.0,0.0,0.0,0.0,0.0,100.0,UNKNOWN,1,0.0,0.0,0.0,0.0,0.0,0.0,100.0,UNKNOWN,1,0.0,0.0,0.0,0.0,0.0,0.0,100.0,UNKNOWN,1,0.0,0.0,0.0,0.0,0.0,0.0,100.0,UNKNOWN,1,9.685040473937988,IDLE,0.0
1779451813.0592074,0.0,0.0,1.0,0.0,0.0,0.0,100.0,DISARMED,1,0.0,0.0,0.0,0.0,0.0,0.0,100.0,UNKNOWN,1,0.0,0.0,0.0,0.0,0.0,0.0,100.0,UNKNOWN,1,0.0,0.0,0.0,0.0,0.0,0.0,100.0,UNKNOWN,1,0.0,0.0,0.0,0.0,0.0,0.0,100.0,UNKNOWN,1,9.685040473937988,IDLE,0.0
1779451813.195326,0.0,0.0,1.0,0.0,0.0,0.0,100.0,DISARMED,1,0.0,0.0,0.0,0.0,0.0,0.0,100.0,UNKNOWN,1,0.0,0.0,0.0,0.0,0.0,0.0,100.0,UNKNOWN,1,0.0,0.0,0.0,0.0,0.0,0.0,100.0,UNKNOWN,1,0.0,0.0,0.0,0.0,0.0,0.0,100.0,UNKNOWN,1,9.685040473937988,IDLE,0.0
1779451813.2968159,0.0,0.0,1.0,0.0,0.0,0.0,100.0,DISARMED,1,0.0,0.0,0.0,0.0,0.0,0.0,100.0,UNKNOWN,1,0.0,0.0,0.0,0.0,0.0,0.0,100.0,UNKNOWN,1,0.0,0.0,0.0,0.0,0.0,0.0,100.0,UNKNOWN,1,0.0,0.0,0.0,0.0,0.0,0.0,100.0,UNKNOWN,1,9.685040473937988,IDLE,0.0
1779451813.4074244,0.0,0.0,1.0,0.0,0.0,0.0,100.0,DISARMED,1,0.0,0.0,0.0,0.0,0.0,0.0,100.0,UNKNOWN,1,0.0,0.0,0.0,0.0,0.0,0.0,100.0,UNKNOWN,1,0.0,0.0,0.0,0.0,0.0,0.0,100.0,UNKNOWN,1,0.0,0.0,0.0,0.0,0.0,0.0,100.0,UNKNOWN,1,9.685040473937988,IDLE,0.0
1779451813.5568888,0.0,0.0,1.0,0.0,0.0,0.0,100.0,DISARMED,1,0.0,0.0,0.0,0.0,0.0,0.0,100.0,UNKNOWN,1,0.0,0.0,0.0,0.0,0.0,0.0,100.0,UNKNOWN,1,0.0,0.0,0.0,0.0,0.0,0.0,100.0,UNKNOWN,1,0.0,0.0,0.0,0.0,0.0,0.0,100.0,UNKNOWN,1,9.685040473937988,IDLE,0.0
1779451813.6002543,0.0,0.0,1.0,0.0,0.0,0.0,100.0,DISARMED,1,0.0,0.0,0.0,0.0,0.0,0.0,100.0,UNKNOWN,1,0.0,0.0,0.0,0.0,0.0,0.0,100.0,UNKNOWN,1,0.0,0.0,0.0,0.0,0.0,0.0,100.0,UNKNOWN,1,0.0,0.0,0.0,0.0,0.0,0.0,100.0,UNKNOWN,1,9.685040473937988,IDLE,0.0
